{
	"model": "NK_CGG99AL",
	"rule": "LWW",
	"data": {
		"AC": {
			"x": [1,0.8534847982,0.5518349496,0.2142271994,-0.05572281591,-0.2126837571,-0.2585949822,-0.2213416164,-0.1412798365,-0.05289349789,0.01513142099,0.05276176274,0.05997043075,0.04435710451,0.01820247987,-0.01028542748,-0.0334793682,-0.04701572561,-0.05324573909,-0.04984325953,-0.03971089826],
			"i": [1,0.6118921881,0.2028293259,-0.09347320467,-0.278560882,-0.3202614843,-0.2672359719,-0.1641383796,-0.05723714623,0.03510978027,0.08244766829,0.09676429861,0.08467176754,0.0539874108,0.02857347326,-0.002416223645,-0.02107565636,-0.02399036464,-0.03239866437,-0.0246058887,-0.01943816555],
			"pi": [1,0.5278006012,0.1170499771,-0.1714809892,-0.3165360159,-0.3291931403,-0.2563225202,-0.1440423483,-0.03818865638,0.04705695823,0.0812171184,0.08714575615,0.06676450053,0.03240692059,0.01151949285,-0.0137317782,-0.02245448956,-0.02184303147,-0.03316902884,-0.02181482287,-0.02106061063],
			"interest": [1,0.6118921881,0.2028293259,-0.09347320467,-0.278560882,-0.3202614843,-0.2672359719,-0.1641383796,-0.05723714623,0.03510978027,0.08244766829,0.09676429861,0.08467176754,0.0539874108,0.02857347326,-0.002416223645,-0.02107565636,-0.02399036464,-0.03239866437,-0.0246058887,-0.01943816555],
			"inflation": [1,0.8173975542,0.4207243278,-0.02533320014,-0.369481816,-0.4923600785,-0.4454268208,-0.3026599637,-0.1344449466,0.007943974766,0.09565146051,0.1265237026,0.1122179339,0.07278360157,0.02933116288,-0.009339194951,-0.03426939337,-0.04628390906,-0.04980173185,-0.04233083971,-0.03009643723],
			"inflationq": [1,0.5278006012,0.1170499771,-0.1714809892,-0.3165360159,-0.3291931403,-0.2563225202,-0.1440423483,-0.03818865638,0.04705695823,0.0812171184,0.08714575615,0.06676450053,0.03240692059,0.01151949285,-0.0137317782,-0.02245448956,-0.02184303147,-0.03316902884,-0.02181482287,-0.02106061063],
			"outputgap": [1,0.8534847982,0.5518349496,0.2142271994,-0.05572281591,-0.2126837571,-0.2585949822,-0.2213416164,-0.1412798365,-0.05289349789,0.01513142099,0.05276176274,0.05997043075,0.04435710451,0.01820247987,-0.01028542748,-0.0334793682,-0.04701572561,-0.05324573909,-0.04984325953,-0.03971089826],
			"output": [1,0.8534847982,0.5518349496,0.2142271994,-0.05572281591,-0.2126837571,-0.2585949822,-0.2213416164,-0.1412798365,-0.05289349789,0.01513142099,0.05276176274,0.05997043075,0.04435710451,0.01820247987,-0.01028542748,-0.0334793682,-0.04701572561,-0.05324573909,-0.04984325953,-0.03971089826],
			"inflationql": [1,0.5282931086,0.1193150179,-0.1698283622,-0.3154898826,-0.3289081177,-0.2564004801,-0.144603342,-0.03851621301,0.0466311145,0.08056065459,0.08641413358,0.06560896378,0.03156329577,0.01077747475,-0.01490809384,-0.02299044043,-0.02120023037,-0.03185327086,-0.02006420218,-0.01937273892],
			"inflationql2": [1,0.5275402339,0.118601563,-0.1700458929,-0.3152945982,-0.3285240271,-0.2565024731,-0.1447295224,-0.03785530687,0.04719661699,0.0806959833,0.08499727852,0.06500694724,0.03084647055,0.01072952389,-0.01520399237,-0.02313663627,-0.02115066125,-0.03062169754,-0.0190893415,-0.0184979065]
		},
		"VAR": {
			"x": 9.29193652,
			"i": 0.1230022416,
			"pi": 0.4950865333,
			"interest": 1.968035865,
			"inflation": 3.61923178,
			"inflationq": 7.921384533,
			"outputgap": 9.29193652,
			"output": 9.29193652,
			"inflationql": 7.883767879,
			"inflationql2": 7.854029208
		},
		"IRF": {
			"interest_": {
				"x": [0,-0.9501144354,-0.87066582,-0.5619231801,-0.2137858346,0.06551833022,0.2272773447,0.2714547859,0.2288949037,0.1420624042,0.04970890422,-0.02195055651,-0.06158861992,-0.07036375668,-0.05711062312,-0.03325291449,-0.008873022487,0.009448174877,0.0190936357,0.02066606092,0.01666790094],
				"i": [0,-0.04189799976,-0.08684690969,-0.06565579814,-0.03357844456,-0.004389770307,0.01515337164,0.02339122412,0.02224238031,0.01539643124,0.006705772679,-0.0008836331285,-0.00577776917,-0.007664731996,-0.007133854293,-0.005195914152,-0.002865955452,-0.0008955373626,0.000329288787,0.0007573244533,0.0005648110878],
				"pi": [0,-0.08313614224,-0.1170614196,-0.1083887368,-0.07458857699,-0.03357346715,0.001298534843,0.02309914544,0.03082828865,0.02753721723,0.01806626326,0.007129757234,-0.001874897838,-0.007282993738,-0.008973822712,-0.007845143754,-0.005210193712,-0.002303336674,1.520253797e-05,0.001349927089,0.001706083943],
				"interest": [0,-0.167591999,-0.3473876387,-0.2626231926,-0.1343137783,-0.01755908123,0.06061348655,0.09356489646,0.08896952123,0.06158572496,0.02682309072,-0.003534532514,-0.02311107668,-0.03065892798,-0.02853541717,-0.02078365661,-0.01146382181,-0.00358214945,0.001317155148,0.003029297813,0.002259244351],
				"inflation": [0,-0.08313614224,-0.2001975618,-0.3085862985,-0.3831748755,-0.3336122004,-0.2152522461,-0.08376436386,0.02165250179,0.08276318617,0.09953091459,0.08356152638,0.05085833989,0.01603812892,-0.01100195705,-0.02597685804,-0.02931215392,-0.02433249685,-0.0153434716,-0.006148400759,0.0007678768969],
				"inflationq": [0,-0.332544569,-0.4682456782,-0.433554947,-0.298354308,-0.1342938686,0.005194139373,0.09239658177,0.1233131546,0.1101488689,0.07226505304,0.02851902894,-0.007499591352,-0.02913197495,-0.03589529085,-0.03138057502,-0.02084077485,-0.009213346695,6.08101519e-05,0.005399708357,0.006824335774],
				"outputgap": [0,-0.9501144354,-0.87066582,-0.5619231801,-0.2137858346,0.06551833022,0.2272773447,0.2714547859,0.2288949037,0.1420624042,0.04970890422,-0.02195055651,-0.06158861992,-0.07036375668,-0.05711062312,-0.03325291449,-0.008873022487,0.009448174877,0.0190936357,0.02066606092,0.01666790094],
				"output": [0,-0.9501144354,-0.87066582,-0.5619231801,-0.2137858346,0.06551833022,0.2272773447,0.2714547859,0.2288949037,0.1420624042,0.04970890422,-0.02195055651,-0.06158861992,-0.07036375668,-0.05711062312,-0.03325291449,-0.008873022487,0.009448174877,0.0190936357,0.02066606092,0.01666790094],
				"inflationql": [0,0,-0.332544569,-0.4682456782,-0.433554947,-0.298354308,-0.1342938686,0.005194139373,0.09239658177,0.1233131546,0.1101488689,0.07226505304,0.02851902894,-0.007499591352,-0.02913197495,-0.03589529085,-0.03138057502,-0.02084077485,-0.009213346695,6.08101519e-05,0.005399708357],
				"inflationql2": [0,0,0,-0.332544569,-0.4682456782,-0.433554947,-0.298354308,-0.1342938686,0.005194139373,0.09239658177,0.1233131546,0.1101488689,0.07226505304,0.02851902894,-0.007499591352,-0.02913197495,-0.03589529085,-0.03138057502,-0.02084077485,-0.009213346695,6.08101519e-05]
			}
		}
	}
}
