{
	"model": "NK_CGG99AL",
	"rule": "Taylor",
	"data": {
		"AC": {
			"x": [1,0.8135898198,0.4351881965,0.09744355233,-0.06021506943,-0.07430459475,-0.04010020346,-0.01228134324,-0.0034207437,-0.005782439894,-0.01203184172,-0.01768719541,-0.02233026014,-0.0242758717,-0.02295090379,-0.02021085443,-0.02000569001,-0.0248341679,-0.0334874096,-0.03769373497,-0.0327508451],
			"i": [1,0.3878199486,0.1097620234,0.07536967304,-0.1644270362,-0.09640307277,0.000955395697,0.06230816893,0.0537441291,0.0412723666,0.008993361841,0.001722201593,0.009628515649,0.003529398334,0.02839990064,0.01761034445,0.02487639744,0.03129777073,-0.002864610605,0.005835420559,-0.00380428899],
			"pi": [1,0.3730368553,0.0006911275313,-0.1185065412,-0.07953324465,-0.01559063321,0.01020681992,0.0132681784,-0.002918264842,-0.0001331445166,-0.01174724193,-0.00793016132,-0.008741107552,-0.01540688604,-0.002566148701,-0.008003688665,-0.0008224618882,0.002686753002,-0.02200913803,-0.01362002497,-0.02123117979],
			"interest": [1,0.3878199486,0.1097620234,0.07536967304,-0.1644270362,-0.09640307277,0.000955395697,0.06230816893,0.0537441291,0.0412723666,0.008993361841,0.001722201593,0.009628515649,0.003529398334,0.02839990064,0.01761034445,0.02487639744,0.03129777073,-0.002864610605,0.005835420559,-0.00380428899],
			"inflation": [1,0.8170901062,0.4872039527,0.1606632024,-0.06020132596,-0.08590228414,-0.04346776057,-0.006705014792,0.003613512454,-0.001049917189,-0.01247137427,-0.02005656299,-0.02480910686,-0.0263494524,-0.02109701802,-0.01937958653,-0.01777826403,-0.02064080982,-0.02975520408,-0.03155729313,-0.0291966272],
			"inflationq": [1,0.3730368553,0.0006911275313,-0.1185065412,-0.07953324465,-0.01559063321,0.01020681992,0.0132681784,-0.002918264842,-0.0001331445166,-0.01174724193,-0.00793016132,-0.008741107552,-0.01540688604,-0.002566148701,-0.008003688665,-0.0008224618882,0.002686753002,-0.02200913803,-0.01362002497,-0.02123117979],
			"outputgap": [1,0.8135898198,0.4351881965,0.09744355233,-0.06021506943,-0.07430459475,-0.04010020346,-0.01228134324,-0.0034207437,-0.005782439894,-0.01203184172,-0.01768719541,-0.02233026014,-0.0242758717,-0.02295090379,-0.02021085443,-0.02000569001,-0.0248341679,-0.0334874096,-0.03769373497,-0.0327508451],
			"output": [1,0.8135898198,0.4351881965,0.09744355233,-0.06021506943,-0.07430459475,-0.04010020346,-0.01228134324,-0.0034207437,-0.005782439894,-0.01203184172,-0.01768719541,-0.02233026014,-0.0242758717,-0.02295090379,-0.02021085443,-0.02000569001,-0.0248341679,-0.0334874096,-0.03769373497,-0.0327508451],
			"inflationql": [1,0.3731282417,0.001996599476,-0.1169130365,-0.0789219113,-0.01475951741,0.0104445116,0.01223556093,-0.002015687281,0.001094289848,-0.0104429919,-0.007226644893,-0.007892967281,-0.01694238132,-0.004793067287,-0.01004133872,-0.002758086815,0.003193535359,-0.02112081651,-0.01246317668,-0.01986936044],
			"inflationql2": [1,0.3726187331,0.001711697407,-0.1170016987,-0.07826466335,-0.01453495112,0.01055425836,0.01312322222,-0.00046248024,0.001888656355,-0.01040737615,-0.008227244255,-0.009311310362,-0.01844734326,-0.00525610448,-0.01073252512,-0.002728504005,0.003546134232,-0.02049884446,-0.01220865125,-0.01964015166]
		},
		"VAR": {
			"x": 10.85433471,
			"i": 0.02992052427,
			"pi": 0.2917265954,
			"interest": 0.4787283884,
			"inflation": 1.747400769,
			"inflationq": 4.667625527,
			"outputgap": 10.85433471,
			"output": 10.85433471,
			"inflationql": 4.638081774,
			"inflationql2": 4.624318672
		},
		"IRF": {
			"interest_": {
				"x": [0,-0.9638558815,-0.1524945803,0.1110724714,0.1587179457,0.08649455418,0.01245535417,-0.0217819871,-0.0227440801,-0.01111567231,-0.001306776663,0.002460674988,0.001977040245,0.0002271754629,-0.001011595133,-0.001376224751,-0.001215626333,-0.0009449336439,-0.0007751339614,-0.0007272944028,-0.0007420888718],
				"i": [0,0.1158439488,-0.04230758979,-0.01250748172,-0.005729906181,0.0006060772932,0.001884229225,0.0008047850916,-0.0005558810772,-0.001266370528,-0.001349563454,-0.001158118157,-0.000970800991,-0.0008863532718,-0.0008840289747,-0.0009111877388,-0.0009325617196,-0.0009385594476,-0.000934163964,-0.0009269006594,-0.0009210804098],
				"pi": [0,-0.03646417606,-0.02552453661,-0.008388729039,0.002191710003,0.004506243702,0.002563601876,0.0001452003637,-0.001116035446,-0.001264530766,-0.0009278778075,-0.0006000960612,-0.0004553114231,-0.0004560485872,-0.0005087561501,-0.000550976226,-0.0005658415113,-0.0005622734248,-0.0005536347549,-0.0005475539331,-0.000545389356],
				"interest": [0,0.4633757952,-0.1692303592,-0.05002992686,-0.02291962472,0.002424309173,0.007536916899,0.003219140366,-0.002223524309,-0.005065482113,-0.005398253815,-0.004632472627,-0.003883203964,-0.003545413087,-0.003536115899,-0.003644750955,-0.003730246878,-0.00375423779,-0.003736655856,-0.003707602638,-0.003684321639],
				"inflation": [0,-0.03646417606,-0.06198871267,-0.07037744171,-0.06818573171,-0.02721531195,0.0008728265418,0.009406755944,0.006099010495,0.0003282360278,-0.003163243655,-0.00390854008,-0.003247816058,-0.002439333879,-0.002020212222,-0.001971092386,-0.002081622475,-0.002187847312,-0.002232725917,-0.002229303624,-0.002208851469],
				"inflationq": [0,-0.1458567042,-0.1020981464,-0.03355491615,0.008766840012,0.01802497481,0.0102544075,0.0005808014549,-0.004464141783,-0.005058123064,-0.00371151123,-0.002400384245,-0.001821245692,-0.001824194349,-0.0020350246,-0.002203904904,-0.002263366045,-0.002249093699,-0.002214539019,-0.002190215732,-0.002181557424],
				"outputgap": [0,-0.9638558815,-0.1524945803,0.1110724714,0.1587179457,0.08649455418,0.01245535417,-0.0217819871,-0.0227440801,-0.01111567231,-0.001306776663,0.002460674988,0.001977040245,0.0002271754629,-0.001011595133,-0.001376224751,-0.001215626333,-0.0009449336439,-0.0007751339614,-0.0007272944028,-0.0007420888718],
				"output": [0,-0.9638558815,-0.1524945803,0.1110724714,0.1587179457,0.08649455418,0.01245535417,-0.0217819871,-0.0227440801,-0.01111567231,-0.001306776663,0.002460674988,0.001977040245,0.0002271754629,-0.001011595133,-0.001376224751,-0.001215626333,-0.0009449336439,-0.0007751339614,-0.0007272944028,-0.0007420888718],
				"inflationql": [0,0,-0.1458567042,-0.1020981464,-0.03355491615,0.008766840012,0.01802497481,0.0102544075,0.0005808014549,-0.004464141783,-0.005058123064,-0.00371151123,-0.002400384245,-0.001821245692,-0.001824194349,-0.0020350246,-0.002203904904,-0.002263366045,-0.002249093699,-0.002214539019,-0.002190215732],
				"inflationql2": [0,0,0,-0.1458567042,-0.1020981464,-0.03355491615,0.008766840012,0.01802497481,0.0102544075,0.0005808014549,-0.004464141783,-0.005058123064,-0.00371151123,-0.002400384245,-0.001821245692,-0.001824194349,-0.0020350246,-0.002203904904,-0.002263366045,-0.002249093699,-0.002214539019]
			}
		}
	}
}
