{
	"model": "NK_CGG99",
	"rule": "Coenen",
	"data": {
		"AC": {
			"x": [1,0.6465961498,0.1543654444,-0.1093354609,-0.130243453,-0.05137945585,0.01223275374,0.02844709782,0.01623707831,0.001208559777,-0.005185378576,-0.004222552226,-0.001131061976,0.0007579366099,0.0009753727651,0.0004263702706,-5.472905525e-05,-0.0001994465181,-0.0001246990441,-1.611155189e-05,3.495356181e-05],
			"i": [1,0.3700597266,-0.1819019808,-0.297935273,-0.1582537819,-0.006988331049,0.05299202555,0.04078428326,0.009708506018,-0.0082505959,-0.009658199531,-0.00394835388,0.0007391732987,0.002015423526,0.001190178904,0.0001118300041,-0.0003641750716,-0.0003069827232,-8.714579123e-05,5.148028422e-05,7.009894659e-05],
			"pi": [1,-0.0233990406,-0.3420364751,-0.2229223987,-0.02816598289,0.06507747688,0.05866494908,0.01860579133,-0.008325361597,-0.01299356004,-0.006330920878,0.0002594863508,0.002560305397,0.001767161701,0.0003281382257,-0.0004226144055,-0.0004304683439,-0.0001551505733,4.820672343e-05,9.317531309e-05,4.978227652e-05],
			"interest": [1,0.3700597266,-0.1819019808,-0.297935273,-0.1582537819,-0.006988331049,0.05299202555,0.04078428326,0.009708506018,-0.0082505959,-0.009658199531,-0.00394835388,0.0007391732987,0.002015423526,0.001190178904,0.0001118300041,-0.0003641750716,-0.0003069827232,-8.714579123e-05,5.148028422e-05,7.009894659e-05],
			"inflation": [1,0.4973805172,-0.05952427222,-0.4205459592,-0.5659593643,-0.1990541884,0.08643412773,0.1442660761,0.07505824054,0.001472770873,-0.02673184463,-0.01990791029,-0.004448820397,0.004226764125,0.004746838675,0.001874784009,-0.0004116812671,-0.001001334454,-0.000574754406,-4.352224384e-05,0.0001834883989],
			"inflationq": [1,-0.0233990406,-0.3420364751,-0.2229223987,-0.02816598289,0.06507747688,0.05866494908,0.01860579133,-0.008325361597,-0.01299356004,-0.006330920878,0.0002594863508,0.002560305397,0.001767161701,0.0003281382257,-0.0004226144055,-0.0004304683439,-0.0001551505733,4.820672343e-05,9.317531309e-05,4.978227652e-05],
			"outputgap": [1,0.6465961498,0.1543654444,-0.1093354609,-0.130243453,-0.05137945585,0.01223275374,0.02844709782,0.01623707831,0.001208559777,-0.005185378576,-0.004222552226,-0.001131061976,0.0007579366099,0.0009753727651,0.0004263702706,-5.472905525e-05,-0.0001994465181,-0.0001246990441,-1.611155189e-05,3.495356181e-05],
			"AUX_ENDO_LEAD_71": [1,0.6436470284,0.05576513748,-0.2138366182,-0.1812688666,-0.05356435199,0.0282846544,0.04043848466,0.0187777838,-0.001493890766,-0.008125875537,-0.005359197226,-0.0008604231532,0.001379510037,0.001326207654,0.0004489591266,-0.0001696633995,-0.0002915854708,-0.0001487517298,8.69921831e-07,5.631914121e-05],
			"AUX_ENDO_LEAD_75": [1,0.3411849896,-0.1450989398,-0.2400552248,-0.122784319,-0.0003411756288,0.04542751973,0.0330959837,0.007051106513,-0.00726919305,-0.00793572329,-0.003057202612,0.0007447093443,0.001686416598,0.0009488008992,5.935104803e-05,-0.0003119920019,-0.0002493407803,-6.471645022e-05,4.623052699e-05,5.788111527e-05],
			"AUX_ENDO_LEAD_79": [1,0.07114335183,-0.3324801489,-0.272144085,-0.07486503189,0.04695194681,0.06205560202,0.02754500416,-0.003197520718,-0.0126457958,-0.008010964356,-0.001098473057,0.002199023375,0.00201193594,0.000641368386,-0.0002862982737,-0.0004485197264,-0.0002193309889,8.240117491e-06,8.810623221e-05,6.105351945e-05],
			"AUX_ENDO_LEAD_106": [1,0.3699826338,-0.07504607058,-0.1826234704,-0.1011627182,-0.003983720237,0.03542436396,0.02743810182,0.006768452798,-0.00532485564,-0.006403263213,-0.002665558107,0.0004575093903,0.001331215047,0.0007979113652,8.254011157e-05,-0.0002386038333,-0.0002045903396,-5.961039697e-05,3.319586106e-05,4.648115881e-05],
			"AUX_ENDO_LEAD_110": [1,0.06857707492,-0.3051415723,-0.2410386369,-0.05886326439,0.04821608534,0.05742736119,0.02385753461,-0.004094912368,-0.01189957831,-0.007125114507,-0.0007306112156,0.00213601318,0.001828643733,0.0005316273201,-0.0002975339894,-0.0004156042669,-0.0001911591396,1.64276871e-05,8.352073598e-05,5.465055682e-05],
			"AUX_ENDO_LEAD_114": [1,0.5623579699,0.02639461546,-0.1943332362,-0.1524100076,-0.03857157359,0.02884631615,0.03539286169,0.01494994484,-0.002372115085,-0.007325395973,-0.004445314316,-0.000493972966,0.001304449886,0.001134486784,0.0003375283173,-0.0001789966455,-0.0002566605004,-0.0001198320278,8.848647425e-06,5.130130593e-05],
			"AUX_ENDO_LAG_2_1": [1,-0.0233990406,-0.3420364751,-0.2229223987,-0.02816598289,0.06507747688,0.05866494908,0.01860579133,-0.008325361597,-0.01299356004,-0.006330920878,0.0002594863508,0.002560305397,0.001767161701,0.0003281382257,-0.0004226144055,-0.0004304683439,-0.0001551505733,4.820672343e-05,9.317531309e-05,4.978227652e-05],
			"AUX_ENDO_LAG_2_2": [1,-0.0233990406,-0.3420364751,-0.2229223987,-0.02816598289,0.06507747688,0.05866494908,0.01860579133,-0.008325361597,-0.01299356004,-0.006330920878,0.0002594863508,0.002560305397,0.001767161701,0.0003281382257,-0.0004226144055,-0.0004304683439,-0.0001551505733,4.820672343e-05,9.317531309e-05,4.978227652e-05],
			"AUX_ENDO_LAG_6_1": [1,0.6465961498,0.1543654444,-0.1093354609,-0.130243453,-0.05137945585,0.01223275374,0.02844709782,0.01623707831,0.001208559777,-0.005185378576,-0.004222552226,-0.001131061976,0.0007579366099,0.0009753727651,0.0004263702706,-5.472905525e-05,-0.0001994465181,-0.0001246990441,-1.611155189e-05,3.495356181e-05],
			"AUX_ENDO_LAG_6_2": [1,0.6465961498,0.1543654444,-0.1093354609,-0.130243453,-0.05137945585,0.01223275374,0.02844709782,0.01623707831,0.001208559777,-0.005185378576,-0.004222552226,-0.001131061976,0.0007579366099,0.0009753727651,0.0004263702706,-5.472905525e-05,-0.0001994465181,-0.0001246990441,-1.611155189e-05,3.495356181e-05],
			"AUX_ENDO_LAG_6_3": [1,0.6465961498,0.1543654444,-0.1093354609,-0.130243453,-0.05137945585,0.01223275374,0.02844709782,0.01623707831,0.001208559777,-0.005185378576,-0.004222552226,-0.001131061976,0.0007579366099,0.0009753727651,0.0004263702706,-5.472905525e-05,-0.0001994465181,-0.0001246990441,-1.611155189e-05,3.495356181e-05],
			"AUX_ENDO_LAG_3_1": [1,0.3700597266,-0.1819019808,-0.297935273,-0.1582537819,-0.006988331049,0.05299202555,0.04078428326,0.009708506018,-0.0082505959,-0.009658199531,-0.00394835388,0.0007391732987,0.002015423526,0.001190178904,0.0001118300041,-0.0003641750716,-0.0003069827232,-8.714579123e-05,5.148028422e-05,7.009894659e-05],
			"AUX_ENDO_LAG_3_2": [1,0.3700597266,-0.1819019808,-0.297935273,-0.1582537819,-0.006988331049,0.05299202555,0.04078428326,0.009708506018,-0.0082505959,-0.009658199531,-0.00394835388,0.0007391732987,0.002015423526,0.001190178904,0.0001118300041,-0.0003641750716,-0.0003069827232,-8.714579123e-05,5.148028422e-05,7.009894659e-05],
			"AUX_ENDO_LAG_3_3": [1,0.3700597266,-0.1819019808,-0.297935273,-0.1582537819,-0.006988331049,0.05299202555,0.04078428326,0.009708506018,-0.0082505959,-0.009658199531,-0.00394835388,0.0007391732987,0.002015423526,0.001190178904,0.0001118300041,-0.0003641750716,-0.0003069827232,-8.714579123e-05,5.148028422e-05,7.009894659e-05],
			"AUX_ENDO_LAG_5_1": [1,-0.0233990406,-0.3420364751,-0.2229223987,-0.02816598289,0.06507747688,0.05866494908,0.01860579133,-0.008325361597,-0.01299356004,-0.006330920878,0.0002594863508,0.002560305397,0.001767161701,0.0003281382257,-0.0004226144055,-0.0004304683439,-0.0001551505733,4.820672343e-05,9.317531309e-05,4.978227652e-05],
			"AUX_ENDO_LAG_5_2": [1,-0.0233990406,-0.3420364751,-0.2229223987,-0.02816598289,0.06507747688,0.05866494908,0.01860579133,-0.008325361597,-0.01299356004,-0.006330920878,0.0002594863508,0.002560305397,0.001767161701,0.0003281382257,-0.0004226144055,-0.0004304683439,-0.0001551505733,4.820672343e-05,9.317531309e-05,4.978227652e-05],
			"AUX_ENDO_LAG_5_3": [1,-0.0233990406,-0.3420364751,-0.2229223987,-0.02816598289,0.06507747688,0.05866494908,0.01860579133,-0.008325361597,-0.01299356004,-0.006330920878,0.0002594863508,0.002560305397,0.001767161701,0.0003281382257,-0.0004226144055,-0.0004304683439,-0.0001551505733,4.820672343e-05,9.317531309e-05,4.978227652e-05]
		},