{
	"model": "NK_CGG99",
	"rule": "SW",
	"data": {
		"AC": {
			"x": [1,0.8993896741,0.6781661047,0.4148658617,0.1728745662,-0.01098857673,-0.1242640824,-0.1722248966,-0.1703089265,-0.1374651781,-0.09132492102,-0.04541726216,-0.008184755843,0.01668900211,0.02918972695,0.0316072655,0.02725123535,0.01945597868,0.01095185255,0.003583102773,-0.001704460035],
			"i": [1,0.7218743354,0.3900812901,0.105738497,-0.09286211912,-0.20027463,-0.2304528672,-0.2065677222,-0.1532082556,-0.09127519964,-0.03547117759,0.006120657473,0.03107086131,0.04094750499,0.0395346612,0.03130328154,0.02032447861,0.009662197774,0.001179410033,-0.004360317326,-0.007024853172],
			"pi": [1,0.532550846,0.1420880034,-0.1289468921,-0.2749451331,-0.3154290147,-0.2822162149,-0.2089507602,-0.1241756118,-0.04793185679,0.008795349734,0.04274187725,0.05609284792,0.05404530459,0.04271986978,0.02767929605,0.01310291374,0.001525853658,-0.006019039995,-0.009633086154,-0.01011015317],
			"interest": [1,0.7218743354,0.3900812901,0.105738497,-0.09286211912,-0.20027463,-0.2304528672,-0.2065677222,-0.1532082556,-0.09127519964,-0.03547117759,0.006120657473,0.03107086131,0.04094750499,0.0395346612,0.03130328154,0.02032447861,0.009662197774,0.001179410033,-0.004360317326,-0.007024853172],
			"inflation": [1,0.8301378446,0.4591665498,0.03166479951,-0.3183639682,-0.4784434134,-0.4899067921,-0.4060679672,-0.2780369006,-0.1460756624,-0.03616681103,0.03949008827,0.07960693552,0.08997885412,0.07976704179,0.05854190191,0.03435239983,0.01279778863,-0.003099490056,-0.01249477545,-0.01606629283],
			"inflationq": [1,0.532550846,0.1420880034,-0.1289468921,-0.2749451331,-0.3154290147,-0.2822162149,-0.2089507602,-0.1241756118,-0.04793185679,0.008795349734,0.04274187725,0.05609284792,0.05404530459,0.04271986978,0.02767929605,0.01310291374,0.001525853658,-0.006019039995,-0.009633086154,-0.01011015317],
			"outputgap": [1,0.8993896741,0.6781661047,0.4148658617,0.1728745662,-0.01098857673,-0.1242640824,-0.1722248966,-0.1703089265,-0.1374651781,-0.09132492102,-0.04541726216,-0.008184755843,0.01668900211,0.02918972695,0.0316072655,0.02725123535,0.01945597868,0.01095185255,0.003583102773,-0.001704460035],
			"AUX_ENDO_LEAD_71": [1,0.6608242497,0.3255563681,0.05482279551,-0.1251667829,-0.214804461,-0.2311182578,-0.1984107765,-0.1410328042,-0.07884127665,-0.02518524348,0.0131482836,0.03474912633,0.04184158145,0.03851631754,0.02927462305,0.0180390349,0.00764030879,-0.0003015211201,-0.005226802398,-0.007344957582],
			"AUX_ENDO_LEAD_75": [1,0.8839812997,0.6469665668,0.3781029695,0.1392168221,-0.03648351833,-0.1399085515,-0.1787853069,-0.169952895,-0.1328371664,-0.08487727382,-0.03902621691,-0.003016615775,0.02012991003,0.03090798242,0.03192579553,0.02663264462,0.01836453291,0.009766602589,0.002559226204,-0.002436891694],
			"AUX_ENDO_LEAD_79": [1,0.886549477,0.6506696625,0.3818301095,0.1422666042,-0.03442520975,-0.1388545341,-0.1785570319,-0.1702849565,-0.1334589898,-0.08556531304,-0.03962795629,-0.003452427703,0.01987914191,0.03081986873,0.03195607329,0.02673155491,0.01848811442,0.009882698048,0.002649056668,-0.002380225002],
			"AUX_ENDO_LEAD_106": [1,0.8898110719,0.6586734587,0.391855948,0.151784559,-0.02698015406,-0.1340906096,-0.1763595058,-0.1701053581,-0.134578441,-0.08729157232,-0.04141409489,-0.004944274294,0.01884905483,0.03027078963,0.03181070796,0.02686641596,0.01877368396,0.01020973902,0.002941348005,-0.002164034746],
			"AUX_ENDO_LEAD_110": [1,0.8106734899,0.5421030885,0.2730600838,0.05359859464,-0.09400757701,-0.1691232465,-0.1848157705,-0.1603212421,-0.1151713466,-0.06545439853,-0.02210988386,0.009184641504,0.02710686951,0.03331187918,0.03101473642,0.02381163489,0.01486967763,0.006498410646,4.04056683e-05,-0.004017713073],
			"AUX_ENDO_LEAD_114": [1,0.719048999,0.40941655,0.1391707785,-0.05618574424,-0.1682783154,-0.2073205627,-0.193290318,-0.1485784849,-0.09292953155,-0.04075967338,-0.0004647105671,0.02489557152,0.03617674337,0.03653122029,0.02996635982,0.02028122562,0.0104384001,0.002325381958,-0.003195329308,-0.006064382893],
			"AUX_ENDO_LAG_2_1": [1,0.532550846,0.1420880034,-0.1289468921,-0.2749451331,-0.3154290147,-0.2822162149,-0.2089507602,-0.1241756118,-0.04793185679,0.008795349734,0.04274187725,0.05609284792,0.05404530459,0.04271986978,0.02767929605,0.01310291374,0.001525853658,-0.006019039995,-0.009633086154,-0.01011015317],
			"AUX_ENDO_LAG_2_2": [1,0.532550846,0.1420880034,-0.1289468921,-0.2749451331,-0.3154290147,-0.2822162149,-0.2089507602,-0.1241756118,-0.04793185679,0.008795349734,0.04274187725,0.05609284792,0.05404530459,0.04271986978,0.02767929605,0.01310291374,0.001525853658,-0.006019039995,-0.009633086154,-0.01011015317],
			"AUX_ENDO_LAG_6_1": [1,0.8993896741,0.6781661047,0.4148658617,0.1728745662,-0.01098857673,-0.1242640824,-0.1722248966,-0.1703089265,-0.1374651781,-0.09132492102,-0.04541726216,-0.008184755843,0.01668900211,0.02918972695,0.0316072655,0.02725123535,0.01945597868,0.01095185255,0.003583102773,-0.001704460035],
			"AUX_ENDO_LAG_6_2": [1,0.8993896741,0.6781661047,0.4148658617,0.1728745662,-0.01098857673,-0.1242640824,-0.1722248966,-0.1703089265,-0.1374651781,-0.09132492102,-0.04541726216,-0.008184755843,0.01668900211,0.02918972695,0.0316072655,0.02725123535,0.01945597868,0.01095185255,0.003583102773,-0.001704460035],
			"AUX_ENDO_LAG_6_3": [1,0.8993896741,0.6781661047,0.4148658617,0.1728745662,-0.01098857673,-0.1242640824,-0.1722248966,-0.1703089265,-0.1374651781,-0.09132492102,-0.04541726216,-0.008184755843,0.01668900211,0.02918972695,0.0316072655,0.02725123535,0.01945597868,0.01095185255,0.003583102773,-0.001704460035],
			"AUX_ENDO_LAG_3_1": [1,0.7218743354,0.3900812901,0.105738497,-0.09286211912,-0.20027463,-0.2304528672,-0.2065677222,-0.1532082556,-0.09127519964,-0.03547117759,0.006120657473,0.03107086131,0.04094750499,0.0395346612,0.03130328154,0.02032447861,0.009662197774,0.001179410033,-0.004360317326,-0.007024853172],
			"AUX_ENDO_LAG_3_2": [1,0.7218743354,0.3900812901,0.105738497,-0.09286211912,-0.20027463,-0.2304528672,-0.2065677222,-0.1532082556,-0.09127519964,-0.03547117759,0.006120657473,0.03107086131,0.04094750499,0.0395346612,0.03130328154,0.02032447861,0.009662197774,0.001179410033,-0.004360317326,-0.007024853172],
			"AUX_ENDO_LAG_3_3": [1,0.7218743354,0.3900812901,0.105738497,-0.09286211912,-0.20027463,-0.2304528672,-0.2065677222,-0.1532082556,-0.09127519964,-0.03547117759,0.006120657473,0.03107086131,0.04094750499,0.0395346612,0.03130328154,0.02032447861,0.009662197774,0.001179410033,-0.004360317326,-0.007024853172],
			"AUX_ENDO_LAG_5_1": [1,0.532550846,0.1420880034,-0.1289468921,-0.2749451331,-0.3154290147,-0.2822162149,-0.2089507602,-0.1241756118,-0.04793185679,0.008795349734,0.04274187725,0.05609284792,0.05404530459,0.04271986978,0.02767929605,0.01310291374,0.001525853658,-0.006019039995,-0.009633086154,-0.01011015317],
			"AUX_ENDO_LAG_5_2": [1,0.532550846,0.1420880034,-0.1289468921,-0.2749451331,-0.3154290147,-0.2822162149,-0.2089507602,-0.1241756118,-0.04793185679,0.008795349734,0.04274187725,0.05609284792,0.05404530459,0.04271986978,0.02767929605,0.01310291374,0.001525853658,-0.006019039995,-0.009633086154,-0.01011015317],
			"AUX_ENDO_LAG_5_3": [1,0.532550846,0.1420880034,-0.1289468921,-0.2749451331,-0.3154290147,-0.2822162149,-0.2089507602,-0.1241756118,-0.04793185679,0.008795349734,0.04274187725,0.05609284792,0.05404530459,0.04271986978,0.02767929605,0.01310291374,0.001525853658,-0.006019039995,-0.009633086154,-0.01011015317]
		},
		"VAR": {
			"x": 7.751444665,
			"i": 0.1515328281,
			"pi": 0.4567099644,
			"interest": 2.424525249,
			"inflation": 3.427956892,
			"inflationq": 7.30735943,
			"outputgap": 7.751444665,
			"AUX_ENDO_LEAD_71": 3.120786596,
			"AUX_ENDO_LEAD_75": 2.320641363,
			"AUX_ENDO_LEAD_79": 2.319042429,
			"AUX_ENDO_LEAD_106": 7.645003136,
			"AUX_ENDO_LEAD_110": 6.712166012,
			"AUX_ENDO_LEAD_114": 4.717327285,
			"AUX_ENDO_LAG_2_1": 0.4567099644,
			"AUX_ENDO_LAG_2_2": 0.4567099644,
			"AUX_ENDO_LAG_6_1": 7.751444665,