{
	"model": "NK_CGG02AL",
	"rule": "Taylor",
	"data": {
		"AC": {
			"ytilde": [1,0.1147131983,0.1162963303,0.1027157015,0.1385838313,0.1254304438,0.1308201895,0.1125029253,0.0986228506,0.0986367238,0.1119395193,0.09477101191,0.0897365025,0.08564567996,0.07258700636,0.08680450522,0.07961936907,0.07278224876,0.07172223612,0.07682065606,0.05946100042],
			"ybar": [1,0.433240182,0.3885945473,0.3369765008,0.2944410258,0.262498822,0.2222018294,0.1988304954,0.1654299755,0.150180492,0.1402519332,0.1202223392,0.09179319732,0.07964904946,0.07589572352,0.06694394937,0.05604929279,0.04127850613,0.03845382306,0.03999804006,0.01891550663],
			"y": [1,0.3240837002,0.2971930853,0.2553805228,0.2299557127,0.2058713263,0.172288929,0.1558947342,0.1252795617,0.115394368,0.1133890238,0.09700017002,0.0689721237,0.06230403321,0.05855493952,0.05535614493,0.04541764111,0.03131597848,0.02958417751,0.03443698362,0.01130092442],
			"infl": [1,0.6619350841,0.591265939,0.5501733253,0.5025622977,0.4569614375,0.439943304,0.3929964345,0.3630363896,0.3419145932,0.3160821855,0.2834172191,0.2743192918,0.2491878633,0.2270679357,0.2191314575,0.2014409724,0.188342187,0.1795698276,0.1635710255,0.1576649619],
			"r": [1,0.8061610974,0.7486411702,0.6870119733,0.5942915791,0.5437081533,0.5075424085,0.4608645746,0.422623567,0.3909535773,0.3593127794,0.3256436677,0.3058644991,0.2773239966,0.2523993261,0.2378757215,0.2200386855,0.2031331126,0.1909927496,0.1753970676,0.1645354144],
			"rr": [1,0.05987140302,0.07466813321,0.01510300615,0.07358936602,0.05844500306,0.06608648653,0.05575192863,0.04439245532,0.04613415105,0.05890897503,0.05202387369,0.03347693226,0.03844317908,0.03588386677,0.04424323334,0.03700223611,0.03258595131,0.03143598925,0.03865542931,0.01889226054],
			"u": [1,-0.01962293842,-0.02194950073,0.000481731403,-0.007945394132,-0.01156305054,-0.01175031671,-0.0142941476,-0.006273606724,-0.00192259919,0.02232686145,0.009448793073,-0.0003400938589,-0.01354010625,0.01025319867,0.02145562352,-0.01048688667,-0.004857473743,0.004316291171,-0.002490460014,-0.001291506531],
			"a": [1,0.885712297,0.7845176659,0.6943779583,0.6111004385,0.5359946477,0.4695239985,0.4132409145,0.3597636281,0.3161059795,0.2796750373,0.2467968441,0.2150044584,0.1877491758,0.1647692988,0.1400123087,0.1170594918,0.09749189584,0.07974706661,0.0645211191,0.05326952526],
			"ytildestar": [1,0.01739264289,0.02878671973,0.02916114818,0.03124300108,0.03897691835,0.03513143584,0.04435646002,0.02794758879,0.02874438455,0.04414423878,0.0355893252,0.01445753749,0.02242968309,0.02463030842,0.02680213562,0.0209049833,0.02275263406,0.02214310853,0.03604725139,0.006637527901],
			"ybarstar": [1,0.5971685319,0.5311235616,0.4632068823,0.4085971098,0.3567372747,0.3087070106,0.269087106,0.2294036622,0.2063065304,0.185924427,0.1624158512,0.1325140765,0.1131118841,0.09967408425,0.0875919869,0.07475284901,0.05577541008,0.04941354153,0.04775301243,0.0330351646],
			"ystar": [1,0.2217840176,0.2059362897,0.1778368828,0.1596768711,0.1422096405,0.119944136,0.1092930999,0.08324110711,0.07935405148,0.08126665734,0.06931348037,0.04151809561,0.04039618883,0.03938135885,0.03837716908,0.03163571995,0.02105530577,0.01998310634,0.02998118632,0.00540884217],
			"infstar": [1,-0.003920624894,0.06432126131,0.1146035877,0.1061897011,0.08580524771,0.1004058543,0.07745539558,0.06609102484,0.06969431667,0.05981933935,0.07081762372,0.05117778255,0.04352342579,0.0555606043,0.04353774638,0.03341791926,0.04863715084,0.02940619485,0.0201070631,0.04855682904],
			"rstar": [1,0.2655753916,0.2064353204,0.2025105933,0.1145084668,0.1238386663,0.1094340871,0.09591171019,0.09542820953,0.09772751336,0.08761778576,0.0860132247,0.07448700726,0.05776108831,0.05739113192,0.06461158879,0.05600867394,0.0492397065,0.04950557709,0.04517776528,0.03339561101],
			"rrstar": [1,0.1381997326,0.131144478,0.1145836357,0.131203685,0.1213584754,0.1191342826,0.1219909045,0.1013515795,0.09355960909,0.1003072896,0.10360106,0.07330689534,0.07810406785,0.07680138003,0.08074035967,0.07268153648,0.07002140031,0.06329359603,0.07525422801,0.04660166302],
			"ustar": [1,-0.001371283799,-0.01369146578,-0.005281448735,-0.005473755366,-0.005795046892,0.007075495789,-0.00625137608,-0.004038179506,-0.00826561134,-0.01116796337,0.0092871132,-4.629731739e-05,-0.009177134002,0.003892695704,-0.01214654175,-0.01209798715,0.002543413204,-0.000668749344,-0.01112626875,0.003530250709],
			"astar": [1,0.8789235141,0.7737704215,0.6842502328,0.6046424421,0.5327862217,0.4693044223,0.4132822153,0.3646284644,0.3224169301,0.2853429649,0.2515931006,0.2208656629,0.1888805432,0.1603234975,0.1400917982,0.120180073,0.103813459,0.08903999755,0.07597678309,0.06695824209],
			"interest": [1,0.8061610974,0.7486411702,0.6870119733,0.5942915791,0.5437081533,0.5075424085,0.4608645746,0.422623567,0.3909535773,0.3593127794,0.3256436677,0.3058644991,0.2773239966,0.2523993261,0.2378757215,0.2200386855,0.2031331126,0.1909927496,0.1753970676,0.1645354144],
			"inflation": [1,0.9228807587,0.8397443497,0.7549306158,0.6642658016,0.6038223269,0.5568754568,0.5061877373,0.4637119746,0.426519479,0.3885782808,0.3550193929,0.3297075429,0.2989081739,0.2739701998,0.2524255757,0.231660831,0.2143664743,0.1977814479,0.1795302281,0.1680602698],
			"inflationq": [1,0.6619350841,0.591265939,0.5501733253,0.5025622977,0.4569614375,0.439943304,0.3929964345,0.3630363896,0.3419145932,0.3160821855,0.2834172191,0.2743192918,0.2491878633,0.2270679357,0.2191314575,0.2014409724,0.188342187,0.1795698276,0.1635710255,0.1576649619],
			"outputgap": [1,0.1147131983,0.1162963303,0.1027157015,0.1385838313,0.1254304438,0.1308201895,0.1125029253,0.0986228506,0.0986367238,0.1119395193,0.09477101191,0.0897365025,0.08564567996,0.07258700636,0.08680450522,0.07961936907,0.07278224876,0.07172223612,0.07682065606,0.05946100042],
			"output": [1,0.3240837002,0.2971930853,0.2553805228,0.2299557127,0.2058713263,0.172288929,0.1558947342,0.1252795617,0.115394368,0.1133890238,0.09700017002,0.0689721237,0.06230403321,0.05855493952,0.05535614493,0.04541764111,0.03131597848,0.02958417751,0.03443698362,0.01130092442],
			"inflationql": [1,0.699141101,0.597460056,0.54572027,0.4957781962,0.4532818962,0.4220646255,0.3809115585,0.3435042184,0.3214556747,0.292470661,0.2718182842,0.2473261011,0.2267316699,0.2076430076,0.1907555879,0.1733295566,0.162049277,0.1445972287,0.134554237,0.1259949927],
			"inflationql2": [1,0.7190511443,0.6178007659,0.5425405394,0.4957536334,0.4479856412,0.4085564651,0.3726675091,0.3331072382,0.3049426198,0.2826273169,0.2591304842,0.2309735811,0.2129510546,0.1890372606,0.1748480578,0.1560116934,0.1433850466,0.1257607932,0.1162739821,0.107168908],
			"inflationqls": [1,0.8694109217,0.7076029557,0.6307929626,0.5719410841,0.5225160648,0.4790614706,0.435168353,0.3944246034,0.3619332875,0.3327351407,0.3052074559,0.2785654057,0.2527844939,0.2315788014,0.2100152635,0.1920936463,0.1770022812,0.1595075779,0.1454775839,0.1360796659],
			"infstarl": [1,-0.01138927443,0.05692066967,0.1019673801,0.09686731656,0.0763286441,0.08530107569,0.0651750629,0.05523127855,0.0572289386,0.04933964378,0.06040717785,0.04069323322,0.03333442302,0.04519412639,0.03428095588,0.02161032998,0.03959566626,0.02403077563,0.01441201905,0.04121648149],
			"infstarl2": [1,-0.01383544552,0.05444732041,0.09676216622,0.08947657648,0.07009385747,0.0760242038,0.05931555507,0.04894112523,0.05090840909,0.04403707055,0.05634731177,0.03478090512,0.0252413737,0.03781263687,0.02877808124,0.01685778915,0.03252985027,0.01845435623,0.0133642944,0.03640626649]
		},
		"VAR": {
			"ytilde": 0.00154859137,
			"ybar": 0.04448595198,
			"y": 0.05285944542,
			"infl": 0.001809854436,
			"r": 0.003778892283,
			"rr": 0.02910964952,
			"u": 6.540526105e-14,
			"a": 0.04609418647,
			"ytildestar": 0.02058850222,
			"ybarstar": 0.03729227397,
			"ystar": 0.08403746476,
			"infstar": 0.01309724742,
			"rstar": 0.02169020576,
			"rrstar": 0.01849196236,
			"ustar": 0.01406797131,
			"astar": 0.0577746612,