{
	"model": "NK_CGG99",
	"rule": "CEE",
	"data": {
		"AC": {
			"x": [1,0.5701150769,0.07142033624,-0.1943427698,-0.2216941951,-0.1292470079,-0.02845430299,0.02777977019,0.03797369421,0.02367481701,0.005934964806,-0.004597935664,-0.006892510927,-0.004528860606,-0.001314740041,0.0007011902833,0.001223024921,0.0008508323561,0.000276855331,-0.000104056983,-0.0002167098772],
			"i": [1,0.7094216347,0.2730109833,-0.03129180671,-0.1391608231,-0.1142159664,-0.04631218854,0.006091464472,0.02593819252,0.02198037698,0.009658777422,-0.0002895531708,-0.004396077658,-0.004008127254,-0.001886721914,-5.709815904e-05,0.0007557481596,0.0007365843292,0.0003699203081,3.273080843e-05,-0.000127699174],
			"pi": [1,0.5125090626,0.151378152,-0.03160294244,-0.07336917409,-0.04560129074,-0.006845414452,0.01527434349,0.01833572882,0.01119608488,0.002906898091,-0.001957562269,-0.003040993131,-0.002002099428,-0.0005713998885,0.0003250172741,0.0005533341916,0.0003828801023,0.0001239094976,-4.718651011e-05,-9.744001962e-05],
			"interest": [1,0.7094216347,0.2730109833,-0.03129180671,-0.1391608231,-0.1142159664,-0.04631218854,0.006091464472,0.02593819252,0.02198037698,0.009658777422,-0.0002895531708,-0.004396077658,-0.004008127254,-0.001886721914,-5.709815904e-05,0.0007557481596,0.0007365843292,0.0003699203081,3.273080843e-05,-0.000127699174],
			"inflation": [1,0.8590891045,0.5734794945,0.2670984435,0.03830191079,-0.037544793,-0.03266698853,-0.005737468669,0.01277585681,0.01644393295,0.01092305781,0.003665280572,-0.001030653392,-0.002448411495,-0.001820426507,-0.0006445342705,0.0001828405083,0.0004529223509,0.0003502573517,0.0001366940285,-2.094477202e-05],
			"inflationq": [1,0.5125090626,0.151378152,-0.03160294244,-0.07336917409,-0.04560129074,-0.006845414452,0.01527434349,0.01833572882,0.01119608488,0.002906898091,-0.001957562269,-0.003040993131,-0.002002099428,-0.0005713998885,0.0003250172741,0.0005533341916,0.0003828801023,0.0001239094976,-4.718651011e-05,-9.744001962e-05],
			"outputgap": [1,0.5701150769,0.07142033624,-0.1943427698,-0.2216941951,-0.1292470079,-0.02845430299,0.02777977019,0.03797369421,0.02367481701,0.005934964806,-0.004597935664,-0.006892510927,-0.004528860606,-0.001314740041,0.0007011902833,0.001223024921,0.0008508323561,0.000276855331,-0.000104056983,-0.0002167098772],
			"AUX_ENDO_LEAD_71": [1,0.3411788859,-0.02451158196,-0.1306073185,-0.09439234822,-0.02444866587,0.02139213922,0.03247588909,0.02227999891,0.007466432521,-0.002329402398,-0.005305761152,-0.003956978481,-0.001432965489,0.0003556307185,0.000953366927,0.0007473834595,0.0002961317891,-4.10396194e-05,-0.0001653813212,-0.0001380646054],
			"AUX_ENDO_LEAD_75": [1,0.1106657398,-0.2433545133,-0.2387188825,-0.1027867888,0.01380727436,0.06093456136,0.05327835135,0.02490327854,0.001011642568,-0.00953673039,-0.00932846051,-0.004656947358,-0.0003682962894,0.001658139552,0.001723574623,0.0009143897974,0.0001232520975,-0.0002754458746,-0.0003120379687,-0.0001757069514],
			"AUX_ENDO_LEAD_79": [1,0.533077187,0.03191407233,-0.2178349302,-0.2278953621,-0.1254900726,-0.02247908804,0.03169332483,0.03904982652,0.0229881959,0.004816500139,-0.005361888955,-0.007134865161,-0.004430720222,-0.001118937126,0.0008432877351,0.001272808196,0.0008367564478,0.0002422360283,-0.0001306379713,-0.0002269089863],
			"AUX_ENDO_LEAD_106": [1,0.7918965233,0.3948099851,0.06869276915,-0.08756136114,-0.1039692391,-0.05667140954,-0.007070927235,0.01844352706,0.0207795339,0.01184109859,0.002327498568,-0.002844842951,-0.003658706144,-0.002217756028,-0.0005163792762,0.0004661598667,0.0006612179988,0.0004233016568,0.0001154158205,-7.26604856e-05],
			"AUX_ENDO_LEAD_110": [1,0.7255374783,0.3156046791,0.01473140341,-0.1080824312,-0.1018730367,-0.04669956736,0.001048401626,0.02164118371,0.0202291229,0.009913957148,0.0007306801677,-0.003530959339,-0.003624306018,-0.001893085927,-0.0002262141251,0.0005998623606,0.0006625719439,0.0003671796501,6.194110034e-05,-9.898400945e-05],
			"AUX_ENDO_LEAD_114": [1,0.5238239389,0.1035101088,-0.1088948352,-0.1384340198,-0.0797274289,-0.01389101768,0.02195955298,0.02704044634,0.01624258704,0.00379473959,-0.00334700887,-0.004759287246,-0.003038408162,-0.0008172135393,0.0005347365641,0.0008548101767,0.0005762531568,0.0001764920328,-8.06958948e-05,-0.0001516034874],
			"AUX_ENDO_LAG_2_1": [1,0.5125090626,0.151378152,-0.03160294244,-0.07336917409,-0.04560129074,-0.006845414452,0.01527434349,0.01833572882,0.01119608488,0.002906898091,-0.001957562269,-0.003040993131,-0.002002099428,-0.0005713998885,0.0003250172741,0.0005533341916,0.0003828801023,0.0001239094976,-4.718651011e-05,-9.744001962e-05],
			"AUX_ENDO_LAG_2_2": [1,0.5125090626,0.151378152,-0.03160294244,-0.07336917409,-0.04560129074,-0.006845414452,0.01527434349,0.01833572882,0.01119608488,0.002906898091,-0.001957562269,-0.003040993131,-0.002002099428,-0.0005713998885,0.0003250172741,0.0005533341916,0.0003828801023,0.0001239094976,-4.718651011e-05,-9.744001962e-05],
			"AUX_ENDO_LAG_6_1": [1,0.5701150769,0.07142033624,-0.1943427698,-0.2216941951,-0.1292470079,-0.02845430299,0.02777977019,0.03797369421,0.02367481701,0.005934964806,-0.004597935664,-0.006892510927,-0.004528860606,-0.001314740041,0.0007011902833,0.001223024921,0.0008508323561,0.000276855331,-0.000104056983,-0.0002167098772],
			"AUX_ENDO_LAG_6_2": [1,0.5701150769,0.07142033624,-0.1943427698,-0.2216941951,-0.1292470079,-0.02845430299,0.02777977019,0.03797369421,0.02367481701,0.005934964806,-0.004597935664,-0.006892510927,-0.004528860606,-0.001314740041,0.0007011902833,0.001223024921,0.0008508323561,0.000276855331,-0.000104056983,-0.0002167098772],
			"AUX_ENDO_LAG_6_3": [1,0.5701150769,0.07142033624,-0.1943427698,-0.2216941951,-0.1292470079,-0.02845430299,0.02777977019,0.03797369421,0.02367481701,0.005934964806,-0.004597935664,-0.006892510927,-0.004528860606,-0.001314740041,0.0007011902833,0.001223024921,0.0008508323561,0.000276855331,-0.000104056983,-0.0002167098772],
			"AUX_ENDO_LAG_3_1": [1,0.7094216347,0.2730109833,-0.03129180671,-0.1391608231,-0.1142159664,-0.04631218854,0.006091464472,0.02593819252,0.02198037698,0.009658777422,-0.0002895531708,-0.004396077658,-0.004008127254,-0.001886721914,-5.709815904e-05,0.0007557481596,0.0007365843292,0.0003699203081,3.273080843e-05,-0.000127699174],
			"AUX_ENDO_LAG_3_2": [1,0.7094216347,0.2730109833,-0.03129180671,-0.1391608231,-0.1142159664,-0.04631218854,0.006091464472,0.02593819252,0.02198037698,0.009658777422,-0.0002895531708,-0.004396077658,-0.004008127254,-0.001886721914,-5.709815904e-05,0.0007557481596,0.0007365843292,0.0003699203081,3.273080843e-05,-0.000127699174],
			"AUX_ENDO_LAG_3_3": [1,0.7094216347,0.2730109833,-0.03129180671,-0.1391608231,-0.1142159664,-0.04631218854,0.006091464472,0.02593819252,0.02198037698,0.009658777422,-0.0002895531708,-0.004396077658,-0.004008127254,-0.001886721914,-5.709815904e-05,0.0007557481596,0.0007365843292,0.0003699203081,3.273080843e-05,-0.000127699174],
			"AUX_ENDO_LAG_5_1": [1,0.5125090626,0.151378152,-0.03160294244,-0.07336917409,-0.04560129074,-0.006845414452,0.01527434349,0.01833572882,0.01119608488,0.002906898091,-0.001957562269,-0.003040993131,-0.002002099428,-0.0005713998885,0.0003250172741,0.0005533341916,0.0003828801023,0.0001239094976,-4.718651011e-05,-9.744001962e-05],
			"AUX_ENDO_LAG_5_2": [1,0.5125090626,0.151378152,-0.03160294244,-0.07336917409,-0.04560129074,-0.006845414452,0.01527434349,0.01833572882,0.01119608488,0.002906898091,-0.001957562269,-0.003040993131,-0.002002099428,-0.0005713998885,0.0003250172741,0.0005533341916,0.0003828801023,0.0001239094976,-4.718651011e-05,-9.744001962e-05],
			"AUX_ENDO_LAG_5_3": [1,0.5125090626,0.151378152,-0.03160294244,-0.07336917409,-0.04560129074,-0.006845414452,0.01527434349,0.01833572882,0.01119608488,0.002906898091,-0.001957562269,-0.003040993131,-0.002002099428,-0.0005713998885,0.0003250172741,0.0005533341916,0.0003828801023,0.0001239094976,-4.718651011e-05,-9.744001962e-05]
		},
		"VAR": {
			"x": 8.351471132,
			"i": 0.04465410488,