{
	"model": "NK_CGG02AL",
	"rule": "GR",
	"data": {
		"AC": {
			"ytilde": [1,0.04632638319,0.05022856915,0.03522984261,0.05348145803,0.05657510787,0.05721568355,0.06716201558,0.04689940087,0.05539005124,0.05334756524,0.04825784284,0.02240349494,0.04307044956,0.04517601064,0.04121531965,0.02980106617,0.03717571986,0.02284278058,0.04728630548,0.02790538604],
			"ybar": [1,0.3773014876,0.3280754313,0.2658762863,0.234512907,0.2119785896,0.1724177032,0.158916869,0.1315548099,0.1217187102,0.1106028676,0.0931426228,0.07027120461,0.06760181247,0.06724009065,0.05633327826,0.03868337328,0.02605642497,0.02632690755,0.02897515856,0.005427675219],
			"y": [1,0.2681159914,0.2376012518,0.1853927424,0.1695386623,0.155741795,0.1243005342,0.1193030443,0.09602979695,0.09135225342,0.08470703604,0.0703090809,0.04726602534,0.05148107616,0.05303515227,0.04475427211,0.02702698591,0.01816097374,0.0187930696,0.02538108323,0.0006145580494],
			"infl": [1,0.4670014658,0.3942919794,0.3497459363,0.3149620171,0.3033604056,0.2839133951,0.2650607864,0.2334035084,0.2349587399,0.2150507284,0.1949734207,0.1734228738,0.175044657,0.1723427659,0.1577699878,0.1490467193,0.1431592381,0.1265073284,0.1359990833,0.1235229847],
			"r": [1,0.9328856717,0.8562594209,0.7725366913,0.6845767704,0.614763272,0.5551107653,0.5027321321,0.4555460087,0.4128644731,0.3755971218,0.3419105935,0.3108809102,0.2849926946,0.261293982,0.2389399819,0.2233858714,0.2057788876,0.190355655,0.1805498984,0.1687064382],
			"rr": [1,0.03755458197,0.0459610971,0.01649711802,0.03986434115,0.03159508167,0.03651227166,0.04305513084,0.0299397293,0.03367126901,0.03783104144,0.03201434944,0.0100868069,0.0215258746,0.02616998734,0.02398794628,0.01265228616,0.01632642841,0.01345857031,0.02262962484,0.00571312831],
			"u": [1,-0.02339706191,-0.02990966979,0.004317176099,-0.003869731029,-0.01348548423,-0.01323794757,-0.01490328983,-0.00939602448,0.001260531658,0.02408103602,0.0149742607,-0.001599429188,-0.01582539065,0.01372096697,0.02395195184,-0.0138257098,-0.006101652941,0.005474114324,-0.000852436306,0.002198577835],
			"a": [1,0.8808295435,0.7784210856,0.6885197461,0.6065010612,0.5331982867,0.4692474412,0.4121693927,0.359578178,0.3161885959,0.2798557002,0.2460960828,0.2153507411,0.1898606738,0.168104353,0.1456399764,0.1248412203,0.106909731,0.08972018068,0.07359268192,0.06195503363],
			"ytildestar": [1,0.04380082354,0.0272079295,-0.01112142107,-0.00494912037,0.01262071858,0.0006315797907,0.02056587039,0.007718531922,0.01383381217,0.02217611106,0.01361762773,-0.00430303357,0.01330027914,0.01855584611,0.01646726654,-5.363332392e-05,-0.0003596725876,0.001088421263,0.01886916917,-0.007294622823],
			"ybarstar": [1,0.5382659571,0.473463381,0.4034979588,0.3572568523,0.3128348909,0.2670125848,0.2357448523,0.2001614202,0.1805762165,0.1587764192,0.1377282956,0.1114488193,0.09893708017,0.08846561035,0.07447846728,0.0591698222,0.04459620586,0.04181907424,0.04205014021,0.02440921247],
			"ystar": [1,0.1962253537,0.1666304266,0.118382731,0.1085668889,0.1014360252,0.07640416196,0.07760380935,0.05765199284,0.05795597074,0.05492371775,0.04300777395,0.02051465952,0.02899329147,0.03079772417,0.02511123499,0.009851368916,0.002778171023,0.00531311928,0.01765251044,-0.007675682051],
			"infstar": [1,-0.05391468478,-0.02218399697,0.01299476611,0.01911989872,0.01595236352,0.03912425924,0.03188159643,0.01727232319,0.02702818039,0.002794916295,0.02043928786,0.006929610932,0.01176577264,0.02421847569,0.01874682764,0.005385175314,0.03025339394,0.009561212428,-8.47305122e-05,0.02458843342],
			"rstar": [1,0.5772854028,0.2933487114,0.1433684702,0.07702680658,0.05911224898,0.04415254752,0.03897724869,0.04093760024,0.04505027278,0.03827816124,0.03309605228,0.02023653441,0.01688166011,0.01690403552,0.02809906617,0.02103236319,0.01134857534,0.0127420108,0.01051644129,-0.000478383345],
			"rrstar": [1,0.09415033199,0.1046335358,0.0677306561,0.0783618778,0.07944656584,0.07801366394,0.08537221706,0.07351284505,0.07467373126,0.07586576354,0.07425950046,0.04821624104,0.06029415675,0.06611082928,0.06493780156,0.05138184429,0.05675226266,0.0505460728,0.06014760233,0.03049896966],
			"ustar": [1,-0.002157853244,-0.01144987668,0.002792194211,-0.002336248461,-0.007917345576,0.00616286379,-0.003026304416,-0.007370378674,0.0002878495782,-0.01350399088,0.005492789477,-0.0007366707088,-0.01023779717,0.01093118191,-0.0110670336,-0.0111212027,0.002490114985,0.0008379457877,-0.01157402979,0.01124175546],
			"astar": [1,0.8765442377,0.7728651466,0.6842502797,0.6044692739,0.5330231296,0.4680660582,0.4094240603,0.3606746375,0.318558267,0.2802552668,0.2445367351,0.2132946798,0.1829395219,0.1559423112,0.137360728,0.1182996251,0.1023785811,0.08909764457,0.0770166258,0.06792593063],
			"interest": [1,0.9328856717,0.8562594209,0.7725366913,0.6845767704,0.614763272,0.5551107653,0.5027321321,0.4555460087,0.4128644731,0.3755971218,0.3419105935,0.3108809102,0.2849926946,0.261293982,0.2389399819,0.2233858714,0.2057788876,0.190355655,0.1805498984,0.1687064382],
			"inflation": [1,0.8755793103,0.7548056499,0.6362923974,0.5244324883,0.4778124937,0.4395525382,0.4042633501,0.3707849096,0.3388673578,0.3108794079,0.2848080748,0.2606550596,0.242686894,0.225903831,0.207576811,0.1983114327,0.1826856018,0.1689415899,0.1638783919,0.1525174798],
			"inflationq": [1,0.4670014658,0.3942919794,0.3497459363,0.3149620171,0.3033604056,0.2839133951,0.2650607864,0.2334035084,0.2349587399,0.2150507284,0.1949734207,0.1734228738,0.175044657,0.1723427659,0.1577699878,0.1490467193,0.1431592381,0.1265073284,0.1359990833,0.1235229847],
			"outputgap": [1,0.04632638319,0.05022856915,0.03522984261,0.05348145803,0.05657510787,0.05721568355,0.06716201558,0.04689940087,0.05539005124,0.05334756524,0.04825784284,0.02240349494,0.04307044956,0.04517601064,0.04121531965,0.02980106617,0.03717571986,0.02284278058,0.04728630548,0.02790538604],
			"output": [1,0.2681159914,0.2376012518,0.1853927424,0.1695386623,0.155741795,0.1243005342,0.1193030443,0.09602979695,0.09135225342,0.08470703604,0.0703090809,0.04726602534,0.05148107616,0.05303515227,0.04475427211,0.02702698591,0.01816097374,0.0187930696,0.02538108323,0.0006145580494],
			"inflationql": [1,0.5008433054,0.3881760652,0.3379178344,0.3103399782,0.2903849277,0.2759779433,0.2547680579,0.2206562422,0.20988669,0.1995271962,0.1766543521,0.1468909793,0.1534299235,0.1412193848,0.1333944579,0.1209077416,0.1111110187,0.0960771891,0.1099344515,0.09608425114],
			"inflationql2": [1,0.5177066423,0.3993712504,0.3378488909,0.310764557,0.2890697455,0.2656272137,0.2463761032,0.2107973917,0.1986651793,0.1888747877,0.1740034951,0.1457421409,0.144493696,0.1309402483,0.1234433003,0.1096121296,0.1023386072,0.08902659942,0.0947433677,0.08628218884],
			"inflationqls": [1,0.7790664356,0.5250512274,0.4445012083,0.4042252244,0.374513617,0.3509430456,0.3192718036,0.2855067561,0.2632886163,0.2487117473,0.2223926705,0.1972555456,0.186100931,0.176894616,0.1636501616,0.150187516,0.1348471049,0.1247860313,0.1261746977,0.1179089761],
			"infstarl": [1,-0.05923868017,-0.02827823105,0.009985374874,0.01989059981,0.01230222736,0.03671715682,0.02873310142,0.01455949719,0.02358935496,-3.208334097e-05,0.01814626872,0.005823923334,0.008099919898,0.01923004716,0.01395202036,0.002019222574,0.02661470198,0.007388270544,0.0001906807896,0.01987376565],
			"infstarl2": [1,-0.06222014049,-0.02880848548,0.006691881583,0.01565395984,0.01141702883,0.03291567937,0.02663686329,0.01023995735,0.02100601179,-0.001713421198,0.01675182616,0.002135660934,0.005752607685,0.01694917912,0.01029191909,0.0001193865714,0.02422799855,0.00838316744,-0.001909131706,0.01705492251]
		},
		"VAR": {
			"ytilde": 0.00192792809,
			"ybar": 0.05006110619,
			"y": 0.06241640627,
			"infl": 0.0009866161053,
			"r": 0.001658322281,
			"rr": 0.03518309888,
			"u": 6.361735132e-14,
			"a": 0.04435382779,
			"ytildestar": 0.02606378053,
			"ybarstar": 0.04014843337,
			"ystar": 0.101804925,
			"infstar": 0.01210957998,
			"rstar": 0.01544978349,