{
	"model": "NK_IR04AL",
	"rule": "Taylor",
	"data": {
		"AC": {
			"y": [1,0.9353368332,0.8870528937,0.8420218442,0.8084960826,0.7745039092,0.7419231497,0.7056032088,0.6805355121,0.6498938899,0.6340708855,0.6087655739,0.5828900639,0.56371706,"_NaN_","_NaN_","_NaN_","_NaN_","_NaN_","_NaN_","_NaN_"],
			"m": [1,0.908696516,0.8375072375,0.780396912,0.7299068648,0.6868427515,0.6512518775,0.6148261891,0.5819086234,0.5637715724,0.5439798756,0.5171608103,0.4730278854,0.4434320286,"_NaN_","_NaN_","_NaN_","_NaN_","_NaN_","_NaN_","_NaN_"],
			"pi": [1,0.7371718519,0.708559573,0.5656682424,0.591237618,0.4911640279,0.5071374156,0.4270061549,0.4617582413,0.3977862662,0.4190808499,0.3479834806,0.3696208459,0.3231859637,"_NaN_","_NaN_","_NaN_","_NaN_","_NaN_","_NaN_","_NaN_"],
			"r": [1,0.8856340566,0.821825766,0.7279356073,0.6653650857,0.5898568374,0.559851492,0.5000728528,0.4795870234,0.4394453846,0.4386131328,0.4039654846,0.3928557864,0.3671418558,"_NaN_","_NaN_","_NaN_","_NaN_","_NaN_","_NaN_","_NaN_"],
			"a": [1,0.8510007968,0.7451521308,0.6486573664,0.5941805521,0.5398768316,0.484929433,0.4601284809,0.4431565835,0.4242258174,0.3892700683,0.3555231745,0.3329680542,0.3263594927,"_NaN_","_NaN_","_NaN_","_NaN_","_NaN_","_NaN_","_NaN_"],
			"e": [1,0.9101509826,0.8397683633,0.7835222992,0.7336483027,0.6911655591,0.6555922042,0.6193276815,0.5864428943,0.5677525669,0.5475050172,0.5211262584,0.4776464825,0.4482269713,"_NaN_","_NaN_","_NaN_","_NaN_","_NaN_","_NaN_","_NaN_"],
			"z": [1,0.9471959761,0.8990567309,0.8566971949,0.8183581273,0.7835855995,0.7490068881,0.7166846243,0.6845290853,0.6484574387,0.6277233312,0.6039559526,0.5685623615,0.5419574241,"_NaN_","_NaN_","_NaN_","_NaN_","_NaN_","_NaN_","_NaN_"],
			"pinf4": [1,0.9046954959,0.8368080864,0.7140758109,0.6544344248,0.5752848571,0.550928266,0.485364344,0.4768838765,0.4397794339,0.4493930055,0.4159307783,0.4108089727,0.3715954387,"_NaN_","_NaN_","_NaN_","_NaN_","_NaN_","_NaN_","_NaN_"],
			"interest": [1,0.8856340566,0.821825766,0.7279356073,0.6653650857,0.5898568374,0.559851492,0.5000728528,0.4795870234,0.4394453846,0.4386131328,0.4039654846,0.3928557864,0.3671418558,"_NaN_","_NaN_","_NaN_","_NaN_","_NaN_","_NaN_","_NaN_"],
			"inflation": [1,0.9046954959,0.8368080864,0.7140758109,0.6544344248,0.5752848571,0.550928266,0.485364344,0.4768838765,0.4397794339,0.4493930055,0.4159307783,0.4108089727,0.3715954387,"_NaN_","_NaN_","_NaN_","_NaN_","_NaN_","_NaN_","_NaN_"],
			"inflationq": [1,0.7371718519,0.708559573,0.5656682424,0.591237618,0.4911640279,0.5071374156,0.4270061549,0.4617582413,0.3977862662,0.4190808499,0.3479834806,0.3696208459,0.3231859637,"_NaN_","_NaN_","_NaN_","_NaN_","_NaN_","_NaN_","_NaN_"],
			"outputgap": [1,0.3510750935,0.2784267282,0.1855026981,0.2893519248,0.2235545139,0.23743383,0.1766728199,0.2180004817,0.1643188797,0.1855891735,0.1140844679,0.1375045886,0.1063633288,"_NaN_","_NaN_","_NaN_","_NaN_","_NaN_","_NaN_","_NaN_"],
			"output": [1,0.9353368332,0.8870528937,0.8420218442,0.8084960826,0.7745039092,0.7419231497,0.7056032088,0.6805355121,0.6498938899,0.6340708855,0.6087655739,0.5828900639,0.56371706,"_NaN_","_NaN_","_NaN_","_NaN_","_NaN_","_NaN_","_NaN_"],
			"inflationql": [1,0.8005354174,0.7139669067,0.6284679627,0.588564048,0.538759961,0.5043591926,0.4692879541,0.4390183048,0.4175674888,0.3973255191,0.3981521761,0.3705057133,0.3689539014,"_NaN_","_NaN_","_NaN_","_NaN_","_NaN_","_NaN_","_NaN_"],
			"inflationql2": [1,0.8229493958,0.7211680501,0.6294764038,0.5914151091,0.5561186741,0.5129973913,0.4665472239,0.4307681121,0.4133512292,0.4043686125,0.4109238667,0.4061220768,0.3943090444,"_NaN_","_NaN_","_NaN_","_NaN_","_NaN_","_NaN_","_NaN_"],
			"inflationqls": [1,0.8957292555,0.7665746254,0.6728360853,0.6111225717,0.5674496307,0.5309338617,0.4876935509,0.4492908444,0.4264421,0.419010988,0.4270550664,0.4099798975,0.392186011,"_NaN_","_NaN_","_NaN_","_NaN_","_NaN_","_NaN_","_NaN_"]
		},
		"VAR": {
			"y": 8.622209084,
			"m": 4.64031434,
			"pi": 0.06663062102,
			"r": 0.09017560472,
			"a": 8.884391356,
			"e": 4.59135333,
			"z": 8.353917552,
			"pinf4": 0.6665295873,
			"interest": 1.442809676,
			"inflation": 0.6665295873,
			"inflationq": 1.066089936,
			"outputgap": 0.07539938267,
			"output": 8.622209084,
			"inflationql": 0.7290817597,
			"inflationql2": 0.6933873468,
			"inflationqls": 2.728658987
		},
		"IRF": {
			"interest_": {
				"y": [0,-0.2092463407,0.01508229258,0.01027679887,0.005816056657,0.000916188316,0.001984835381,0.002309588928,0.002313701809,0.002253792431,0.00224632469,0.002246547528,0.002244965575,0.00224290289,0.002242078843,0.002242440046,0.002243843136,0.002246273837,0.002249755927,0.002254302098,0.002259920954],
				"m": [0,-0.03047019381,0.0007557436713,0.0007286144468,0.0007385488632,-7.399636931e-05,3.305203292e-05,8.004115602e-05,9.072329401e-05,8.580527303e-05,8.717448535e-05,8.989515564e-05,9.247426372e-05,9.487360507e-05,9.733940037e-05,9.98845078e-05,0.0001024923622,0.0001051593732,0.0001078886932,0.0001106825052,0.0001135423255],
				"pi": [0,-0.0178802818,0.001822881344,0.0005616484255,-0.0002272163508,-0.0005768124876,-0.0004552907231,-0.0004388599816,-0.0004549055521,-0.0004721860935,-0.0004845031043,-0.0004968537801,-0.0005098880227,-0.0005233382711,-0.0005370675427,-0.0005511047523,-0.0005654729184,-0.0005801806057,-0.0005952344314,-0.0006106426827,-0.0006264141865],
				"r": [0,0.2171391017,-0.004136238597,-0.004526307151,-0.00516910606,0.0007072113885,-1.352225337e-05,-0.0003481187127,-0.000432988053,-0.0004012418275,-0.0004131299381,-0.0004348497578,-0.0004556659284,-0.0004751058306,-0.0004949205008,-0.0005152194651,-0.0005358884147,-0.0005569004525,-0.0005782777746,-0.0006000362271,-0.0006221868456],
				"a": [0,0,0,0,0,0,0,0,0,0,0,0,0,0,0,0,0,0,0,0,0],
				"e": [0,0,0,0,0,0,0,0,0,0,0,0,0,0,0,0,0,0,0,0,0],
				"z": [0,0,1.977268869e-18,4.137137038e-18,4.049714159e-18,3.856962185e-18,3.700469027e-18,3.386049628e-18,3.569527467e-18,3.319276088e-18,2.827492487e-18,2.853926736e-18,2.502022986e-18,2.262019651e-18,2.183918925e-18,2.222344254e-18,2.261952987e-18,2.177425161e-18,2.219054004e-18,2.197751085e-18,2.342082383e-18],
				"pinf4": [0,-0.0178802818,-0.01605740045,-0.01549575203,-0.01572296838,0.001580500931,-0.000697671136,-0.001698179543,-0.001925868744,-0.00182124235,-0.001850454731,-0.00190844853,-0.001963431001,-0.002014583178,-0.002067147617,-0.002121398589,-0.002176983484,-0.002233825819,-0.002291992708,-0.002351530638,-0.002412471906],
				"interest": [0,0.8685564069,-0.01654495439,-0.0181052286,-0.02067642424,0.002828845554,-5.40890135e-05,-0.001392474851,-0.001731952212,-0.00160496731,-0.001652519752,-0.001739399031,-0.001822663713,-0.001900423322,-0.001979682003,-0.00206087786,-0.002143553659,-0.00222760181,-0.002313111098,-0.002400144908,-0.002488747382],
				"inflation": [0,-0.0178802818,-0.01605740045,-0.01549575203,-0.01572296838,0.001580500931,-0.000697671136,-0.001698179543,-0.001925868744,-0.00182124235,-0.001850454731,-0.00190844853,-0.001963431001,-0.002014583178,-0.002067147617,-0.002121398589,-0.002176983484,-0.002233825819,-0.002291992708,-0.002351530638,-0.002412471906],
				"inflationq": [0,-0.07152112719,0.007291525375,0.002246593702,-0.0009088654033,-0.00230724995,-0.001821162893,-0.001755439926,-0.001819622208,-0.001888744374,-0.001938012417,-0.00198741512,-0.002039552091,-0.002093353084,-0.002148270171,-0.002204419009,-0.002261891674,-0.002320722423,-0.002380937726,-0.002442570731,-0.002505656746],
				"outputgap": [0,-0.2092463407,0.01508229258,0.01027679887,0.005816056657,0.000916188316,0.001984835381,0.002309588928,0.002313701809,0.002253792431,0.00224632469,0.002246547528,0.002244965575,0.00224290289,0.002242078843,0.002242440046,0.002243843136,0.002246273837,0.002249755927,0.002254302098,0.002259920954],