{
	"model": "NK_IR04AL",
	"rule": "GR",
	"data": {
		"AC": {
			"y": [1,0.9611687636,0.928466428,0.8981653236,0.87005339,0.8418129337,0.8135405294,0.7846636166,0.7583860796,0.7335474912,0.7094647318,0.6853503808,0.6621514961,0.6405205741,0.6200693342,0.6003778076,0.5823529647,0.5647475767,0.5489987984,0.534219255,0.5203547575],
			"m": [1,0.9533842994,0.9103217693,0.8716237037,0.8365601583,0.8069806057,0.7753807109,0.7449938705,0.7165633947,0.6891729684,0.6621527083,0.6349163732,0.6070326633,0.5830312338,0.5570601069,0.5345524603,0.5154610584,0.4983899363,0.4801820734,0.4607154073,0.4364428728],
			"pi": [1,0.7855068229,0.7469376146,0.663913772,0.6603365094,0.6091397438,0.6128435978,0.5770406515,0.5875979052,0.5442376664,0.5438064539,0.5005803412,0.5148541149,0.4779499473,0.4899257005,0.4447740309,0.4521761807,0.4057058976,0.4278414461,0.3910019058,0.4057083842],
			"r": [1,0.9711671269,0.9345169854,0.8899223808,0.8470719529,0.8049143455,0.767976616,0.7355533397,0.7089644155,0.6826191304,0.6597721883,0.6374505163,0.618021844,0.5951575658,0.573604968,0.5475033657,0.526529345,0.5049716777,0.4884980177,0.4721606608,0.4595369932],
			"a": [1,0.9116662664,0.8392264253,0.7711520075,0.7168234012,0.6626069709,0.6104135433,0.5731401046,0.5375740743,0.4999709918,0.4645573436,0.4354328079,0.4134559588,0.3903711369,0.367071516,0.3447897911,0.325140496,0.3047436055,0.2915074367,0.2810824139,0.2697551722],
			"e": [1,0.9539113852,0.9112873634,0.8729553165,0.8380942158,0.8082703916,0.7764539091,0.7458529548,0.7171670995,0.6896144227,0.6624033077,0.6352207098,0.607548217,0.5835759298,0.5578291638,0.5352533748,0.5157875895,0.4982809074,0.4798790924,0.460465972,0.4365483062],
			"z": [1,0.9671154868,0.9377449571,0.9083370639,0.8803114494,0.8520102585,0.8242694844,0.7965034557,0.771055389,0.7463130981,0.7230206637,0.6999951783,0.677399981,0.656353586,0.6354472689,0.6159314797,0.597388652,0.5793840201,0.5633016731,0.5488882115,0.5343243095],
			"pinf4": [1,0.9448215833,0.8933202832,0.8256670329,0.7790481949,0.7359572256,0.7106056505,0.6826705761,0.6677484134,0.6398724761,0.6225732244,0.5975801114,0.5871470358,0.5630906195,0.5480037315,0.5189226377,0.5045825349,0.4797188684,0.4718944306,0.4533659174,0.4466070832],
			"interest": [1,0.9711671269,0.9345169854,0.8899223808,0.8470719529,0.8049143455,0.767976616,0.7355533397,0.7089644155,0.6826191304,0.6597721883,0.6374505163,0.618021844,0.5951575658,0.573604968,0.5475033657,0.526529345,0.5049716777,0.4884980177,0.4721606608,0.4595369932],
			"inflation": [1,0.9448215833,0.8933202832,0.8256670329,0.7790481949,0.7359572256,0.7106056505,0.6826705761,0.6677484134,0.6398724761,0.6225732244,0.5975801114,0.5871470358,0.5630906195,0.5480037315,0.5189226377,0.5045825349,0.4797188684,0.4718944306,0.4533659174,0.4466070832],
			"inflationq": [1,0.7855068229,0.7469376146,0.663913772,0.6603365094,0.6091397438,0.6128435978,0.5770406515,0.5875979052,0.5442376664,0.5438064539,0.5005803412,0.5148541149,0.4779499473,0.4899257005,0.4447740309,0.4521761807,0.4057058976,0.4278414461,0.3910019058,0.4057083842],
			"outputgap": [1,0.5647004084,0.4122717315,0.3496780292,0.3647120605,0.3462129015,0.338788638,0.3395989646,0.3416158287,0.3302792127,0.3180489423,0.3097351059,0.301133851,0.293125079,0.2935398434,0.2750167797,0.2793451156,0.2694317768,0.2730120691,0.2510450469,0.2571857092],
			"output": [1,0.9611687636,0.928466428,0.8981653236,0.87005339,0.8418129337,0.8135405294,0.7846636166,0.7583860796,0.7335474912,0.7094647318,0.6853503808,0.6621514961,0.6405205741,0.6200693342,0.6003778076,0.5823529647,0.5647475767,0.5489987984,0.534219255,0.5203547575],
			"inflationql": [1,0.8382299725,0.7528815076,0.7038943409,0.6725834148,0.648338912,0.6221984012,0.6052335012,0.593118555,0.5695874553,0.5458556959,0.5250988768,0.5110811656,0.5027762767,0.4820428662,0.4601724549,0.4440268972,0.4246585069,0.4161343407,0.4036175179,0.3987106071],
			"inflationql2": [1,0.8469625895,0.7665184461,0.7078756271,0.6748756167,0.6474106324,0.6230467584,0.6049184066,0.5901820501,0.5643591823,0.5492458467,0.5305500428,0.5105842951,0.4989950104,0.4794089474,0.4598719666,0.4399413501,0.4215561329,0.4145434396,0.4043698407,0.3976980291],
			"inflationqls": [1,0.9189490634,0.8134520899,0.7544565132,0.7172900302,0.6876543905,0.6611078915,0.6415461541,0.6260146866,0.6018590832,0.5786058788,0.5595628764,0.5428135048,0.5287032161,0.5094676954,0.4861110594,0.4663944548,0.4479604111,0.4352891753,0.4261361733,0.4175328085]
		},
		"VAR": {
			"y": 13.71649551,
			"m": 8.709883221,
			"pi": 0.05713477108,
			"r": 0.1455388026,
			"a": 18.5961487,
			"e": 8.673123108,
			"z": 13.30891565,
			"pinf4": 0.7153088801,
			"interest": 2.328620842,
			"inflation": 0.7153088801,
			"inflationq": 0.9141563373,
			"outputgap": 0.1742095708,
			"output": 13.71649551,
			"inflationql": 0.7962765592,
			"inflationql2": 0.7709817027,
			"inflationqls": 2.982139135
		},
		"IRF": {
			"interest_": {
				"y": [0,-0.4859567003,-0.251289523,-0.1112179094,-0.03808120713,-0.01371150042,-0.008330721566,-0.008609015749,-0.009865214732,-0.01100837664,-0.01197214568,-0.01285927626,-0.01374115896,-0.01464842159,-0.0155911131,-0.01657219788,-0.01759309673,-0.0186552814,-0.01976051554,-0.02091079386,-0.02210827804],
				"m": [0,-0.0358485796,-0.01923943991,-0.008516167159,-0.001748159727,0.0007745764894,0.001531333537,0.001703061176,0.001752110375,0.001802818216,0.001872491939,0.001955517197,0.002046386227,0.002142612481,0.002243533747,0.002349203717,0.002459878312,0.002575850406,0.002697418132,0.0028248886,0.002958585584],
				"pi": [0,-0.08010899811,-0.04261884246,-0.02102625112,-0.01102257515,-0.008055427071,-0.007696897852,-0.008070803239,-0.008556262434,-0.009024824823,-0.009478976455,-0.009937644376,-0.01041252262,-0.01090882388,-0.01142880918,-0.01197384041,-0.01254516897,-0.01314415042,-0.01377227642,-0.01443117223,-0.01512259834],
				"r": [0,0.2251835631,0.1220548797,0.05402817098,0.009164481649,-0.007923406843,-0.01329303707,-0.01470090827,-0.01525164483,-0.01580136345,-0.0164800307,-0.0172557455,-0.01809349751,-0.01897727851,-0.01990306422,-0.02087165822,-0.0218852857,-0.02294647363,-0.02405782796,-0.0252220555,-0.0264420174],
				"a": [0,0,0,0,0,0,0,0,0,0,0,0,0,0,0,0,0,0,0,0,0],
				"e": [0,0,0,0,0,0,0,0,0,0,0,0,0,0,0,0,0,0,0,0,0],
				"z": [0,-5.529188218e-17,-4.590232554e-17,-4.546166322e-17,-4.059585397e-17,-4.020613377e-17,-3.865757388e-17,-3.828646118e-17,-3.791891115e-17,-3.75548896e-17,-3.619636356e-17,-2.89373932e-17,-2.75606521e-17,-2.729606984e-17,-2.703402757e-17,-2.619877293e-17,-2.594726471e-17,-2.569817097e-17,-2.545146853e-17,-2.520713443e-17,-1.706422809e-17],
				"pinf4": [0,-0.08010899811,-0.1227278406,-0.1437540917,-0.1547766668,-0.0827230958,-0.04780115118,-0.03484570331,-0.0323793906,-0.03334878835,-0.03513086695,-0.03699770809,-0.03885396827,-0.04073796733,-0.04268780006,-0.04472399608,-0.04685664244,-0.04909196897,-0.05143543622,-0.05389276804,-0.0564701974],
				"interest": [0,0.9007342522,0.4882195187,0.2161126839,0.0366579266,-0.03169362737,-0.05317214827,-0.05880363307,-0.0610065793,-0.06320545379,-0.06592012279,-0.06902298201,-0.07237399005,-0.07590911405,-0.07961225688,-0.08348663288,-0.08754114279,-0.09178589453,-0.09623131183,-0.100888222,-0.1057680696],
				"inflation": [0,-0.08010899811,-0.1227278406,-0.1437540917,-0.1547766668,-0.0827230958,-0.04780115118,-0.03484570331,-0.0323793906,-0.03334878835,-0.03513086695,-0.03699770809,-0.03885396827,-0.04073796733,-0.04268780006,-0.04472399608,-0.04685664244,-0.04909196897,-0.05143543622,-0.05389276804,-0.0564701974],
				"inflationq": [0,-0.3204359924,-0.1704753698,-0.08410500447,-0.04409030058,-0.03222170828,-0.03078759141,-0.03228321295,-0.03422504974,-0.03609929929,-0.03791590582,-0.03975057751,-0.04165009048,-0.04363529553,-0.04571523671,-0.04789536162,-0.05018067589,-0.05257660167,-0.05508910568,-0.05772468891,-0.06049039336],