{
	"model": "NK_IR04AL",
	"rule": "Model",
	"data": {
		"AC": {
			"y": [1,0.9367915767,0.9002569766,0.8709328308,0.8402486588,0.8137784902,0.7880400283,0.7625654323,0.7415394665,0.7165921768,0.694453754,0.6695149931,0.6498136479,0.6309617254,0.6138345735,0.5937735145,0.5757999475,0.5603390413,0.5496434545,0.5297206984,0.51356307],
			"m": [1,0.9559849395,0.9147724635,0.8764805164,0.839300249,0.8027805888,0.7658523778,0.7307408797,0.6952617057,0.6608655239,0.6300155092,0.6010934857,0.5712536887,0.5444265858,0.5213302412,0.4990143478,0.4786669258,0.4585657406,0.4365986951,0.4160327359,0.3968687881],
			"pi": [1,0.7722647891,0.7287535286,0.6676697048,0.6394920064,0.5615380224,0.5787876156,0.5018220844,0.4945887139,0.4629780894,0.4666535029,0.4189692622,0.4399902348,0.3702883164,0.3830712918,0.3596311104,0.3703693829,0.3455387143,0.3789314524,0.3309432874,0.3544845146],
			"r": [1,0.934109056,0.8708085087,0.8166914117,0.7597893705,0.7067819093,0.6689893229,0.6283918484,0.5930287809,0.5691093809,0.5390977454,0.5096766205,0.4838288766,0.4631609553,0.4479067875,0.4370580214,0.4233950037,0.4167725609,0.4125339462,0.4037636511,0.3951285541],
			"a": [1,0.906269331,0.8270852455,0.7577139594,0.697392685,0.6355747232,0.5827547397,0.5402074609,0.4970643354,0.4577282341,0.424502844,0.3992570073,0.3690922689,0.3410437971,0.3252358391,0.3155306353,0.3056100954,0.3051366398,0.3017235549,0.2928296917,0.2868051376],
			"e": [1,0.9562240476,0.9151295014,0.8770061344,0.8399376059,0.8035173945,0.7666878632,0.7317042464,0.6964009133,0.6623052204,0.631895206,0.6033936292,0.5739496321,0.5476437425,0.5249300516,0.5028661886,0.4826680385,0.4628833331,0.4411589327,0.4208113875,0.4018626578],
			"z": [1,0.95464761,0.9174331611,0.8800176862,0.8471371312,0.8199442379,0.7956476465,0.7731395213,0.7548911678,0.7337590132,0.7095780605,0.6831969826,0.659827201,0.6371038497,0.624738999,0.6057181479,0.5878509452,0.5724634961,0.55736633,0.5407254886,0.5239103077],
			"pinf4": [1,0.9278216326,0.8684884816,0.8076161343,0.7426401213,0.6847568854,0.6565548792,0.6088661916,0.5794095471,0.5560428442,0.5286328072,0.4944522473,0.4799989485,0.4501898727,0.4379275151,0.4276752978,0.4183735002,0.4074684603,0.4113612975,0.3981794621,0.392260552],
			"interest": [1,0.934109056,0.8708085087,0.8166914117,0.7597893705,0.7067819093,0.6689893229,0.6283918484,0.5930287809,0.5691093809,0.5390977454,0.5096766205,0.4838288766,0.4631609553,0.4479067875,0.4370580214,0.4233950037,0.4167725609,0.4125339462,0.4037636511,0.3951285541],
			"inflation": [1,0.9278216326,0.8684884816,0.8076161343,0.7426401213,0.6847568854,0.6565548792,0.6088661916,0.5794095471,0.5560428442,0.5286328072,0.4944522473,0.4799989485,0.4501898727,0.4379275151,0.4276752978,0.4183735002,0.4074684603,0.4113612975,0.3981794621,0.392260552],
			"inflationq": [1,0.7722647891,0.7287535286,0.6676697048,0.6394920064,0.5615380224,0.5787876156,0.5018220844,0.4945887139,0.4629780894,0.4666535029,0.4189692622,0.4399902348,0.3702883164,0.3830712918,0.3596311104,0.3703693829,0.3455387143,0.3789314524,0.3309432874,0.3544845146],
			"outputgap": [1,0.5180289318,0.4353662053,0.4035335814,0.3946956461,0.3355406729,0.3352486888,0.3042710141,0.3014101309,0.2740042507,0.2853526497,0.2551312386,0.2757381781,0.2370812816,0.2469827165,0.2457218134,0.2534953522,0.230214469,0.2644245814,0.2377211183,0.2492605272],
			"output": [1,0.9367915767,0.9002569766,0.8709328308,0.8402486588,0.8137784902,0.7880400283,0.7625654323,0.7415394665,0.7165921768,0.694453754,0.6695149931,0.6498136479,0.6309617254,0.6138345735,0.5937735145,0.5757999475,0.5603390413,0.5496434545,0.5297206984,0.51356307],
			"inflationql": [1,0.8398424307,0.7643037513,0.7236646594,0.6701582726,0.6163101203,0.5924170893,0.5555405816,0.5190810384,0.510785163,0.4835034509,0.4624026944,0.4376151168,0.4147315255,0.403143228,0.399638929,0.3796361852,0.3811437087,0.3815570581,0.3673528485,0.3645240496],
			"inflationql2": [1,0.8605364267,0.7873599592,0.7268091622,0.6810744401,0.6329114741,0.5957946147,0.5677754595,0.5348820115,0.5128507881,0.4881546332,0.4666780544,0.4360539619,0.4222395915,0.4079790244,0.3920919591,0.3766388999,0.3823413882,0.3797372445,0.3722826471,0.3629841681],
			"inflationqls": [1,0.9149150957,0.8205778193,0.7636335181,0.707991336,0.6568745691,0.62292451,0.5856507726,0.5544843464,0.5349290228,0.5108679975,0.4817830306,0.4567228532,0.4373973353,0.4242728881,0.4116211701,0.3993023914,0.3964565503,0.3956189357,0.3889775863,0.3802919599]
		},
		"VAR": {
			"y": 14.35297705,
			"m": 7.514023683,
			"pi": 0.4291888245,
			"r": 0.4882490712,
			"a": 16.29387178,
			"e": 7.514604759,
			"z": 13.44155911,
			"pinf4": 5.143619118,
			"interest": 7.81198514,
			"inflation": 5.143619118,
			"inflationq": 6.867021193,
			"outputgap": 0.4477549675,
			"output": 14.35297705,
			"inflationql": 5.584771003,
			"inflationql2": 5.246667992,
			"inflationqls": 20.98788005
		},
		"IRF": {
			"interest_": {
				"y": [0,-0.4599926888,-0.1965082275,-0.08520167459,-0.03914775303,-0.02185929334,-0.01596955007,-0.01441365925,-0.01448679763,-0.01518366556,-0.01613782552,-0.01721830773,-0.01838001381,-0.01960906238,-0.02090301169,-0.02226376352,-0.02369505375,-0.02520160095,-0.02678886013,-0.02846300652,-0.03023101905],
				"m": [0,-0.03854288448,-0.01508656936,-0.005375066035,-0.001478184046,2.717192934e-05,0.0006122839867,0.0008551287805,0.0009739864153,0.001049531377,0.001111258797,0.001169936589,0.001229551239,0.001291654473,0.001356934479,0.001425782175,0.001498495674,0.001575355174,0.001656651845,0.001742700725,0.001833848475],
				"pi": [0,-0.07261920228,-0.03572229217,-0.0189788922,-0.01187391892,-0.009294098527,-0.008570267156,-0.008575670906,-0.008868059927,-0.009281279938,-0.009754895501,-0.01026788446,-0.01081374438,-0.01139133987,-0.01200158448,-0.01264625716,-0.01332759564,-0.01404817419,-0.01481088875,-0.01561898709,-0.01647612331],
				"r": [0,0.25,0.0957772931,0.0322052724,0.006871699029,-0.002978007707,-0.006911293988,-0.008655991979,-0.009615330278,-0.01030722056,-0.0109211546,-0.01152666548,-0.01214992372,-0.01280158,-0.01348682705,-0.01420902989,-0.01497104335,-0.01577570319,-0.01662602586,-0.01752530958,-0.01847720685],
				"a": [0,0,0,0,0,0,0,0,0,0,0,0,0,0,0,0,0,0,0,0,0],
				"e": [0,0,0,0,0,0,0,0,0,0,0,0,0,0,0,0,0,0,0,0,0],
				"z": [0,0,1.606100951e-17,1.590682382e-17,8.6313578e-18,8.482910598e-18,8.401474656e-18,8.3208205e-18,8.240940623e-18,8.132192281e-18,1.033374574e-17,1.023454178e-17,1.013629018e-17,1.003898179e-17,9.942607565e-18,9.807792993e-18,9.71363818e-18,1.252431644e-17,1.2404083e-17,1.58650471e-17,1.561037741e-17],
				"pinf4": [0,-0.07261920228,-0.1083414945,-0.1273203867,-0.1391943056,-0.07586920182,-0.0487171768,-0.03831395551,-0.03530809652,-0.03529527793,-0.03647990627,-0.03817211982,-0.04011780428,-0.04222786421,-0.04447455319,-0.0468529259,-0.04936677716,-0.05202361148,-0.05483291574,-0.05780564567,-0.06095417333],
				"interest": [0,1,0.3831091724,0.1288210896,0.02748679611,-0.01191203083,-0.02764517595,-0.03462396792,-0.03846132111,-0.04122888226,-0.04368461838,-0.04610666191,-0.04859969489,-0.05120632001,-0.05394730818,-0.05683611955,-0.0598841734,-0.06310281275,-0.06650410342,-0.07010123832,-0.07390882738],
				"inflation": [0,-0.07261920228,-0.1083414945,-0.1273203867,-0.1391943056,-0.07586920182,-0.0487171768,-0.03831395551,-0.03530809652,-0.03529527793,-0.03647990627,-0.03817211982,-0.04011780428,-0.04222786421,-0.04447455319,-0.0468529259,-0.04936677716,-0.05202361148,-0.05483291574,-0.05780564567,-0.06095417333],
				"inflationq": [0,-0.2904768091,-0.1428891687,-0.07591556881,-0.04749567567,-0.03717639411,-0.03428106862,-0.03430268362,-0.03547223971,-0.03712511975,-0.039019582,-0.04107153784,-0.04325497754,-0.04556535948,-0.04800633792,-0.05058502865,-0.05331038258,-0.05619269676,-0.05924355499,-0.06247594834,-0.06590449325],