{
	"model": "NK_IR04AL",
	"rule": "SW",
	"data": {
		"AC": {
			"y": [1,0.9449782724,0.8966211335,0.8500171724,0.8069819273,0.7670817455,0.7271274975,0.6906535305,0.6550853894,0.622938117,0.6027619922,0.578665165,0.5558139531,0.5370553542,0.5215616417,0.5088010431,0.493322723,0.4783265822,0.4660319687,0.4546741773,0.441205338],
			"m": [1,0.9467993511,0.8936900002,0.8518104044,0.8182988892,0.777433249,0.7358300323,0.7040781547,0.679454951,0.6548470993,0.6284807109,0.6018782706,0.5778537149,0.5562955555,0.5385848952,0.5230270759,0.5094297701,0.4965446928,0.4806645995,0.4678697835,0.455272346],
			"pi": [1,0.8206068604,0.7479758936,0.6800990318,0.6401726014,0.6091762365,0.5814204758,0.5543574328,0.5323342799,0.5161923137,0.5021295128,0.500909617,0.4911116651,0.4855825457,0.4657181967,0.4572932744,0.4438910657,0.437772707,0.4275397045,0.4064711606,0.39346181],
			"r": [1,0.9053278717,0.869214211,0.8207913977,0.791075423,0.7596518428,0.7345805845,0.7053977956,0.6787661452,0.6625187129,0.6424571283,0.6332084774,0.6178447314,0.6084383015,0.5896235364,0.5783625545,0.5608850561,0.543964687,0.5264456518,0.5018193493,0.4859200037],
			"a": [1,0.8990756095,0.8277585614,0.7531172005,0.6987267788,0.6477327199,0.5999098526,0.5599496194,0.5205608863,0.4896011084,0.4572633184,0.4263851564,0.400697681,0.3781136832,0.3591069712,0.3424334796,0.326964257,0.3106138632,0.2988593185,0.2852166886,0.2715363593],
			"e": [1,0.9471276355,0.8942317481,0.852248734,0.8185024154,0.7779584229,0.736895732,0.7054016661,0.6807920003,0.6561010399,0.6297818787,0.6030915682,0.5791748636,0.5575856615,0.5400381466,0.5245676415,0.5110083397,0.4982581129,0.4824826106,0.4696864894,0.4572465715],
			"z": [1,0.9513289435,0.9043181873,0.8594646273,0.8172546134,0.7774733108,0.7371973587,0.6983214862,0.6635636444,0.6307892567,0.608898263,0.5844209722,0.561107657,0.5422015754,0.5237765655,0.5101520048,0.4974449785,0.4847282599,0.4736434387,0.4613693286,0.446198595],
			"pinf4": [1,0.9335888924,0.8619201977,0.7887540657,0.7282679799,0.6853465381,0.650568849,0.6177660631,0.5912501933,0.5746086204,0.5635911378,0.5540668448,0.5413380321,0.528874637,0.516485957,0.5082072158,0.4984642503,0.4852653125,0.4703335187,0.4552253589,0.442581821],
			"interest": [1,0.9053278717,0.869214211,0.8207913977,0.791075423,0.7596518428,0.7345805845,0.7053977956,0.6787661452,0.6625187129,0.6424571283,0.6332084774,0.6178447314,0.6084383015,0.5896235364,0.5783625545,0.5608850561,0.543964687,0.5264456518,0.5018193493,0.4859200037],
			"inflation": [1,0.9335888924,0.8619201977,0.7887540657,0.7282679799,0.6853465381,0.650568849,0.6177660631,0.5912501933,0.5746086204,0.5635911378,0.5540668448,0.5413380321,0.528874637,0.516485957,0.5082072158,0.4984642503,0.4852653125,0.4703335187,0.4552253589,0.442581821],
			"inflationq": [1,0.8206068604,0.7479758936,0.6800990318,0.6401726014,0.6091762365,0.5814204758,0.5543574328,0.5323342799,0.5161923137,0.5021295128,0.500909617,0.4911116651,0.4855825457,0.4657181967,0.4572932744,0.4438910657,0.437772707,0.4275397045,0.4064711606,0.39346181],
			"outputgap": [1,0.6400981939,0.5403231039,0.4599987042,0.4311691063,0.3896170005,0.3614629295,0.340606949,0.3174990253,0.3241880338,0.313384439,0.3116669551,0.3130261444,0.3161136005,0.3133412875,0.325848261,0.3164913491,0.3123103556,0.3020285722,0.2861987377,0.2724804331],
			"output": [1,0.9449782724,0.8966211335,0.8500171724,0.8069819273,0.7670817455,0.7271274975,0.6906535305,0.6550853894,0.622938117,0.6027619922,0.578665165,0.5558139531,0.5370553542,0.5215616417,0.5088010431,0.493322723,0.4783265822,0.4660319687,0.4546741773,0.441205338],
			"inflationql": [1,0.8461412604,0.7501707444,0.6908615185,0.6409485647,0.6176982114,0.5835842162,0.5540139993,0.5361972198,0.521789172,"_NaN_","_NaN_","_NaN_","_NaN_","_NaN_","_NaN_","_NaN_","_NaN_","_NaN_","_NaN_","_NaN_"],
			"inflationql2": [1,0.8404972429,0.7571286265,0.6850505333,0.6465219187,0.6080498774,0.5709312198,0.5569540275,0.5368820466,0.5179911055,"_NaN_","_NaN_","_NaN_","_NaN_","_NaN_","_NaN_","_NaN_","_NaN_","_NaN_","_NaN_","_NaN_"],
			"inflationqls": [1,0.9079044858,0.7955910531,0.723619808,0.6772994837,0.6425901908,0.6079568502,0.5817710444,0.5608446462,0.544040129,"_NaN_","_NaN_","_NaN_","_NaN_","_NaN_","_NaN_","_NaN_","_NaN_","_NaN_","_NaN_","_NaN_"]
		},
		"VAR": {
			"y": 11.13366645,
			"m": 7.827420217,
			"pi": 0.0593789218,
			"r": 0.1796121744,
			"a": 15.24676025,
			"e": 7.798862236,
			"z": 10.78843922,
			"pinf4": 0.8295302984,
			"interest": 2.87379479,
			"inflation": 0.8295302984,
			"inflationq": 0.9500627488,
			"outputgap": 0.1012895301,
			"output": 11.13366645,
			"inflationql": 0.9020968263,
			"inflationql2": 0.8712787331,
			"inflationqls": 3.438437789
		},
		"IRF": {
			"interest_": {
				"y": [0,-0.5222980383,-0.4522427465,-0.4144728245,-0.4184996542,-0.5948726341,-0.4007730688,-0.1905563821,0.02959355369,0.1256219077,0.07901233197,0.02021027643,-0.005799703855,-0.0173793916,-0.02687982634,-0.03546419021,-0.04250174372,-0.04825540552,-0.05325772405,-0.05785640829,-0.06224329016],
				"m": [0,-0.01616396474,-0.007074787103,0.00104182486,0.009270470093,0.0231956664,0.02579543023,0.02436496941,0.01862379219,0.01341509118,0.01178967273,0.0116217938,0.01150143379,0.01145318366,0.0116103613,0.01194567044,0.01240159284,0.01294754183,0.01357089016,0.01426468155,0.01502474018],
				"pi": [0,-0.1564145132,-0.1546786691,-0.159281488,-0.1802156058,-0.2787196563,-0.2129985806,-0.1412586772,-0.04584192482,0.006584043007,-0.002772841328,-0.0237095807,-0.03486393177,-0.04064852361,-0.04552733982,-0.05026269381,-0.05467916466,-0.05882990502,-0.06289035531,-0.06699283351,-0.07122020952],
				"r": [0,0.06324265177,-0.0005647345454,-0.06067542357,-0.1269605486,-0.2605487932,-0.2568157052,-0.2188310172,-0.1451336054,-0.09136902508,-0.08426281284,-0.09034749344,-0.09267041656,-0.09374722663,-0.0962035376,-0.09996806273,-0.104501362,-0.1095921441,-0.1152067322,-0.1213334357,-0.1279631029],
				"a": [0,0,0,0,0,0,0,0,0,0,0,0,0,0,0,0,0,0,0,0,0],
				"e": [0,0,0,0,0,0,0,0,0,0,0,0,0,0,0,0,0,0,0,0,0],
				"z": [0,0,-1.3987221e-17,-1.278388434e-17,-6.277136159e-17,-1.084480237e-16,-1.731901778e-16,-1.02247957e-16,-1.017545303e-16,-6.313733359e-17,-6.271323725e-17,-5.774244962e-17,-5.591734226e-17,-3.488484876e-17,-1.381611177e-17,7.593621566e-18,7.520722799e-18,3.207248882e-17,5.902613054e-17,6.050623912e-17,5.992537923e-17],
				"pinf4": [0,-0.1564145132,-0.3110931823,-0.4703746703,-0.6505902761,-0.7728954193,-0.8312153307,-0.8131925199,-0.6788188389,-0.3935151395,-0.1832894003,-0.06574030384,-0.05476231079,-0.1019948774,-0.1447493759,-0.171302489,-0.1911177219,-0.2092991033,-0.2266621188,-0.2433922585,-0.2599333034],
				"interest": [0,0.2529706071,-0.002258938182,-0.2427016943,-0.5078421944,-1.042195173,-1.027262821,-0.8753240688,-0.5805344218,-0.3654761003,-0.3370512514,-0.3613899737,-0.3706816663,-0.3749889065,-0.3848141504,-0.3998722509,-0.4180054482,-0.4383685766,-0.4608269289,-0.4853337426,-0.5118524114],
				"inflation": [0,-0.1564145132,-0.3110931823,-0.4703746703,-0.6505902761,-0.7728954193,-0.8312153307,-0.8131925199,-0.6788188389,-0.3935151395,-0.1832894003,-0.06574030384,-0.05476231079,-0.1019948774,-0.1447493759,-0.171302489,-0.1911177219,-0.2092991033,-0.2266621188,-0.2433922585,-0.2599333034],
				"inflationq": [0,-0.6256580527,-0.6187146765,-0.637125952,-0.7208624234,-1.114878625,-0.8519943223,-0.5650347086,-0.1833676993,0.02633617203,-0.01109136531,-0.09483832281,-0.1394557271,-0.1625940944,-0.1821093593,-0.2010507753,-0.2187166586,-0.2353196201,-0.2515614212,-0.267971334,-0.2848808381],
				"outputgap": [0,-0.5222980383,-0.4522427465,-0.4144728245,-0.4184996542,-0.5948726341,-0.4007730688,-0.1905563821,0.02959355369,0.1256219077,0.07901233197,0.02021027643,-0.005799703855,-0.0173793916,-0.02687982634,-0.03546419021,-0.04250174372,-0.04825540552,-0.05325772405,-0.05785640829,-0.06224329016],