{
	"model": "NK_LWW03",
	"rule": "GR",
	"data": {
		"AC": {
			"ygap": [1,0.2413784406,0.03375162109,-0.01493280292,-0.01750264324,-0.008328092595,-0.002768578263,-0.000657899643,-0.0001029894859,-8.874701409e-06,-3.723527997e-06,-4.40189732e-06,-2.91722426e-06,-1.339138435e-06,-4.737593277e-07,-1.351744231e-07,-3.254977177e-08,-7.711611292e-09,-2.519718304e-09,-1.180297582e-09,-5.703465326e-10],
			"pdot": [1,-0.1412776933,-0.08933308072,-0.04118386238,-0.008855703203,-0.0003472176988,0.0007031266139,0.0003263929368,6.850624077e-05,-5.951885292e-06,-1.119598424e-05,-5.055972154e-06,-1.351959981e-06,-1.613352448e-07,4.513634441e-08,3.066141209e-08,7.100960074e-09,-7.430370299e-10,-1.38353047e-09,-6.714246551e-10,-2.054599043e-10],
			"rff": [1,0.7605300206,0.4892647562,0.2712155818,0.1061749006,0.03373873627,0.008806936007,0.002077598404,0.0005666117776,0.0002286347592,0.0001106591049,4.983531353e-05,1.942255308e-05,6.56660686e-06,1.985448857e-06,5.735343388e-07,1.767893247e-07,6.33368625e-08,2.533006363e-08,1.018327488e-08,3.848470257e-09],
			"rstar": [1,0.35,0.1225,0.042875,0.01500625,0.0052521875,0.001838265625,0.0006433929688,0.0002251875391,7.881563867e-05,2.758547354e-05,9.654915737e-06,3.379220508e-06,1.182727178e-06,4.139545122e-07,1.448840793e-07,5.070942775e-08,1.774829971e-08,6.211904899e-09,2.174166715e-09,7.609583502e-10],
			"drff": [1,0.06638678674,-0.1111122363,-0.1106787862,-0.1933530813,-0.09918647046,-0.03800572978,-0.01089562664,-0.002449178829,-0.0004593506139,-0.0001193299116,-6.349654132e-05,-3.665765178e-05,-1.727729763e-05,-6.617204152e-06,-2.119617471e-06,-5.914990944e-07,-1.575263494e-07,-4.77304299e-08,-1.83989328e-08,-7.994202986e-09],
			"pdotsh": [1,-5.56855678e-17,1.497381259e-18,2.868441442e-19,-2.838487088e-20,-4.202862586e-20,-1.67131726e-20,-3.38830663e-21,1.563542903e-22,4.244113579e-22,1.809245713e-22,4.005549061e-23,-1.533917948e-25,-4.225154532e-24,-1.947233507e-24,-4.665549894e-25,-1.483240745e-26,4.149359191e-26,2.081724565e-26,5.369068826e-27,3.35716333e-28],
			"interest": [1,0.7605300206,0.4892647562,0.2712155818,0.1061749006,0.03373873627,0.008806936007,0.002077598404,0.0005666117776,0.0002286347592,0.0001106591049,4.983531353e-05,1.942255308e-05,6.56660686e-06,1.985448857e-06,5.735343388e-07,1.767893247e-07,6.33368625e-08,2.533006363e-08,1.018327488e-08,3.848470257e-09],
			"inflation": [1,0.6280899744,0.3450324534,0.09516636713,-0.1762962855,-0.07255904371,-0.02064936895,-0.002194460623,0.0008356954455,0.0005502297493,0.0001410926366,-5.687407031e-07,-1.81678345e-05,-9.51301157e-06,-2.933646766e-06,-5.154188218e-07,1.60942933e-08,4.390235069e-08,1.276845105e-08,-7.065342933e-10,-2.382609665e-09],
			"inflationq": [1,-0.1412776933,-0.08933308072,-0.04118386238,-0.008855703203,-0.0003472176988,0.0007031266139,0.0003263929368,6.850624077e-05,-5.951885292e-06,-1.119598424e-05,-5.055972154e-06,-1.351959981e-06,-1.613352448e-07,4.513634441e-08,3.066141209e-08,7.100960074e-09,-7.430370299e-10,-1.38353047e-09,-6.714246551e-10,-2.054599043e-10],
			"outputgap": [1,0.2413784406,0.03375162109,-0.01493280292,-0.01750264324,-0.008328092595,-0.002768578263,-0.000657899643,-0.0001029894859,-8.874701409e-06,-3.723527997e-06,-4.40189732e-06,-2.91722426e-06,-1.339138435e-06,-4.737593277e-07,-1.351744231e-07,-3.254977177e-08,-7.711611292e-09,-2.519718304e-09,-1.180297582e-09,-5.703465326e-10],
			"AUX_ENDO_LEAD_71": [1,0.5138874839,0.1895525736,0.03084725225,-0.003424524639,-0.004591569469,-0.00164221929,-0.0002487098194,6.94470586e-05,6.301088475e-05,2.383458386e-05,5.15167961e-06,1.366077598e-07,-3.956877744e-07,-1.717158038e-07,-2.954524941e-08,7.301866363e-09,7.584091688e-09,3.16110981e-09,8.203190251e-10,1.016502082e-10],
			"AUX_ENDO_LEAD_75": [1,0.4203121539,0.09380184193,0.006732528262,-0.005090330094,-0.002414040371,-0.0003837074918,0.0001480323029,0.0001348093593,5.651655907e-05,1.550270919e-05,2.471317728e-06,-6.431486533e-08,-1.47840009e-07,-1.360597378e-08,2.595585961e-08,1.940168615e-08,8.398545393e-09,2.616628469e-09,5.990532901e-10,9.597350875e-11],
			"AUX_ENDO_LEAD_79": [1,0.2547930681,0.03361802468,-0.006085630388,-0.004390319828,-0.0007742322171,0.0003231778875,0.0003093235759,0.0001379217954,4.168831289e-05,8.458133184e-06,7.934116337e-07,-9.306316676e-08,1.988414771e-08,6.978311684e-08,4.817342135e-08,2.138002892e-08,7.119835314e-09,1.854515333e-09,3.905785268e-10,8.270134909e-11],
			"AUX_ENDO_LEAD_106": [1,0.502141795,0.1988642171,0.02500049538,-0.008734873131,-0.007358377714,-0.002646213221,-0.000529285052,8.815919706e-06,5.176298261e-05,2.065494293e-05,3.353509138e-06,-8.892782803e-07,-8.679714743e-07,-3.48491089e-07,-8.500771657e-08,-7.941953351e-09,3.520669029e-09,1.897624783e-09,3.199345107e-10,-1.169688532e-10],
			"AUX_ENDO_LEAD_110": [1,0.5164015854,0.1253537399,0.01173088345,-0.006629862333,-0.003754982895,-0.0008987507341,3.172308147e-05,0.0001282710443,6.351252933e-05,1.87155943e-05,2.988911492e-06,-2.44527215e-07,-3.158582494e-07,-8.369784375e-08,7.063936776e-09,1.658045149e-08,8.587559161e-09,2.836243243e-09,6.252144054e-10,6.565653797e-11],
			"AUX_ENDO_LEAD_114": [1,0.2784718418,0.04274800037,-0.006142786287,-0.005839680994,-0.001632414305,1.144279352e-05,0.0002308350763,0.0001259260934,4.149473156e-05,8.647687862e-06,5.637686123e-07,-3.376177447e-07,-1.113002545e-07,1.971326976e-08,3.344626326e-08,1.795616488e-08,6.435484651e-09,1.674331983e-09,3.017793525e-10,3.351056052e-11],
			"AUX_ENDO_LAG_1_1": [1,-0.1412776933,-0.08933308072,-0.04118386238,-0.008855703203,-0.0003472176988,0.0007031266139,0.0003263929368,6.850624077e-05,-5.951885292e-06,-1.119598424e-05,-5.055972154e-06,-1.351959981e-06,-1.613352448e-07,4.513634441e-08,3.066141209e-08,7.100960074e-09,-7.430370299e-10,-1.38353047e-09,-6.714246551e-10,-2.054599043e-10],
			"AUX_ENDO_LAG_1_2": [1,-0.1412776933,-0.08933308072,-0.04118386238,-0.008855703203,-0.0003472176988,0.0007031266139,0.0003263929368,6.850624077e-05,-5.951885292e-06,-1.119598424e-05,-5.055972154e-06,-1.351959981e-06,-1.613352448e-07,4.513634441e-08,3.066141209e-08,7.100960074e-09,-7.430370299e-10,-1.38353047e-09,-6.714246551e-10,-2.054599043e-10],
			"AUX_ENDO_LAG_9_1": [1,0.2413784406,0.03375162109,-0.01493280292,-0.01750264324,-0.008328092595,-0.002768578263,-0.000657899643,-0.0001029894859,-8.874701409e-06,-3.723527997e-06,-4.40189732e-06,-2.91722426e-06,-1.339138435e-06,-4.737593277e-07,-1.351744231e-07,-3.254977177e-08,-7.711611292e-09,-2.519718304e-09,-1.180297582e-09,-5.703465326e-10],
			"AUX_ENDO_LAG_9_2": [1,0.2413784406,0.03375162109,-0.01493280292,-0.01750264324,-0.008328092595,-0.002768578263,-0.000657899643,-0.0001029894859,-8.874701409e-06,-3.723527997e-06,-4.40189732e-06,-2.91722426e-06,-1.339138435e-06,-4.737593277e-07,-1.351744231e-07,-3.254977177e-08,-7.711611292e-09,-2.519718304e-09,-1.180297582e-09,-5.703465326e-10],
			"AUX_ENDO_LAG_9_3": [1,0.2413784406,0.03375162109,-0.01493280292,-0.01750264324,-0.008328092595,-0.002768578263,-0.000657899643,-0.0001029894859,-8.874701409e-06,-3.723527997e-06,-4.40189732e-06,-2.91722426e-06,-1.339138435e-06,-4.737593277e-07,-1.351744231e-07,-3.254977177e-08,-7.711611292e-09,-2.519718304e-09,-1.180297582e-09,-5.703465326e-10],
			"AUX_ENDO_LAG_6_1": [1,0.7605300206,0.4892647562,0.2712155818,0.1061749006,0.03373873627,0.008806936007,0.002077598404,0.0005666117776,0.0002286347592,0.0001106591049,4.983531353e-05,1.942255308e-05,6.56660686e-06,1.985448857e-06,5.735343388e-07,1.767893247e-07,6.33368625e-08,2.533006363e-08,1.018327488e-08,3.848470257e-09],
			"AUX_ENDO_LAG_6_2": [1,0.7605300206,0.4892647562,0.2712155818,0.1061749006,0.03373873627,0.008806936007,0.002077598404,0.0005666117776,0.0002286347592,0.0001106591049,4.983531353e-05,1.942255308e-05,6.56660686e-06,1.985448857e-06,5.735343388e-07,1.767893247e-07,6.33368625e-08,2.533006363e-08,1.018327488e-08,3.848470257e-09],