{
	"model": "NK_LWW03AL",
	"rule": "CMR",
	"data": {
		"AC": {
			"ygap": [1,0.453561162,0.2997244893,0.2347480899,0.204716425,0.1860752545,0.1781137357,0.168547684,0.1628209807,0.1774049925,0.1631616621,0.1736582571,0.1652043135,0.1643461708,0.1643684969,0.1660974203,0.1623735742,0.1643989914,0.139463465,0.15408587,0.1572942946],
			"pdot": [1,0.07957113223,0.08033904489,0.05463597739,0.05467364806,0.04741148401,0.0520947671,0.04401425295,0.03821819559,0.0570414646,0.03760044982,0.01836084727,0.03274055828,0.04450247318,0.0332756235,0.04761930899,0.03660449032,0.05194843932,0.03588870803,0.0225691177,0.04031827703],
			"rff": [1,0.4809598991,0.3458704292,0.2915590511,0.2451692185,0.2301741866,0.226813794,0.2091927117,0.2032360856,0.2105089893,0.1914165089,0.2000536311,0.1934722328,0.1883087376,0.1843276405,0.1903795242,0.1860279247,0.2041483183,0.1807673602,0.1919057894,0.19113293],
			"rstar": [1,0.3512093844,0.1322511076,0.05692493613,0.0192765058,0.00172111542,-0.009685642603,-0.01309455527,-0.01400777032,-9.629467125e-05,-0.01253655753,-0.002780885654,-0.00599789706,-0.01438642123,0.002301330424,-0.01030878134,-0.006318796291,0.003106111231,-0.02379937052,-0.00477627321,-0.009166190284],
			"drff": [1,-0.3281224316,-0.06262984318,-0.008123459029,-0.00302539056,0.008646685065,0.01650249942,0.008682330986,0.003249700661,0.03706911157,-0.005888548535,0.02500880193,0.01714660279,0.003204852625,0.02115287013,0.01229706975,0.003522313411,0.04411524053,-0.01747488734,0.0316786374,0.01331805731],
			"pdotsh": [1,-0.007790627357,0.003275938533,-0.01273281524,-0.001386894254,-0.003156286154,0.000963651026,-0.0007300853501,-0.007803959944,0.002005703696,0.004581928981,-0.02753434757,-0.01187715713,-0.003407283953,0.003813440163,-0.001607233105,-0.003174822096,0.008146096223,-0.006397862288,-0.02487044151,-0.004852170354],
			"pinf4": [1,0.762133071,0.538509907,0.3304545337,0.1287883358,0.119149212,0.1139173478,0.106825713,0.09705092877,0.09203386968,0.07844403891,0.06654496785,0.06731232498,0.07210622875,0.07836363638,0.09128732885,0.09070234575,0.08805477401,0.08127819758,0.07888418771,0.08447765603],
			"interest": [1,0.4809598991,0.3458704292,0.2915590511,0.2451692185,0.2301741866,0.226813794,0.2091927117,0.2032360856,0.2105089893,0.1914165089,0.2000536311,0.1934722328,0.1883087376,0.1843276405,0.1903795242,0.1860279247,0.2041483183,0.1807673602,0.1919057894,0.19113293],
			"inflation": [1,0.762133071,0.538509907,0.3304545337,0.1287883358,0.119149212,0.1139173478,0.106825713,0.09705092877,0.09203386968,0.07844403891,0.06654496785,0.06731232498,0.07210622875,0.07836363638,0.09128732885,0.09070234575,0.08805477401,0.08127819758,0.07888418771,0.08447765603],
			"inflationq": [1,0.07957113223,0.08033904489,0.05463597739,0.05467364806,0.04741148401,0.0520947671,0.04401425295,0.03821819559,0.0570414646,0.03760044982,0.01836084727,0.03274055828,0.04450247318,0.0332756235,0.04761930899,0.03660449032,0.05194843932,0.03588870803,0.0225691177,0.04031827703],
			"outputgap": [1,0.453561162,0.2997244893,0.2347480899,0.204716425,0.1860752545,0.1781137357,0.168547684,0.1628209807,0.1774049925,0.1631616621,0.1736582571,0.1652043135,0.1643461708,0.1643684969,0.1660974203,0.1623735742,0.1643989914,0.139463465,0.15408587,0.1572942946],
			"output": [1,0.453561162,0.2997244893,0.2347480899,0.204716425,0.1860752545,0.1781137357,0.168547684,0.1628209807,0.1774049925,0.1631616621,0.1736582571,0.1652043135,0.1643461708,0.1643684969,0.1660974203,0.1623735742,0.1643989914,0.139463465,0.15408587,0.1572942946],
			"inflationql": [1,0.07447484973,0.06249726998,0.04106515581,0.04225147293,0.03723674195,0.04334284641,0.03536344894,0.02758206997,0.04843193277,0.02790843883,0.006541779269,0.02344618008,0.03235028003,0.02835795346,0.03949701489,0.02543767561,0.04540616102,0.0288846519,0.01482743812,0.03027428158],
			"inflationql2": [1,0.07832788405,0.06913840992,0.01955222126,0.03214580451,0.03393652181,0.03749017222,0.03064475504,0.02203644156,0.04058434788,0.02358229938,0.002791891532,0.01557628698,0.02906197765,0.02419297571,0.03246764022,0.01373312981,0.03857776912,0.02135125686,0.01170037739,0.02152671409],
			"inflationqls": [1,0.5466815636,0.09949631253,0.07456825329,0.06182000183,0.06590522071,0.06888202937,0.05854544346,0.05694560102,0.06398364916,0.04507196583,0.02120231312,0.03080953868,0.04624634389,0.05176134442,0.05387202674,0.05317698791,0.05792681658,0.04614102445,0.03493749263,0.04451263967]
		},
		"VAR": {
			"ygap": 93.44239333,
			"pdot": 7.26994062,
			"rff": 0.6084653738,
			"rstar": 13.14305518,
			"drff": 0.5231146093,
			"pdotsh": 4.848008023,
			"pinf4": 2.103718144,
			"interest": 0.6084653738,
			"inflation": 2.103718144,
			"inflationq": 7.26994062,
			"outputgap": 93.44239333,
			"output": 93.44239333,
			"inflationql": 7.059551069,
			"inflationql2": 6.792528893,
			"inflationqls": 14.86137667
		},
		"IRF": {
			"interest_": {
				"ygap": [0,-5.396866408,-3.439413255,-2.16312086,-1.358152602,-0.8541795041,-0.540004307,-0.3445680246,-0.2230309501,-0.147330576,-0.09999970778,-0.0702051737,-0.05124360436,-0.03897283043,-0.03083532101,-0.02525258607,-0.02125053592,-0.01822805106,-0.01581413411,-0.01377977374,-0.01198357368],
				"pdot": [0,-1.374135985,-0.913352591,-0.5968314352,-0.3904586155,-0.2600561214,-0.1783300373,-0.1273368229,-0.09558209394,-0.07580467185,-0.06345717777,-0.0557082604,-0.05080171836,-0.04765084465,-0.04558417631,-0.04418716474,-0.04320398201,-0.04247677596,-0.04190814787,-0.04143799431,-0.04102922026],
				"rff": [0,0.3918530003,0.242489789,0.1488080828,0.09033318148,0.05396721418,0.03138431945,0.01735885163,0.00863284894,0.003183491635,-0.0002416970107,-0.002416901587,-0.003820193934,-0.004746638929,-0.005378309674,-0.005827552462,-0.006163695071,-0.006429525697,-0.006651458113,-0.006845801879,-0.00702263032],
				"rstar": [0,2.941677574e-16,1.252858533e-16,8.011683058e-17,3.288719851e-17,1.113350014e-17,2.489667458e-17,1.811904807e-17,6.222672714e-18,7.44501127e-19,-7.525592967e-19,2.877977942e-18,1.33791719e-19,-1.897976833e-18,1.843859861e-18,1.454609076e-18,-2.975560906e-18,7.221455454e-19,7.204146922e-18,3.279914715e-18,4.216217021e-18],
				"drff": [0,0.3918530003,-0.1493632113,-0.09368170621,-0.05847490136,-0.0363659673,-0.02258289473,-0.01402546782,-0.00872600269,-0.005449357306,-0.003425188645,-0.002175204576,-0.001403292347,-0.0009264449949,-0.0006316707453,-0.0004492427876,-0.0003361426087,-0.0002658306261,-0.0002219324159,-0.0001943437668,-0.0001768284409],
				"pdotsh": [0,1.944610332e-16,3.504212521e-17,8.018739509e-18,-2.134298262e-17,-4.820194598e-17,-8.318962057e-18,-1.042513869e-18,2.270815275e-18,-6.029046986e-18,-6.996662905e-19,8.148576183e-18,2.918103923e-18,4.635687523e-19,9.409098156e-18,5.83903903e-18,-5.587279202e-18,-2.768133119e-18,2.458959272e-18,-1.108795009e-18,2.793239403e-18],
				"pinf4": [0,-0.3435339961,-0.5718721439,-0.7210800027,-0.8186946566,-0.5401746908,-0.3564190524,-0.2390453993,-0.1653262689,-0.1192634065,-0.09054519162,-0.07263805099,-0.06144295709,-0.05440450029,-0.04993624993,-0.04705597601,-0.04515654193,-0.04386302476,-0.04294401764,-0.04225672504,-0.0417130346],
				"interest": [0,0.3918530003,0.242489789,0.1488080828,0.09033318148,0.05396721418,0.03138431945,0.01735885163,0.00863284894,0.003183491635,-0.0002416970107,-0.002416901587,-0.003820193934,-0.004746638929,-0.005378309674,-0.005827552462,-0.006163695071,-0.006429525697,-0.006651458113,-0.006845801879,-0.00702263032],
				"inflation": [0,-0.3435339961,-0.5718721439,-0.7210800027,-0.8186946566,-0.5401746908,-0.3564190524,-0.2390453993,-0.1653262689,-0.1192634065,-0.09054519162,-0.07263805099,-0.06144295709,-0.05440450029,-0.04993624993,-0.04705597601,-0.04515654193,-0.04386302476,-0.04294401764,-0.04225672504,-0.0417130346],