{
	"model": "NK_LWW03AL",
	"rule": "CEE",
	"data": {
		"AC": {
			"ygap": [1,0.2159747063,0.02521454405,-0.001302324706,-0.0007641843149,0.006523569426,0.005681647431,0.01346038929,0.01134047431,0.02958854009,0.01884634804,0.03268772342,0.03384541981,0.01834856606,0.04026832012,0.0264037783,0.03121233393,0.04453240893,0.007336872933,0.02807688582,0.01764150063],
			"pdot": [1,0.1130493429,0.1126997171,0.1010949875,0.103332642,0.1151229894,0.1065002108,0.09492086451,0.09632605231,0.106511638,0.09642752717,0.07829074201,0.08846234637,0.09866071833,0.1015815026,0.09188291017,0.08684933587,0.09904448727,0.0917296396,0.06788067767,0.09036492875],
			"rff": [1,0.7204828953,0.5084922868,0.3876012359,0.3212892039,0.2892197344,0.247326395,0.2179858907,0.210951903,0.2018713819,0.1887915189,0.188800995,0.1871640692,0.1736253753,0.1733865327,0.1744488031,0.1792795684,0.1820845951,0.1767741529,0.1661796309,0.1693687301],
			"rstar": [1,0.3291320675,0.1174052868,0.04849217649,0.01958164376,0.0005894215688,-0.01224286171,-0.009930689349,-0.01437218194,0.004617371818,-0.007004961437,0.005309481298,0.004642031415,-0.008651108613,0.008831326511,-0.002833562017,0.001906682722,0.01056195035,-0.01779569236,-0.004280849786,-0.01041937176],
			"drff": [1,0.1053876475,-0.05801213991,-0.04978573214,-0.03069124557,0.00558545961,0.005876538027,0.008571515561,0.01582849979,0.0359994309,0.0184068938,0.03246682144,0.0330058214,0.01719988581,0.04001258094,0.02764154307,0.03687116332,0.0508025559,0.01815299587,0.03512805242,0.02223281624],
			"pdotsh": [1,-0.007484010639,0.005599625921,-0.01135827919,-0.002300902306,-0.003455224685,0.0008537194775,-0.0048901825,-0.004761552644,0.001043054476,0.004533874323,-0.02658332064,-0.01207017712,-0.00168145485,0.00466080518,0.001113136344,-0.006211966408,0.003732364824,-0.004327793162,-0.02239620348,-0.005495862759],
			"pinf4": [1,0.7455345295,0.5261808656,0.3428590997,0.1932643357,0.2134338692,0.2120233722,0.2013911637,0.195422978,0.1841169794,0.1720173257,0.1702459389,0.1739786078,0.1732387026,0.175796539,0.1758495728,0.1741935891,0.1746608696,0.1732264699,0.1634517139,0.1674483381],
			"interest": [1,0.7204828953,0.5084922868,0.3876012359,0.3212892039,0.2892197344,0.247326395,0.2179858907,0.210951903,0.2018713819,0.1887915189,0.188800995,0.1871640692,0.1736253753,0.1733865327,0.1744488031,0.1792795684,0.1820845951,0.1767741529,0.1661796309,0.1693687301],
			"inflation": [1,0.7455345295,0.5261808656,0.3428590997,0.1932643357,0.2134338692,0.2120233722,0.2013911637,0.195422978,0.1841169794,0.1720173257,0.1702459389,0.1739786078,0.1732387026,0.175796539,0.1758495728,0.1741935891,0.1746608696,0.1732264699,0.1634517139,0.1674483381],
			"inflationq": [1,0.1130493429,0.1126997171,0.1010949875,0.103332642,0.1151229894,0.1065002108,0.09492086451,0.09632605231,0.106511638,0.09642752717,0.07829074201,0.08846234637,0.09866071833,0.1015815026,0.09188291017,0.08684933587,0.09904448727,0.0917296396,0.06788067767,0.09036492875],
			"outputgap": [1,0.2159747063,0.02521454405,-0.001302324706,-0.0007641843149,0.006523569426,0.005681647431,0.01346038929,0.01134047431,0.02958854009,0.01884634804,0.03268772342,0.03384541981,0.01834856606,0.04026832012,0.0264037783,0.03121233393,0.04453240893,0.007336872933,0.02807688582,0.01764150063],
			"output": [1,0.2159747063,0.02521454405,-0.001302324706,-0.0007641843149,0.006523569426,0.005681647431,0.01346038929,0.01134047431,0.02958854009,0.01884634804,0.03268772342,0.03384541981,0.01834856606,0.04026832012,0.0264037783,0.03121233393,0.04453240893,0.007336872933,0.02807688582,0.01764150063],
			"inflationql": [1,0.1172118921,0.06196579125,0.06491887028,0.07938523873,0.09403035045,0.08548337922,0.07444547311,0.0750078281,0.07966603508,0.06913800214,0.05136794704,0.06435429918,0.0787937902,0.07948165084,0.06445035938,0.06202395652,0.07748348879,0.07066931934,0.0518517427,0.06578365605],
			"inflationql2": [1,0.1159709903,0.0708880636,0.03818206362,0.06055663215,0.07315071317,0.07239693063,0.06613116133,0.06165418449,0.06563115324,0.05225643164,0.03912971317,0.04922743606,0.07254925477,0.06170258985,0.04702850383,0.04419106122,0.06383431002,0.0588379523,0.03698846147,0.05080456219],
			"inflationqls": [1,0.5572073077,0.1145724775,0.09243735399,0.1198093292,0.1387260754,0.1322159747,0.1211040914,0.1199925759,0.1177692425,0.1003602992,0.08696758176,0.09934271237,0.1196930497,0.1158350813,0.09714719418,0.09960681971,0.1133652576,0.1038736584,0.09005873043,0.09318594002]
		},
		"VAR": {
			"ygap": 34.49228134,
			"pdot": 6.74872564,
			"rff": 0.9537900654,
			"rstar": 12.75268379,
			"drff": 0.2799468067,
			"pdotsh": 4.794647794,
			"pinf4": 2.202598477,
			"interest": 0.9537900654,
			"inflation": 2.202598477,
			"inflationq": 6.74872564,
			"outputgap": 34.49228134,
			"output": 34.49228134,
			"inflationql": 6.424742259,
			"inflationql2": 6.143527022,
			"inflationqls": 14.47723769
		},
		"IRF": {
			"interest_": {
				"ygap": [0,-3.202682538,-1.692060172,-0.8816879669,-0.4623352625,-0.2454271972,-0.1331933429,-0.07505391888,-0.04485771225,-0.02909329243,-0.02078235006,-0.01632142672,-0.01384992643,-0.01240718566,-0.01149719324,-0.01086384053,-0.0103748812,-0.009962019706,-0.009589978991,-0.009240530118,-0.008904246611],
				"pdot": [0,-0.6297001579,-0.3586286329,-0.1995450264,-0.117047816,-0.07433553487,-0.05222307693,-0.04076887922,-0.03482362824,-0.0317243464,-0.03009503026,-0.02922498224,-0.02874720952,-0.02847222148,-0.02830218124,-0.02818657378,-0.02809931616,-0.02802693949,-0.02796248742,-0.02790236601,-0.02784471738],
				"rff": [0,0.6461361138,0.3298112498,0.1661495919,0.08150496464,0.03771133344,0.01502693357,0.003246243571,-0.002903160518,-0.006144244217,-0.007883065976,-0.008845618969,-0.009406747381,-0.009759991448,-0.01000528328,-0.01019422479,-0.01035346475,-0.01049676823,-0.01063124822,-0.01076058301,-0.0108866774],
				"rstar": [0,2.450475567e-16,-5.157091755e-18,4.4299277e-17,1.245137217e-17,5.711915827e-18,1.655354051e-17,9.491456109e-18,1.264849046e-18,3.084386909e-18,2.224737067e-18,3.136097809e-18,1.912285206e-18,2.480541133e-18,5.515584613e-18,6.26663699e-18,-2.628375396e-19,5.959490766e-18,3.467319453e-20,1.336517253e-18,-3.017233426e-18],
				"drff": [0,0.6461361138,-0.3163248641,-0.1636616579,-0.08464462724,-0.0437936312,-0.02268439987,-0.01178069,-0.006149404089,-0.003241083699,-0.001738821759,-0.0009625529929,-0.0005611284123,-0.000353244067,-0.0002452918273,-0.0001889415178,-0.0001592399523,-0.0001433034794,-0.0001344799929,-0.0001293347943,-0.0001260943861],
				"pdotsh": [0,-6.409381334e-17,-1.219757355e-17,1.886999618e-17,-9.964429194e-18,-2.703557722e-19,-6.973698794e-18,7.324089303e-18,2.977785591e-18,-3.48725709e-18,-9.505809131e-19,2.961832348e-18,1.22121644e-18,-3.628402341e-19,-1.708528504e-18,4.037690719e-18,-4.298260538e-18,-3.961339456e-19,5.389236271e-18,-6.076305781e-18,1.024391384e-18],
				"pinf4": [0,-0.1574250395,-0.2470821977,-0.2969684543,-0.3262304083,-0.1873892525,-0.1107878635,-0.07109382675,-0.05053777981,-0.0398849827,-0.03435297103,-0.03146699678,-0.0299478921,-0.02913486087,-0.02868664862,-0.0284270465,-0.02826507316,-0.02815375267,-0.02806882921,-0.02799777727,-0.02793412757],
				"interest": [0,0.6461361138,0.3298112498,0.1661495919,0.08150496464,0.03771133344,0.01502693357,0.003246243571,-0.002903160518,-0.006144244217,-0.007883065976,-0.008845618969,-0.009406747381,-0.009759991448,-0.01000528328,-0.01019422479,-0.01035346475,-0.01049676823,-0.01063124822,-0.01076058301,-0.0108866774],
				"inflation": [0,-0.1574250395,-0.2470821977,-0.2969684543,-0.3262304083,-0.1873892525,-0.1107878635,-0.07109382675,-0.05053777981,-0.0398849827,-0.03435297103,-0.03146699678,-0.0299478921,-0.02913486087,-0.02868664862,-0.0284270465,-0.02826507316,-0.02815375267,-0.02806882921,-0.02799777727,-0.02793412757],