{
	"model": "NK_LWW03AL",
	"rule": "Model",
	"data": {
		"AC": {
			"ygap": [1,0.4782366435,0.2559095884,0.1348562259,0.06744937406,0.02631447038,0.009376596773,-0.003475436224,-0.01110724963,-0.003606571385,-0.008503214026,-0.006396290408,-0.002542654484,-0.005129323857,0.0037018029,-0.008728609561,-0.009805974012,-0.007112144604,-0.02748934731,-0.02283919879,-0.03091314823],
			"pdot": [1,-0.0601138637,-0.07459822442,-0.07539788864,-0.05421257957,-0.02519199949,-0.008313144059,0.006388987256,-0.001406793131,0.01192698782,0.01398442017,-0.02192792299,-0.00653659032,0.0006555283446,0.001478858494,-0.0080428922,-0.005199541776,0.0186353083,0.01412417133,-0.01230961685,-0.007138347349],
			"rff": [1,0.3431430658,0.1251331503,0.04583180152,0.01247731218,-0.008595808829,-0.01098807763,-0.01715476432,-0.02000707691,-0.006752899598,-0.01181854906,-0.00827695524,-0.0050647414,-0.01121266914,-0.0005941689205,-0.01499824733,-0.01317422978,-0.00357699483,-0.02420583557,-0.01264784903,-0.01589394185],
			"rstar": [1,0.3555947875,0.132233238,0.05518335345,0.0193310961,-0.001554704597,-0.01520294292,-0.0187692659,-0.02288687943,-0.007935253066,-0.0170267194,-0.008132080981,-0.009165807006,-0.01713769626,-0.00335693293,-0.01628807836,-0.01176268685,-0.004754252077,-0.02888812081,-0.01255587554,-0.01894284792],
			"drff": [1,-0.3322087461,-0.106042919,-0.03360711279,-0.01137227343,-0.01391269007,0.001629869866,-0.003222898041,-0.0131000069,0.01492950226,-0.006903598363,0.0004039909275,0.009153405603,-0.01402144343,0.01947344835,-0.01283575005,-0.00538074607,0.02355767866,-0.02533337383,0.01194234342,0.0006071306542],
			"pdotsh": [1,-0.008109878699,0.005371920664,-0.01062189765,-0.002124016128,-0.003561128935,0.0009951608957,-0.002114126382,-0.007217441569,-0.0003108566051,0.005727612121,-0.0289429929,-0.01326285335,-0.002180784417,0.005458064359,0.001541437074,-0.00358796207,0.00560684859,-0.005930879055,-0.02282202918,-0.005239214652],
			"pinf4": [1,0.6644176145,0.3438980706,0.04478667391,-0.2281303686,-0.1515972106,-0.07880871073,-0.01933066285,0.004463960258,0.01041643472,0.00187113291,-0.01687745949,-0.01981145803,-0.01947494434,-0.01163451468,0.002378281727,0.008176967932,0.01316381186,0.006472420877,-0.004642744046,-0.006445832621],
			"interest": [1,0.3431430658,0.1251331503,0.04583180152,0.01247731218,-0.008595808829,-0.01098807763,-0.01715476432,-0.02000707691,-0.006752899598,-0.01181854906,-0.00827695524,-0.0050647414,-0.01121266914,-0.0005941689205,-0.01499824733,-0.01317422978,-0.00357699483,-0.02420583557,-0.01264784903,-0.01589394185],
			"inflation": [1,0.6644176145,0.3438980706,0.04478667391,-0.2281303686,-0.1515972106,-0.07880871073,-0.01933066285,0.004463960258,0.01041643472,0.00187113291,-0.01687745949,-0.01981145803,-0.01947494434,-0.01163451468,0.002378281727,0.008176967932,0.01316381186,0.006472420877,-0.004642744046,-0.006445832621],
			"inflationq": [1,-0.0601138637,-0.07459822442,-0.07539788864,-0.05421257957,-0.02519199949,-0.008313144059,0.006388987256,-0.001406793131,0.01192698782,0.01398442017,-0.02192792299,-0.00653659032,0.0006555283446,0.001478858494,-0.0080428922,-0.005199541776,0.0186353083,0.01412417133,-0.01230961685,-0.007138347349],
			"outputgap": [1,0.4782366435,0.2559095884,0.1348562259,0.06744937406,0.02631447038,0.009376596773,-0.003475436224,-0.01110724963,-0.003606571385,-0.008503214026,-0.006396290408,-0.002542654484,-0.005129323857,0.0037018029,-0.008728609561,-0.009805974012,-0.007112144604,-0.02748934731,-0.02283919879,-0.03091314823],
			"output": [1,0.4782366435,0.2559095884,0.1348562259,0.06744937406,0.02631447038,0.009376596773,-0.003475436224,-0.01110724963,-0.003606571385,-0.008503214026,-0.006396290408,-0.002542654484,-0.005129323857,0.0037018029,-0.008728609561,-0.009805974012,-0.007112144604,-0.02748934731,-0.02283919879,-0.03091314823],
			"inflationql": [1,-0.06093845089,-0.07474972779,-0.07514093881,-0.0536055659,-0.02520893621,-0.01011836339,0.005869515443,-0.0005721822132,0.01284501706,0.0149191368,-0.02207205066,-0.006608239068,-0.0003730016919,0.0016273498,-0.007499138716,-0.004614459166,0.01834811258,0.01251307455,-0.01338024202,-0.006276761553],
			"inflationql2": [1,-0.06109062393,-0.07432464891,-0.0751135584,-0.05353323209,-0.02474580261,-0.009886235314,0.005635863123,5.452746749e-05,0.01252506516,0.01608246948,-0.02215337359,-0.007404237017,-0.0005483314883,0.002891552432,-0.007104164765,-0.004591251251,0.01817846657,0.01195481947,-0.01422877015,-0.006279547689],
			"inflationqls": [1,0.4234262974,-0.1541239276,-0.1429577858,-0.1034825054,-0.05661174323,-0.02119634677,0.0001300330275,0.009319882723,0.02131046893,0.0111614583,-0.02128150544,-0.02201535189,-0.002924137989,0.001411043882,-0.00639516566,0.0006636921025,0.02124646668,0.01147712576,-0.01457818335,-0.01542008014]
		},
		"VAR": {
			"ygap": 7.817180934,
			"pdot": 4.111030427,
			"rff": 8.80660715,
			"rstar": 13.60702617,
			"drff": 11.52242378,
			"pdotsh": 4.941702523,
			"pinf4": 0.8182805025,
			"interest": 8.80660715,
			"inflation": 0.8182805025,
			"inflationq": 4.111030427,
			"outputgap": 7.817180934,
			"output": 7.817180934,
			"inflationql": 4.089919291,
			"inflationql2": 4.065908184,
			"inflationqls": 7.732113853
		},
		"IRF": {
			"interest_": {
				"ygap": [0,-0.8439550114,-0.6165781727,-0.4247732502,-0.2723246506,-0.1723595721,-0.1077554055,-0.06622526851,-0.03954642829,-0.02240984218,-0.01140122499,-0.004327516899,0.0002196305763,0.003144580568,0.005028053491,0.006242944922,0.007028699331,0.007539068567,0.007872779125,0.008093224441,0.008241109802],
				"pdot": [0,-0.2511470435,-0.1755594472,-0.1166682634,-0.07583808406,-0.04937384633,-0.03233484224,-0.0213884982,-0.01435893678,-0.009845343917,-0.00694753104,-0.005087340403,-0.003893488618,-0.003127554812,-0.002636439426,-0.002321832198,-0.002120605193,-0.00199222214,-0.00191065347,-0.001859184714,-0.001827082837],
				"rff": [0,-0.03046714194,0.008156211886,0.0242411582,0.0177569514,0.0125970654,0.009060024327,0.006770463565,0.005299654718,0.004357859483,0.00375621745,0.003373125265,0.003130431901,0.00297793977,0.002883411168,0.002826143905,0.002792844028,0.002774974942,0.002767054977,0.002765564136,0.002768242061],
				"rstar": [0,-1.129593661e-17,-6.349708203e-18,-1.120766819e-18,-1.897906364e-18,7.026142812e-18,4.155759508e-19,-1.142612085e-18,-9.583532521e-19,-9.37344434e-19,-2.826775426e-19,-4.313201213e-19,-4.665835499e-19,-2.189873352e-19,6.859793086e-19,8.992539093e-19,6.452789729e-19,7.298711739e-19,3.288810623e-19,-3.949297241e-19,-3.680357829e-19],
				"drff": [0,-0.03046714194,0.03862335382,0.01608494631,-0.006484206798,-0.005159886,-0.003537041071,-0.002289560762,-0.001470808847,-0.0009417952345,-0.000601642033,-0.0003830921849,-0.0002426933641,-0.0001524921316,-9.452860183e-05,-5.726726304e-05,-3.329987692e-05,-1.786908629e-05,-7.919964745e-06,-1.490840776e-06,2.677925228e-06],
				"pdotsh": [0,4.109061706e-17,3.793052072e-17,-4.005020164e-19,1.469891045e-17,5.96200808e-18,9.105444818e-18,-2.748978708e-18,-1.302289184e-19,3.001558145e-19,8.926753409e-19,-4.50802854e-19,4.084854333e-19,6.838914817e-19,-3.222198827e-20,-4.600840675e-19,-3.251861106e-19,1.01107524e-19,5.677387916e-19,6.803340665e-19,-7.983528547e-19],
				"pinf4": [0,-0.06278676087,-0.1066766227,-0.1358436885,-0.1548032095,-0.1043599103,-0.06855375901,-0.04473381771,-0.02936403089,-0.01948190529,-0.01313507749,-0.009059788036,-0.006443425995,-0.004763978718,-0.003686205815,-0.002994828764,-0.002551607907,-0.00226777474,-0.002086328251,-0.001970666379,-0.00189728579],
				"interest": [0,-0.03046714194,0.008156211886,0.0242411582,0.0177569514,0.0125970654,0.009060024327,0.006770463565,0.005299654718,0.004357859483,0.00375621745,0.003373125265,0.003130431901,0.00297793977,0.002883411168,0.002826143905,0.002792844028,0.002774974942,0.002767054977,0.002765564136,0.002768242061],