{
	"model": "NK_LWW03",
	"rule": "SW",
	"data": {
		"AC": {
			"ygap": [1,0.5054597883,0.2993821786,0.2012666402,0.1464525546,0.1111384813,0.08607201329,0.06728853281,0.05282826393,0.04155453747,0.03271442019,0.02576463836,0.02029466134,0.01598718422,0.01259437303,0.009921732747,0.00781630216,0.006157670106,0.004851008745,0.003821623917,0.003010675481],
			"pdot": [1,-0.04791202905,-0.04550026254,-0.03855942076,-0.03132712613,-0.02501201863,-0.01982084916,-0.01565560051,-0.01234774129,-0.009732542701,-0.007669045474,-0.006042286804,-0.004760328697,-0.003750262786,-0.002954483988,-0.002327552256,-0.001833649349,-0.001444550452,-0.001138017531,-0.0008965305793,-0.00070628702],
			"rff": [1,0.3703596618,0.1456652273,0.06361862929,0.03222100585,0.01911949782,0.01286986826,0.009371518225,0.007114305646,0.00551064902,0.00430838957,0.00338263488,0.00266081009,0.002094776104,0.00164977132,0.001299517379,0.001023699573,0.000806449563,0.0006353137201,0.0005004976842,0.0003942912693],
			"rstar": [1,0.35,0.1225,0.042875,0.01500625,0.0052521875,0.001838265625,0.0006433929688,0.0002251875391,7.881563867e-05,2.758547354e-05,9.654915737e-06,3.379220508e-06,1.182727178e-06,4.139545122e-07,1.448840793e-07,5.070942775e-08,1.774829971e-08,6.211904899e-09,2.174166715e-09,7.609583503e-10],
			"drff": [1,-0.3215692191,-0.1132772377,-0.04022056042,-0.01452902101,-0.005441105072,-0.00218480246,-0.0009855923946,-0.0005189914889,-0.0003187511603,-0.0002195735747,-0.0001619415777,-0.0001237141226,-9.610979105e-05,-7.524203591e-05,-5.91100442e-05,-4.650892836e-05,-3.661945143e-05,-2.884170913e-05,-2.271901855e-05,-1.789717741e-05],
			"pdotsh": [1,1.281233342e-17,1.009355886e-17,7.951707717e-18,6.264356949e-18,4.935061672e-18,3.887842584e-18,3.062843174e-18,2.412908473e-18,1.900889783e-18,1.497521356e-18,1.179747627e-18,9.294054195e-19,7.321857776e-19,5.768161038e-19,4.544158433e-19,3.579888933e-19,2.820237226e-19,2.221783458e-19,1.750321458e-19,1.378903599e-19],
			"interest": [1,0.3703596618,0.1456652273,0.06361862929,0.03222100585,0.01911949782,0.01286986826,0.009371518225,0.007114305646,0.00551064902,0.00430838957,0.00338263488,0.00266081009,0.002094776104,0.00164977132,0.001299517379,0.001023699573,0.000806449563,0.0006353137201,0.0005004976842,0.0003942912693],
			"inflation": [1,0.7013596002,0.41205856,0.1301934828,-0.1477475831,-0.121552407,-0.09756390175,-0.07749257336,-0.06126976411,-0.04834571727,-0.03811385049,-0.03003557876,-0.02366535289,-0.01864473105,-0.01468872934,-0.0115719262,-0.009116415589,-0.007181931472,-0.005657933166,-0.004457323028,-0.003511480731],
			"inflationq": [1,-0.04791202905,-0.04550026254,-0.03855942076,-0.03132712613,-0.02501201863,-0.01982084916,-0.01565560051,-0.01234774129,-0.009732542701,-0.007669045474,-0.006042286804,-0.004760328697,-0.003750262786,-0.002954483988,-0.002327552256,-0.001833649349,-0.001444550452,-0.001138017531,-0.0008965305793,-0.00070628702],
			"outputgap": [1,0.5054597883,0.2993821786,0.2012666402,0.1464525546,0.1111384813,0.08607201329,0.06728853281,0.05282826393,0.04155453747,0.03271442019,0.02576463836,0.02029466134,0.01598718422,0.01259437303,0.009921732747,0.00781630216,0.006157670106,0.004851008745,0.003821623917,0.003010675481],
			"AUX_ENDO_LEAD_71": [1,0.7456747335,0.5726987918,0.4460118542,0.3495620995,0.2747529474,0.2162291767,0.1702679514,0.1341100233,0.1056424174,0.08322179765,0.06556098698,0.0516485521,0.04068859744,0.03205443548,0.02525247332,0.01989389749,0.01567241433,0.01234673044,0.009726756474,0.007662740627],
			"AUX_ENDO_LEAD_75": [1,0.7720576218,0.6027172475,0.4728923035,0.3718696892,0.2927227793,0.2305243818,0.1815782156,0.1430372263,0.1126812108,0.08876903994,0.06993183336,0.05509216048,0.04340156198,0.03419174069,0.02693625372,0.02122038385,0.0167174219,0.01316998807,0.01037531917,0.008173678509],
			"AUX_ENDO_LEAD_79": [1,0.7815444881,0.6135114059,0.4825580847,0.379891143,0.2991844446,0.2356647098,0.1856452064,0.1462473063,0.1152122488,0.09076373987,0.07150352007,0.05633042719,0.0443771008,0.03496028159,0.02754171432,0.02169736721,0.01709318996,0.0134660184,0.01060853198,0.00835740363],
			"AUX_ENDO_LEAD_106": [1,0.6379319731,0.4501090573,0.3362371483,0.2584620932,0.2013675292,0.1578502442,0.1240789567,0.09765300305,0.07689730711,0.06056790215,0.04771127138,0.03758550229,0.02960935987,0.02332608245,0.01837623043,0.01447677634,0.01140479973,0.008984700877,0.007078148238,0.005576166289],
			"AUX_ENDO_LEAD_110": [1,0.7285172964,0.5531770564,0.428530841,0.3350549287,0.2630667265,0.2069326555,0.1629126101,0.128304445,0.101064918,0.07961429042,0.06271851876,0.0494090894,0.0389242903,0.03066449366,0.02415746977,0.01903125099,0.01499282037,0.01181134587,0.0093049803,0.007330465235],
			"AUX_ENDO_LEAD_114": [1,0.7658986904,0.5957096141,0.4666172193,0.3666621125,0.2885278269,0.2271872496,0.1789379004,0.1409532229,0.1110380455,0.08747406858,0.06891148476,0.05428827019,0.04276823623,0.03369279925,0.02654318501,0.02091072335,0.01647347097,0.01297780338,0.01022391599,0.00805440304],
			"AUX_ENDO_LAG_1_1": [1,-0.04791202905,-0.04550026254,-0.03855942076,-0.03132712613,-0.02501201863,-0.01982084916,-0.01565560051,-0.01234774129,-0.009732542701,-0.007669045474,-0.006042286804,-0.004760328697,-0.003750262786,-0.002954483988,-0.002327552256,-0.001833649349,-0.001444550452,-0.001138017531,-0.0008965305793,-0.00070628702],
			"AUX_ENDO_LAG_1_2": [1,-0.04791202905,-0.04550026254,-0.03855942076,-0.03132712613,-0.02501201863,-0.01982084916,-0.01565560051,-0.01234774129,-0.009732542701,-0.007669045474,-0.006042286804,-0.004760328697,-0.003750262786,-0.002954483988,-0.002327552256,-0.001833649349,-0.001444550452,-0.001138017531,-0.0008965305793,-0.00070628702],
			"AUX_ENDO_LAG_9_1": [1,0.5054597883,0.2993821786,0.2012666402,0.1464525546,0.1111384813,0.08607201329,0.06728853281,0.05282826393,0.04155453747,0.03271442019,0.02576463836,0.02029466134,0.01598718422,0.01259437303,0.009921732747,0.00781630216,0.006157670106,0.004851008745,0.003821623917,0.003010675481],
			"AUX_ENDO_LAG_9_2": [1,0.5054597883,0.2993821786,0.2012666402,0.1464525546,0.1111384813,0.08607201329,0.06728853281,0.05282826393,0.04155453747,0.03271442019,0.02576463836,0.02029466134,0.01598718422,0.01259437303,0.009921732747,0.00781630216,0.006157670106,0.004851008745,0.003821623917,0.003010675481],
			"AUX_ENDO_LAG_9_3": [1,0.5054597883,0.2993821786,0.2012666402,0.1464525546,0.1111384813,0.08607201329,0.06728853281,0.05282826393,0.04155453747,0.03271442019,0.02576463836,0.02029466134,0.01598718422,0.01259437303,0.009921732747,0.00781630216,0.006157670106,0.004851008745,0.003821623917,0.003010675481],
			"AUX_ENDO_LAG_6_1": [1,0.3703596618,0.1456652273,0.06361862929,0.03222100585,0.01911949782,0.01286986826,0.009371518225,0.007114305646,0.00551064902,0.00430838957,0.00338263488,0.00266081009,0.002094776104,0.00164977132,0.001299517379,0.001023699573,0.000806449563,0.0006353137201,0.0005004976842,0.0003942912693],
			"AUX_ENDO_LAG_6_2": [1,0.3703596618,0.1456652273,0.06361862929,0.03222100585,0.01911949782,0.01286986826,0.009371518225,0.007114305646,0.00551064902,0.00430838957,0.00338263488,0.00266081009,0.002094776104,0.00164977132,0.001299517379,0.001023699573,0.000806449563,0.0006353137201,0.0005004976842,0.0003942912693],
			"AUX_ENDO_LAG_6_3": [1,0.3703596618,0.1456652273,0.06361862929,0.03222100585,0.01911949782,0.01286986826,0.009371518225,0.007114305646,0.00551064902,0.00430838957,0.00338263488,0.00266081009,0.002094776104,0.00164977132,0.001299517379,0.001023699573,0.000806449563,0.0006353137201,0.0005004976842,0.0003942912693],
			"AUX_ENDO_LAG_8_1": [1,-0.04791202905,-0.04550026254,-0.03855942076,-0.03132712613,-0.02501201863,-0.01982084916,-0.01565560051,-0.01234774129,-0.009732542701,-0.007669045474,-0.006042286804,-0.004760328697,-0.003750262786,-0.002954483988,-0.002327552256,-0.001833649349,-0.001444550452,-0.001138017531,-0.0008965305793,-0.00070628702],