{
	"model": "NK_LWW03",
	"rule": "CMR",
	"data": {
		"AC": {
			"ygap": [1,0.2872345522,0.06322914841,-3.979358676e-05,-0.01319006448,-0.01244740276,-0.009010662638,-0.005919753439,-0.003715823718,-0.00227755172,-0.00137780458,-0.0008273320347,-0.0004946673122,-0.0002950298462,-0.0001757062047,-0.0001045533472,-6.218294395e-05,-3.697232178e-05,-2.197894894e-05,-1.306450096e-05,-7.765200163e-06],
			"pdot": [1,0.04389519553,0.002924290386,-0.006369297975,-0.006622964623,-0.004929320421,-0.003277207396,-0.002069379238,-0.00127246044,-0.0007711557356,-0.000463531698,-0.0002773131737,-0.0001654525579,-9.855589207e-05,-5.865230166e-05,-3.488580409e-05,-2.074302202e-05,-1.233140969e-05,-7.330014163e-06,-4.356806616e-06,-2.589493968e-06],
			"rff": [1,0.7817158514,0.5301791781,0.3380532758,0.2089472852,0.126994228,0.07645980453,0.04578629309,0.0273324112,0.01628647728,0.009694196407,0.005766652545,0.003429063105,0.002038604077,0.001211810785,0.0007202845096,0.0004281087511,0.0002544443503,0.000151225438,8.98779096e-05,5.341691008e-05],
			"rstar": [1,0.35,0.1225,0.042875,0.01500625,0.0052521875,0.001838265625,0.0006433929688,0.0002251875391,7.881563867e-05,2.758547354e-05,9.654915737e-06,3.379220508e-06,1.182727178e-06,4.139545122e-07,1.448840793e-07,5.070942775e-08,1.774829971e-08,6.211904899e-09,2.174166715e-09,7.609583502e-10],
			"drff": [1,0.07616797841,-0.1360858572,-0.1443529272,-0.1080081484,-0.07196728208,-0.04549325298,-0.02799018989,-0.01696858895,-0.01020150356,-0.006103826207,-0.003641937431,-0.002169489671,-0.00129112842,-0.0007679600627,-0.0004566307679,-0.0002714612088,-0.0001613618966,-9.591027169e-05,-5.700489251e-05,-3.388044135e-05],
			"pdotsh": [1,-6.796208598e-34,-1.935776218e-34,-4.142979574e-35,1.143560712e-36,9.697827774e-36,8.920005623e-36,6.406091355e-36,4.193941604e-36,2.627884782e-36,1.609177376e-36,9.729488311e-37,5.840480368e-37,3.491439236e-37,2.082150139e-37,1.239957282e-37,7.37805744e-38,4.387996166e-38,2.608953347e-38,1.550934112e-38,9.218863663e-39],
			"interest": [1,0.7817158514,0.5301791781,0.3380532758,0.2089472852,0.126994228,0.07645980453,0.04578629309,0.0273324112,0.01628647728,0.009694196407,0.005766652545,0.003429063105,0.002038604077,0.001211810785,0.0007202845096,0.0004281087511,0.0002544443503,0.000151225438,8.98779096e-05,5.341691008e-05],
			"inflation": [1,0.7638326863,0.5044177555,0.2435478698,-0.004520469458,-0.01516619459,-0.0133814688,-0.009481661807,-0.006170230853,-0.003854381322,-0.002356292277,-0.001423339308,-0.0008539524606,-0.0005103337743,-0.0003042866502,-0.0001811887888,-0.0001078051413,-6.411323879e-05,-3.811872792e-05,-2.266000008e-05,-1.346916576e-05],
			"inflationq": [1,0.04389519553,0.002924290386,-0.006369297975,-0.006622964623,-0.004929320421,-0.003277207396,-0.002069379238,-0.00127246044,-0.0007711557356,-0.000463531698,-0.0002773131737,-0.0001654525579,-9.855589207e-05,-5.865230166e-05,-3.488580409e-05,-2.074302202e-05,-1.233140969e-05,-7.330014163e-06,-4.356806616e-06,-2.589493968e-06],
			"outputgap": [1,0.2872345522,0.06322914841,-3.979358676e-05,-0.01319006448,-0.01244740276,-0.009010662638,-0.005919753439,-0.003715823718,-0.00227755172,-0.00137780458,-0.0008273320347,-0.0004946673122,-0.0002950298462,-0.0001757062047,-0.0001045533472,-6.218294395e-05,-3.697232178e-05,-2.197894894e-05,-1.306450096e-05,-7.765200163e-06],
			"AUX_ENDO_LEAD_71": [1,0.11633869,-0.09815173307,-0.1168868952,-0.08996213647,-0.06063931164,-0.03854979628,-0.02378968991,-0.01444628994,-0.008693397472,-0.005204358099,-0.003106254781,-0.001850733343,-0.001101548479,-0.0006552408456,-0.0003896225236,-0.0002316308525,-0.0001376877655,-8.183947974e-05,-4.864204866e-05,-2.891012415e-05],
			"AUX_ENDO_LEAD_75": [1,0.5019195436,0.2659611087,0.1467473707,0.08325353223,0.04809285495,0.0280973666,0.0165290473,0.009764140147,0.005782244299,0.003429237548,0.002035525519,0.001208867346,0.0007181453326,0.0004267009509,0.000253559909,0.0001506830805,8.954972434e-05,5.321981463e-05,3.162918222e-05,1.879774738e-05],
			"AUX_ENDO_LEAD_79": [1,0.8210891839,0.5673603189,0.3649741136,0.226635088,0.1380973409,0.08326543526,0.04990341414,0.02980464317,0.01776464782,0.01057581029,0.006291702021,0.003741492195,0.002224420901,0.001322292552,0.0007859626561,0.0004671484842,0.0002776485555,0.000165016928,9.807475297e-05,5.828856767e-05],
			"AUX_ENDO_LEAD_106": [1,0.2262511785,0.005641150183,-0.04173612477,-0.04058581239,-0.02964445571,-0.01955156166,-0.01229655508,-0.007544939434,-0.004567015691,-0.002743291961,-0.001640554753,-0.0009785730107,-0.0005828321755,-0.0003468258553,-0.0002062789238,-0.0001226496223,-7.291214774e-05,-4.333989399e-05,-2.576017925e-05,-1.531066549e-05],
			"AUX_ENDO_LEAD_110": [1,0.09762698172,-0.1158216283,-0.1296807034,-0.09836805456,-0.06591593409,-0.0417840914,-0.02574630276,-0.0156211888,-0.00939588045,-0.005623334617,-0.003355778304,-0.001999211555,-0.001189855716,-0.0007077459925,-0.0004208352821,-0.0002501840217,-0.0001487152882,-8.839372148e-05,-5.253750106e-05,-3.122532151e-05],
			"AUX_ENDO_LEAD_114": [1,0.6586236113,0.4139403532,0.2538910773,0.1536501809,0.09228273793,0.05518346651,0.03291500129,0.01960351064,0.01166529562,0.00693802058,0.004125198491,0.002452320876,0.001457687817,0.0008664133458,0.0005149559367,0.0003060594377,0.0001819014027,0.0001081093161,6.425224501e-05,3.818672238e-05],
			"AUX_ENDO_LAG_1_1": [1,0.04389519553,0.002924290386,-0.006369297975,-0.006622964623,-0.004929320421,-0.003277207396,-0.002069379238,-0.00127246044,-0.0007711557356,-0.000463531698,-0.0002773131737,-0.0001654525579,-9.855589207e-05,-5.865230166e-05,-3.488580409e-05,-2.074302202e-05,-1.233140969e-05,-7.330014163e-06,-4.356806616e-06,-2.589493968e-06],
			"AUX_ENDO_LAG_1_2": [1,0.04389519553,0.002924290386,-0.006369297975,-0.006622964623,-0.004929320421,-0.003277207396,-0.002069379238,-0.00127246044,-0.0007711557356,-0.000463531698,-0.0002773131737,-0.0001654525579,-9.855589207e-05,-5.865230166e-05,-3.488580409e-05,-2.074302202e-05,-1.233140969e-05,-7.330014163e-06,-4.356806616e-06,-2.589493968e-06],
			"AUX_ENDO_LAG_9_1": [1,0.2872345522,0.06322914841,-3.979358676e-05,-0.01319006448,-0.01244740276,-0.009010662638,-0.005919753439,-0.003715823718,-0.00227755172,-0.00137780458,-0.0008273320347,-0.0004946673122,-0.0002950298462,-0.0001757062047,-0.0001045533472,-6.218294395e-05,-3.697232178e-05,-2.197894894e-05,-1.306450096e-05,-7.765200163e-06],
			"AUX_ENDO_LAG_9_2": [1,0.2872345522,0.06322914841,-3.979358676e-05,-0.01319006448,-0.01244740276,-0.009010662638,-0.005919753439,-0.003715823718,-0.00227755172,-0.00137780458,-0.0008273320347,-0.0004946673122,-0.0002950298462,-0.0001757062047,-0.0001045533472,-6.218294395e-05,-3.697232178e-05,-2.197894894e-05,-1.306450096e-05,-7.765200163e-06],
			"AUX_ENDO_LAG_9_3": [1,0.2872345522,0.06322914841,-3.979358676e-05,-0.01319006448,-0.01244740276,-0.009010662638,-0.005919753439,-0.003715823718,-0.00227755172,-0.00137780458,-0.0008273320347,-0.0004946673122,-0.0002950298462,-0.0001757062047,-0.0001045533472,-6.218294395e-05,-3.697232178e-05,-2.197894894e-05,-1.306450096e-05,-7.765200163e-06],
			"AUX_ENDO_LAG_6_1": [1,0.7817158514,0.5301791781,0.3380532758,0.2089472852,0.126994228,0.07645980453,0.04578629309,0.0273324112,0.01628647728,0.009694196407,0.005766652545,0.003429063105,0.002038604077,0.001211810785,0.0007202845096,0.0004281087511,0.0002544443503,0.000151225438,8.98779096e-05,5.341691008e-05],
			"AUX_ENDO_LAG_6_2": [1,0.7817158514,0.5301791781,0.3380532758,0.2089472852,0.126994228,0.07645980453,0.04578629309,0.0273324112,0.01628647728,0.009694196407,0.005766652545,0.003429063105,0.002038604077,0.001211810785,0.0007202845096,0.0004281087511,0.0002544443503,0.000151225438,8.98779096e-05,5.341691008e-05],