{
	"model": "NK_LWW03",
	"rule": "Coenen",
	"data": {
		"AC": {
			"ygap": [1,0.3021827008,0.08600161316,0.02193302322,0.004301008524,0.0001102776993,-0.0005379711504,-0.0004265788756,-0.00024778466,-0.0001274261152,-6.142058907e-05,-2.844931476e-05,-1.283048557e-05,-5.6781405e-06,-2.478116905e-06,-1.070169496e-06,-4.5838601e-07,-1.950796954e-07,-8.259609917e-08,-3.482618218e-08,-1.463481712e-08],
			"pdot": [1,-0.1725570417,-0.08797945973,-0.04219316104,-0.01947923812,-0.0087649958,-0.003872529394,-0.001687991833,-0.000728259548,-0.0003117024512,-0.0001325754335,-5.610523651e-05,-2.364731452e-05,-9.934045416e-06,-4.161935254e-06,-1.739787851e-06,-7.259320206e-07,-3.024335352e-07,-1.25837257e-07,-5.230282218e-08,-2.171965942e-08],
			"rff": [1,0.4660396538,0.2110717145,0.09369551424,0.04098497601,0.01773021204,0.007604749666,0.003239925279,0.001372963159,0.0005793086007,0.0002435791173,0.0001021235785,4.271579352e-05,1.783219763e-05,7.43222973e-06,3.093490516e-06,1.286146379e-06,5.342242881e-07,2.217249141e-07,9.196400736e-08,3.812234189e-08],
			"rstar": [1,0.35,0.1225,0.042875,0.01500625,0.0052521875,0.001838265625,0.0006433929687,0.0002251875391,7.881563867e-05,2.758547354e-05,9.654915737e-06,3.379220508e-06,1.182727178e-06,4.139545122e-07,1.448840793e-07,5.070942775e-08,1.774829971e-08,6.211904899e-09,2.174166715e-09,7.609583502e-10],
			"drff": [1,-0.2612482451,-0.1288407839,-0.06055286921,-0.02758236119,-0.0122942665,-0.005394256364,-0.002338996036,-0.00100504426,-0.0004288006384,-0.0001819179515,-7.682944469e-05,-3.232842041e-05,-1.356245656e-05,-5.675729224e-06,-2.370396131e-06,-9.882962787e-07,-4.114750469e-07,-1.711161404e-07,-7.109071101e-08,-2.951060381e-08],
			"pdotsh": [1,2.761424166e-17,1.141264403e-17,4.716712682e-18,1.949362344e-18,8.056487227e-19,3.329652214e-19,1.376106429e-19,5.687287384e-20,2.350489549e-20,9.714299185e-21,4.014806562e-21,1.65927273e-21,6.857580685e-22,2.834158122e-22,1.171324499e-22,4.840947552e-23,2.000707167e-23,8.268689391e-24,3.417352894e-24,1.412352097e-24],
			"interest": [1,0.4660396538,0.2110717145,0.09369551424,0.04098497601,0.01773021204,0.007604749666,0.003239925279,0.001372963159,0.0005793086007,0.0002435791173,0.0001021235785,4.271579352e-05,1.783219763e-05,7.43222973e-06,3.093490516e-06,1.286146379e-06,5.342242881e-07,2.217249141e-07,9.196400736e-08,3.812234189e-08],
			"inflation": [1,0.5967813827,0.3099056408,0.05629539257,-0.232855261,-0.1113710171,-0.05132547121,-0.02306621371,-0.01018189539,-0.004435173011,-0.001912495318,-0.000818233524,-0.0003479039025,-0.0001471927609,-6.202589885e-05,-2.605207721e-05,-1.091314349e-05,-4.561418262e-06,-1.903081137e-06,-7.927862977e-07,-3.298421015e-07],
			"inflationq": [1,-0.1725570417,-0.08797945973,-0.04219316104,-0.01947923812,-0.0087649958,-0.003872529394,-0.001687991833,-0.000728259548,-0.0003117024512,-0.0001325754335,-5.610523651e-05,-2.364731452e-05,-9.934045416e-06,-4.161935254e-06,-1.739787851e-06,-7.259320206e-07,-3.024335352e-07,-1.25837257e-07,-5.230282218e-08,-2.171965942e-08],
			"outputgap": [1,0.3021827008,0.08600161316,0.02193302322,0.004301008524,0.0001102776993,-0.0005379711504,-0.0004265788756,-0.00024778466,-0.0001274261152,-6.142058907e-05,-2.844931476e-05,-1.283048557e-05,-5.6781405e-06,-2.478116905e-06,-1.070169496e-06,-4.5838601e-07,-1.950796954e-07,-8.259609917e-08,-3.482618218e-08,-1.463481712e-08],
			"AUX_ENDO_LEAD_71": [1,0.4034321545,0.1632841404,0.06627604849,0.02696853406,0.01099787626,0.004493527476,0.001839004218,0.0007536975973,0.0003092749375,0.0001270429034,5.223346289e-05,2.149232043e-05,8.849219169e-06,3.645621905e-06,1.502613005e-06,6.195844272e-07,2.555672166e-07,1.054480196e-07,4.351921107e-08,1.796455342e-08],
			"AUX_ENDO_LEAD_75": [1,0.4592411885,0.2058825252,0.09071807082,0.03946294917,0.01699915663,0.007266906175,0.003087801119,0.001305717933,0.0005499860034,0.0002309246044,9.670607704e-05,4.041116473e-05,1.685674791e-05,7.021047009e-06,2.920739237e-06,1.213765301e-06,5.039652863e-07,2.090985604e-07,8.670345119e-08,3.593343437e-08],
			"AUX_ENDO_LEAD_79": [1,0.4712566466,0.2150537843,0.09598033886,0.04215294594,0.0182912079,0.007864003333,0.003356662015,0.001424565667,0.0006018101172,0.0002532899123,0.0001062808501,4.448431499e-05,1.858073629e-05,7.747762311e-06,3.226056049e-06,1.341690027e-06,5.574443808e-07,2.314141004e-07,9.600084251e-08,3.980206139e-08],
			"AUX_ENDO_LEAD_106": [1,0.354867427,0.1262152503,0.04500672942,0.01609595984,0.005775593695,0.002080147941,0.0007523077326,0.0002733324091,9.980943589e-05,3.664559446e-05,1.353362833e-05,5.029241786e-06,1.881109838e-06,7.083447593e-07,2.685670285e-07,1.025313609e-07,3.941252476e-08,1.525186501e-08,5.940512796e-09,2.328127859e-09],
			"AUX_ENDO_LEAD_110": [1,0.4313202438,0.1845707937,0.078489865,0.0332120638,0.01399674993,0.005879400464,0.002463035078,0.001029545275,0.0004295596157,0.0001789531757,7.445667918e-05,3.09461737e-05,1.285062648e-05,5.33234088e-06,2.211258687e-06,9.164999632e-07,3.796931339e-07,1.572427798e-07,6.509861958e-08,2.694370464e-08],
			"AUX_ENDO_LEAD_114": [1,0.4678085251,0.2124218733,0.09447020586,0.04138098738,0.01792042305,0.007692652099,0.003279505985,0.001390459482,0.0005869379549,0.0002468716551,0.0001035331412,4.331542762e-05,1.808599681e-05,7.539214066e-06,3.138438127e-06,1.304978984e-06,5.420972824e-07,2.250101253e-07,9.333273489e-08,3.869186683e-08],
			"AUX_ENDO_LAG_1_1": [1,-0.1725570417,-0.08797945973,-0.04219316104,-0.01947923812,-0.0087649958,-0.003872529394,-0.001687991833,-0.000728259548,-0.0003117024512,-0.0001325754335,-5.610523651e-05,-2.364731452e-05,-9.934045416e-06,-4.161935254e-06,-1.739787851e-06,-7.259320206e-07,-3.024335352e-07,-1.25837257e-07,-5.230282218e-08,-2.171965942e-08],
			"AUX_ENDO_LAG_1_2": [1,-0.1725570417,-0.08797945973,-0.04219316104,-0.01947923812,-0.0087649958,-0.003872529394,-0.001687991833,-0.000728259548,-0.0003117024512,-0.0001325754335,-5.610523651e-05,-2.364731452e-05,-9.934045416e-06,-4.161935254e-06,-1.739787851e-06,-7.259320206e-07,-3.024335352e-07,-1.25837257e-07,-5.230282218e-08,-2.171965942e-08],
			"AUX_ENDO_LAG_9_1": [1,0.3021827008,0.08600161316,0.02193302322,0.004301008524,0.0001102776993,-0.0005379711504,-0.0004265788756,-0.00024778466,-0.0001274261152,-6.142058907e-05,-2.844931476e-05,-1.283048557e-05,-5.6781405e-06,-2.478116905e-06,-1.070169496e-06,-4.5838601e-07,-1.950796954e-07,-8.259609917e-08,-3.482618218e-08,-1.463481712e-08],
			"AUX_ENDO_LAG_9_2": [1,0.3021827008,0.08600161316,0.02193302322,0.004301008524,0.0001102776993,-0.0005379711504,-0.0004265788756,-0.00024778466,-0.0001274261152,-6.142058907e-05,-2.844931476e-05,-1.283048557e-05,-5.6781405e-06,-2.478116905e-06,-1.070169496e-06,-4.5838601e-07,-1.950796954e-07,-8.259609917e-08,-3.482618218e-08,-1.463481712e-08],
			"AUX_ENDO_LAG_9_3": [1,0.3021827008,0.08600161316,0.02193302322,0.004301008524,0.0001102776993,-0.0005379711504,-0.0004265788756,-0.00024778466,-0.0001274261152,-6.142058907e-05,-2.844931476e-05,-1.283048557e-05,-5.6781405e-06,-2.478116905e-06,-1.070169496e-06,-4.5838601e-07,-1.950796954e-07,-8.259609917e-08,-3.482618218e-08,-1.463481712e-08],
			"AUX_ENDO_LAG_6_1": [1,0.4660396538,0.2110717145,0.09369551424,0.04098497601,0.01773021204,0.007604749666,0.003239925279,0.001372963159,0.0005793086007,0.0002435791173,0.0001021235785,4.271579352e-05,1.783219763e-05,7.43222973e-06,3.093490516e-06,1.286146379e-06,5.342242881e-07,2.217249141e-07,9.196400736e-08,3.812234189e-08],
			"AUX_ENDO_LAG_6_2": [1,0.4660396538,0.2110717145,0.09369551424,0.04098497601,0.01773021204,0.007604749666,0.003239925279,0.001372963159,0.0005793086007,0.0002435791173,0.0001021235785,4.271579352e-05,1.783219763e-05,7.43222973e-06,3.093490516e-06,1.286146379e-06,5.342242881e-07,2.217249141e-07,9.196400736e-08,3.812234189e-08],