{
	"model": "NK_LWW03AL",
	"rule": "SW",
	"data": {
		"AC": {
			"ygap": [1,0.4733065075,0.2946431527,0.1962110282,0.1440964631,0.0980850365,0.06235894999,0.04111221107,0.02794409391,0.03516277505,0.02937508935,0.02444219995,0.03156024641,0.01805725903,0.03768124065,0.01286412227,0.01072681482,0.009848226347,-0.01990609493,-0.01350106256,-0.0184867649],
			"pdot": [1,0.06161822028,0.04535350594,-0.001812242139,-0.01180686041,-0.02468193405,-0.02438732764,-0.02871319515,-0.02071690651,-0.007130620802,0.01662645315,-0.01786185568,0.01308319846,0.01719409634,0.02597968338,0.01077771996,0.01445058549,0.0197607136,0.01674819491,-0.0112859198,0.01237605326],
			"rff": [1,0.3596966912,0.1712175566,0.07928736083,0.04142552353,0.007933532281,-0.01259365256,-0.02097249101,-0.01993302478,0.0005440118672,-0.000248279973,-0.001761294603,0.01055876241,-0.003235124128,0.02298960675,-0.001145091044,0.00411809346,0.01339699861,-0.01819579835,-0.005073224292,-0.004410164902],
			"rstar": [1,0.3558408835,0.1320358687,0.05671234779,0.02113062134,-0.001180255837,-0.01530451414,-0.01922097383,-0.02253664325,-0.008211738413,-0.01747644477,-0.009350699047,-0.008730684999,-0.01751212371,-0.003831778505,-0.01493438538,-0.01066483101,-0.005616045253,-0.03010140684,-0.01262781383,-0.01767174554],
			"drff": [1,-0.3512369232,-0.07211422414,-0.03983339014,-0.006572418181,-0.008038154197,-0.01288561751,-0.007734990441,-0.01573485924,0.01800917835,-0.001243216239,-0.009672198243,0.02239889271,-0.03366576907,0.0390219007,-0.02289615537,-0.00226918879,0.03213013792,-0.034749648,0.009761760133,0.0003687277375],
			"pdotsh": [1,-0.009153846226,0.001875663223,-0.0111618961,-0.001208772345,-0.0033741719,0.0005430225643,-0.00367994328,-0.007468185897,0.001080774028,0.004588760477,-0.02803390161,-0.01290570918,-0.006325939137,0.005223791035,0.00283131776,-0.001667464948,0.004795887989,-0.006001801798,-0.02104539303,-0.006148951315],
			"pinf4": [1,0.7567132783,0.4999570014,0.2367826981,-0.02061397729,-0.03850087049,-0.04462305389,-0.0343913115,-0.02497415414,-0.01268490598,0.001231828585,0.0075265511,0.02200291762,0.03281698826,0.04067894726,0.04527901321,0.03950520308,0.03369475215,0.02283524754,0.01839835713,0.0209588841],
			"interest": [1,0.3596966912,0.1712175566,0.07928736083,0.04142552353,0.007933532281,-0.01259365256,-0.02097249101,-0.01993302478,0.0005440118672,-0.000248279973,-0.001761294603,0.01055876241,-0.003235124128,0.02298960675,-0.001145091044,0.00411809346,0.01339699861,-0.01819579835,-0.005073224292,-0.004410164902],
			"inflation": [1,0.7567132783,0.4999570014,0.2367826981,-0.02061397729,-0.03850087049,-0.04462305389,-0.0343913115,-0.02497415414,-0.01268490598,0.001231828585,0.0075265511,0.02200291762,0.03281698826,0.04067894726,0.04527901321,0.03950520308,0.03369475215,0.02283524754,0.01839835713,0.0209588841],
			"inflationq": [1,0.06161822028,0.04535350594,-0.001812242139,-0.01180686041,-0.02468193405,-0.02438732764,-0.02871319515,-0.02071690651,-0.007130620802,0.01662645315,-0.01786185568,0.01308319846,0.01719409634,0.02597968338,0.01077771996,0.01445058549,0.0197607136,0.01674819491,-0.0112859198,0.01237605326],
			"outputgap": [1,0.4733065075,0.2946431527,0.1962110282,0.1440964631,0.0980850365,0.06235894999,0.04111221107,0.02794409391,0.03516277505,0.02937508935,0.02444219995,0.03156024641,0.01805725903,0.03768124065,0.01286412227,0.01072681482,0.009848226347,-0.01990609493,-0.01350106256,-0.0184867649],
			"output": [1,0.4733065075,0.2946431527,0.1962110282,0.1440964631,0.0980850365,0.06235894999,0.04111221107,0.02794409391,0.03516277505,0.02937508935,0.02444219995,0.03156024641,0.01805725903,0.03768124065,0.01286412227,0.01072681482,0.009848226347,-0.01990609493,-0.01350106256,-0.0184867649],
			"inflationql": [1,0.06145829797,0.04548215616,-0.002170541117,-0.01444515658,-0.02731175225,-0.02856526709,-0.02925795285,-0.02080104296,-0.005105554211,0.01833453849,-0.01609118296,0.01489491555,0.02161036445,0.0271617172,0.01177038655,0.01465257936,0.01982380953,0.01535869167,-0.01265377445,0.01132039371],
			"inflationql2": [1,0.06315617517,0.04686510138,-0.001529694385,-0.01432467904,-0.02938220472,-0.02837561094,-0.03127749547,-0.02036558906,-0.005396432812,0.02046292604,-0.01411679677,0.01532181805,0.02343651321,0.02746224445,0.01120357589,0.01698267896,0.02095860536,0.01585013931,-0.01379924412,0.01118156688],
			"inflationqls": [1,0.5322034683,0.04736682498,0.006838121829,-0.019778757,-0.03119559226,-0.03657877508,-0.03377546185,-0.02209521828,0.002481341522,0.009643199315,-0.005230354476,0.007773022614,0.03367897034,0.03488746671,0.02445866643,0.02444135622,0.03045484781,0.01550972933,-0.001096440673,0.005621482306]
		},
		"VAR": {
			"ygap": 11.54270992,
			"pdot": 5.239287044,
			"rff": 10.64132443,
			"rstar": 13.58261134,
			"drff": 13.26435711,
			"pdotsh": 4.914519308,
			"pinf4": 1.602612308,
			"interest": 10.64132443,
			"inflation": 1.602612308,
			"inflationq": 5.239287044,
			"outputgap": 11.54270992,
			"output": 11.54270992,
			"inflationql": 5.137501952,
			"inflationql2": 5.059083637,
			"inflationqls": 11.38327783
		},
		"IRF": {
			"interest_": {
				"ygap": [0,-1.081659433,-0.8457777125,-0.6641163651,-0.5208708066,-0.4080244588,-0.3191231495,-0.2490842219,-0.1939039637,-0.1504285553,-0.1161736264,-0.08918213276,-0.06791241335,-0.0511500163,-0.0379382446,-0.02752344666,-0.01931192046,-0.01283596554,-0.007727140813,-0.003695198312,-0.000511488214],
				"pdot": [0,-0.4718299882,-0.3721796638,-0.2928991563,-0.2304150755,-0.1811895787,-0.1424088782,-0.1118563746,-0.08778584394,-0.06882164487,-0.05388008069,-0.04210744345,-0.03283120456,-0.02552156349,-0.01976115679,-0.01522119577,-0.01164266854,-0.00882153149,-0.006597043604,-0.004842576597,-0.003458375352],
				"rff": [0,-0.2275642309,-0.1733221146,-0.1351998279,-0.1050190167,-0.08124411285,-0.06251198614,-0.0477510418,-0.03611757669,-0.02694727016,-0.01971699282,-0.01401476523,-0.009516120434,-0.005965501102,-0.003161616088,-0.0009459119143,0.0008065045975,0.00219401443,0.00329411571,0.004167857276,0.004863330653],
				"rstar": [0,2.016196562e-18,-1.056434737e-17,-2.567902174e-17,2.279735395e-17,-3.063792278e-17,-3.349108456e-17,-2.54455678e-17,-1.941700168e-17,-1.290029043e-17,-7.297547443e-18,-3.95701256e-18,-2.73668561e-18,-1.114820052e-18,-2.37365953e-19,-6.231795077e-19,4.665807939e-19,-9.269300585e-19,1.697097909e-19,-5.331938801e-19,-9.936958163e-19],
				"drff": [0,-0.2275642309,0.05424211636,0.03812228666,0.03018081123,0.02377490383,0.01873212671,0.01476094434,0.01163346511,0.009170306532,0.007230277339,0.005702227591,0.004498644795,0.003550619332,0.002803885014,0.002215704174,0.001752416512,0.001387509832,0.00110010128,0.0008737415663,0.0006954733765],
				"pdotsh": [0,-7.579384303e-17,-2.579163419e-17,4.610822114e-19,2.349259716e-17,1.417772762e-17,3.266195856e-18,8.722210283e-18,-2.285640162e-18,6.139737629e-19,-1.801623467e-18,7.155458678e-18,-5.146672005e-18,-4.914094738e-18,2.976899143e-18,1.452500891e-18,9.848907595e-19,7.998887859e-19,-2.650293331e-19,-3.186613922e-19,5.358610291e-20],
				"pinf4": [0,-0.1179574971,-0.211002413,-0.2842272021,-0.341830971,-0.2691708686,-0.2117281722,-0.1664674767,-0.1308101689,-0.1027181854,-0.08058598603,-0.06314875324,-0.04941009339,-0.03858507305,-0.03005534207,-0.02333378015,-0.01803664615,-0.01386163815,-0.01057060985,-0.007975955059,-0.005929881761],
				"interest": [0,-0.2275642309,-0.1733221146,-0.1351998279,-0.1050190167,-0.08124411285,-0.06251198614,-0.0477510418,-0.03611757669,-0.02694727016,-0.01971699282,-0.01401476523,-0.009516120434,-0.005965501102,-0.003161616088,-0.0009459119143,0.0008065045975,0.00219401443,0.00329411571,0.004167857276,0.004863330653],