{
	"model": "NK_RW97AL",
	"rule": "SW",
	"data": {
		"AC": {
			"pi": [1,0.1609616695,0.187060682,0.154160297,0.1468778921,0.1387128005,0.1304496004,0.1381777705,0.121113601,0.1540644125,0.1239207517,0.1378377206,0.1228695593,0.1408085462,0.1265971288,0.09539934827,0.1142638063,0.1338950569,0.07757140215,0.1181451375,0.1046035057],
			"y": [1,0.6085594735,0.4502119418,0.3254103427,0.2396794628,0.1670223116,0.1127376433,0.06819997874,0.03419730944,0.001591379899,-0.02257587291,-0.02341485988,-0.03436997521,-0.04097635973,-0.04758066723,-0.03572827603,-0.0296820499,-0.02738531785,-0.04856874188,-0.03391715495,-0.02726661946],
			"ynat": [1,0.6915653968,0.5062863735,0.3790564022,0.2931593708,0.2249887682,0.1770218766,0.1353743885,0.09678998988,0.05789516512,0.03355104082,0.02795992933,0.01836294864,0.01592343076,0.004915344874,0.00939064515,0.005023270242,0.00987234192,0.007380642333,0.005016327884,0.01638967245],
			"rnat": [1,0.4643340289,0.3823260225,0.3052993025,0.2666670275,0.2286067059,0.1960930505,0.171806218,0.1626453047,0.1338892284,0.1233648638,0.1203220619,0.1132303315,0.1152587813,0.100078464,0.1043009993,0.1010900024,0.10392196,0.08339599394,0.1074885431,0.09890453429],
			"i": [1,0.4344005475,0.4128972687,0.3615005379,0.3415317801,0.29492327,0.2594579424,0.2289596398,0.220510822,0.2182264756,0.1933745009,0.1977053582,0.187289741,0.1768613203,0.1635480164,0.1653435362,0.1692855127,0.1642780013,0.1398468125,0.165324604,0.1495094156],
			"x": [1,0.5018472981,0.382770435,0.284113093,0.2300990131,0.1797616551,0.1403187635,0.1086338865,0.1032184087,0.09611479016,0.0726366466,0.07746250998,0.05974221706,0.04843968852,0.04003965512,0.03676593521,0.04332390623,0.03517708611,0.01032518118,0.03729361251,0.03055399564],
			"u": [1,0.006187328856,0.0238965405,0.01705020388,0.0001392578061,0.005803485291,-0.007025782242,-0.009267064099,-0.009442530879,0.02869110743,-0.01649404651,0.01631861934,0.00189929958,0.0057630693,0.01533292285,-0.02927358178,-0.001013813346,0.03742923605,-0.03259178887,0.01746749873,0.02119918611],
			"g": [1,0.6915653968,0.5062863735,0.3790564022,0.2931593708,0.2249887682,0.1770218766,0.1353743885,0.09678998988,0.05789516512,0.03355104082,0.02795992933,0.01836294864,0.01592343076,0.004915344874,0.00939064515,0.005023270242,0.00987234192,0.007380642333,0.005016327884,0.01638967245],
			"g_": [1,-0.01919212239,0.003106750473,0.01287980029,0.01636124281,0.003740860597,0.01852573114,0.00402439777,0.01352473268,-0.02870407341,-0.02616473252,0.01477016562,-0.009852207946,3.606092634e-05,-0.02671811961,0.005962568117,-0.01701000411,0.01059258328,-0.013116484,-0.01591803174,0.02317131145],
			"interest": [1,0.4344005475,0.4128972687,0.3615005379,0.3415317801,0.29492327,0.2594579424,0.2289596398,0.220510822,0.2182264756,0.1933745009,0.1977053582,0.187289741,0.1768613203,0.1635480164,0.1653435362,0.1692855127,0.1642780013,0.1398468125,0.165324604,0.1495094156],
			"inflation": [1,0.6332607749,0.414737778,0.2441750563,0.1229355363,0.1344367578,0.1361985652,0.1468273106,0.157143304,0.1692061001,0.1656051909,0.1725228176,0.168102471,0.1628814627,0.1510230596,0.1316721787,0.119979392,0.1199106011,0.1003922431,0.1142484697,0.1164635443],
			"inflationq": [1,0.1609616695,0.187060682,0.154160297,0.1468778921,0.1387128005,0.1304496004,0.1381777705,0.121113601,0.1540644125,0.1239207517,0.1378377206,0.1228695593,0.1408085462,0.1265971288,0.09539934827,0.1142638063,0.1338950569,0.07757140215,0.1181451375,0.1046035057],
			"inflationql": [1,0.1695670015,0.103492371,0.08046519907,0.04250529128,0.07319845461,0.08093301042,0.07525831584,0.07513690946,0.1014899253,0.05414220802,0.08650845959,0.08584754168,0.08823326646,0.08013868532,0.05110620539,0.05835566066,0.08811692041,0.03635397566,0.07086062588,0.05911101293],
			"inflationql2": [1,0.1641778569,0.1162898445,0.02105053122,0.007167150533,0.04919589299,0.03503234695,0.04906246881,0.06749672097,0.07579404467,0.03671853373,0.06648735144,0.0723328653,0.06022106246,0.06296254859,0.03297254009,0.03026665564,0.06650138996,0.0370776932,0.02733201259,0.03303558724],
			"inflationqls": [1,0.5489608474,0.1421167706,0.07679393915,0.05962750665,0.07913420429,0.09178218097,0.08897668432,0.1124387844,0.111228994,0.09041802128,0.1037270029,0.1160839753,0.1126561339,0.09371820523,0.06696310901,0.07281055648,0.08803161304,0.0661110422,0.06490384307,0.06274370024],
			"outputgap": [1,0.5018472981,0.382770435,0.284113093,0.2300990131,0.1797616551,0.1403187635,0.1086338865,0.1032184087,0.09611479016,0.0726366466,0.07746250998,0.05974221706,0.04843968852,0.04003965512,0.03676593521,0.04332390623,0.03517708611,0.01032518118,0.03729361251,0.03055399564],
			"output": [1,0.6085594735,0.4502119418,0.3254103427,0.2396794628,0.1670223116,0.1127376433,0.06819997874,0.03419730944,0.001591379899,-0.02257587291,-0.02341485988,-0.03436997521,-0.04097635973,-0.04758066723,-0.03572827603,-0.0296820499,-0.02738531785,-0.04856874188,-0.03391715495,-0.02726661946],
			"fispol": [1,-0.01919212239,0.003106750473,0.01287980029,0.01636124281,0.003740860597,0.01852573114,0.00402439777,0.01352473268,-0.02870407341,-0.02616473252,0.01477016562,-0.009852207946,3.606092634e-05,-0.02671811961,0.005962568117,-0.01701000411,0.01059258328,-0.013116484,-0.01591803174,0.02317131145]
		},
		"VAR": {
			"pi": 0.02271054594,
			"y": 0.5114804942,
			"ynat": 0.19510913,
			"rnat": 0.004526283787,
			"i": 0.01926717141,
			"x": 0.1922536112,
			"u": 0.01399520573,
			"g": 3.024953659,
			"g_": 1.372851932,
			"interest": 0.3082747425,
			"inflation": 0.1142022331,
			"inflationq": 0.3633687351,
			"inflationql": 0.2760288202,
			"inflationql2": 0.2220896016,
			"inflationqls": 0.6425153721,
			"outputgap": 0.1922536112,
			"output": 0.5114804942,
			"fispol": 1.372851932
		},
		"IRF": {
			"interest_": {
				"pi": [0,-0.1191648851,-0.0930928461,-0.07320301219,-0.05750359464,-0.04517020661,-0.03547054664,-0.02784411683,-0.02184842931,-0.01713536955,-0.01343095914,-0.01051961638,-0.008231753244,-0.00643399435,-0.005021464712,-0.003911712071,-0.003039920271,-0.002355141397,-0.001817331099,-0.001395016616,-0.001063462933],
				"y": [0,-1.078973731,-0.8475478686,-0.6672375854,-0.5251351467,-0.4134409086,-0.3255939848,-0.2565172045,-0.202204793,-0.1595040662,-0.1259339837,-0.09954262692,-0.07879473006,-0.06248298611,-0.04965814123,-0.03957393105,-0.0316437299,-0.02540643569,-0.02049963166,-0.01663847829,-0.01359911503],
				"ynat": [0,0,0,0,0,0,0,0,0,0,0,0,0,0,0,0,0,0,0,0,0],
				"rnat": [0,5.3040905e-16,-0.0007626552648,-0.0007528338063,-0.0007486008825,-0.0007436523682,-0.0007386188839,-0.0007332652452,-0.0007276445057,-0.0007217991419,-0.0007157753742,-0.0007096162223,-0.000703359439,-0.000697036985,-0.0006906752789,-0.0006842957861,-0.0006779157176,-0.0006715487247,-0.0006652055327,-0.0006588944942,-0.0006526220562],
				"i": [0,-0.05671087398,-0.04423396211,-0.03487937095,-0.02741876334,-0.02155440545,-0.01692962933,-0.01328650577,-0.0104181563,-0.008160887271,-0.006385214703,-0.004988849301,-0.003891073791,-0.003028251688,-0.002350249518,-0.001817594422,-0.001399221254,-0.001070690338,-0.0008127796657,-0.0006103741848,-0.0004515902846],
				"x": [0,-1.078973731,-0.8475478686,-0.6672375854,-0.5251351467,-0.4134409086,-0.3255939848,-0.2565172045,-0.202204793,-0.1595040662,-0.1259339837,-0.09954262692,-0.07879473006,-0.06248298611,-0.04965814123,-0.03957393105,-0.0316437299,-0.02540643569,-0.02049963166,-0.01663847829,-0.01359911503],
				"u": [0,3.820577631e-17,4.368843675e-17,-6.068936903e-17,1.072875404e-17,-4.750858669e-17,3.750331891e-18,-2.571411606e-17,-5.440022373e-18,1.415569974e-17,-4.596856693e-19,-2.273711111e-18,-7.863150187e-19,-1.024763977e-17,-2.926576601e-18,-6.237885003e-19,-3.431013499e-18,-6.819168059e-19,5.562157324e-19,-3.879932067e-19,8.321212209e-19],
				"g": [0,0,0,0,0,0,0,0,0,0,0,0,0,0,0,0,0,0,0,0,0],
				"g_": [0,0,0,0,0,0,0,0,0,0,0,0,0,0,0,0,0,0,0,0,0],