{
	"model": "NK_RW06AL",
	"rule": "SW",
	"data": {
		"AC": {
			"x": [1,0.01827635157,0.03482319746,0.07710462162,0.05593846919,0.05265799631,0.05955530927,0.05518949966,0.05381464554,0.05519038278,0.06064742256,0.05453348297,0.05082618671,0.05483578992,0.04645826834,0.057676678,0.05225456795,0.05105083916,0.03799604302,0.04060336066,0.05038592584],
			"pi": [1,0.2667508885,0.2812917755,0.2930409701,0.2637766575,0.2599646892,0.2598549172,0.2563885285,0.2461377736,0.2514872971,0.2480364737,0.2420402415,0.2425275289,0.2312111022,0.2333981498,0.2412665482,0.240887128,0.2285427455,0.2215182164,0.2237220015,0.2354945352],
			"R": [1,0.4610830277,0.4325304349,0.4221725506,0.3832597438,0.360820014,0.3468810882,0.3358306678,0.3199598753,0.3155918801,0.3070114139,0.296178445,0.2851424786,0.2731761579,0.2708296464,0.2698944898,0.2669125691,0.2573113164,0.2535740084,0.2558555573,0.2585350015],
			"interest": [1,0.4610830277,0.4325304349,0.4221725506,0.3832597438,0.360820014,0.3468810882,0.3358306678,0.3199598753,0.3155918801,0.3070114139,0.296178445,0.2851424786,0.2731761579,0.2708296464,0.2698944898,0.2669125691,0.2573113164,0.2535740084,0.2558555573,0.2585350015],
			"inflation": [1,0.8133171543,0.6785433678,0.570816256,0.4670797682,0.4572052068,0.4465999185,0.4382421591,0.4293759217,0.4261394925,0.4184344534,0.4092961272,0.3990960758,0.3856411857,0.3806211436,0.380327568,0.3796986149,0.3755437829,0.3727698664,0.3739583279,0.3756373],
			"inflationq": [1,0.2667508885,0.2812917755,0.2930409701,0.2637766575,0.2599646892,0.2598549172,0.2563885285,0.2461377736,0.2514872971,0.2480364737,0.2420402415,0.2425275289,0.2312111022,0.2333981498,0.2412665482,0.240887128,0.2285427455,0.2215182164,0.2237220015,0.2354945352],
			"outputgap": [1,0.01827635157,0.03482319746,0.07710462162,0.05593846919,0.05265799631,0.05955530927,0.05518949966,0.05381464554,0.05519038278,0.06064742256,0.05453348297,0.05082618671,0.05483578992,0.04645826834,0.057676678,0.05225456795,0.05105083916,0.03799604302,0.04060336066,0.05038592584],
			"output": [1,0.01827635157,0.03482319746,0.07710462162,0.05593846919,0.05265799631,0.05955530927,0.05518949966,0.05381464554,0.05519038278,0.06064742256,0.05453348297,0.05082618671,0.05483578992,0.04645826834,0.057676678,0.05225456795,0.05105083916,0.03799604302,0.04060336066,0.05038592584],
			"inflationql": [1,0.3130197023,0.2711182777,0.2834367231,0.2465550623,0.243250245,0.248433295,0.2376715283,0.2301970692,0.2328254552,0.227978309,0.2191613296,0.2127946874,0.2045095364,0.1943101692,0.2116780072,0.20756552,0.19742947,0.1913069918,0.1978478037,0.2057344296],
			"inflationql2": [1,0.3479544129,0.3165266309,0.2788920317,0.2499000655,0.2486499539,0.2390998476,0.2346561933,0.2248542183,0.2273025167,0.22419737,0.2180137526,0.2061683961,0.1983267522,0.1917277497,0.1949500122,0.1996507278,0.1882041834,0.1834846394,0.1898117506,0.1861376928],
			"inflationqls": [1,0.69139364,0.412198723,0.388199495,0.3634531527,0.3513058096,0.3469769481,0.3376937662,0.3274513568,0.327951419,0.3252315384,0.3135900369,0.3005677037,0.2904905903,0.2824816528,0.2900658231,0.2904676819,0.2802112229,0.2755681072,0.2787107152,0.2813989427],
			"pinf4": [1,0.8133171543,0.6785433678,0.570816256,0.4670797682,0.4572052068,0.4465999185,0.4382421591,0.4293759217,0.4261394925,0.4184344534,0.4092961272,0.3990960758,0.3856411857,0.3806211436,0.380327568,0.3796986149,0.3755437829,0.3727698664,0.3739583279,0.3756373]
		},
		"VAR": {
			"x": 0.5431535821,
			"pi": 0.06064066531,
			"R": 0.1176999731,
			"interest": 1.883199569,
			"inflation": 0.4530439944,
			"inflationq": 0.970250645,
			"outputgap": 0.5431535821,
			"output": 0.5431535821,
			"inflationql": 0.8624690723,
			"inflationql2": 0.7925620211,
			"inflationqls": 2.333128969,
			"pinf4": 0.4530439944
		},
		"IRF": {
			"interest_": {
				"x": [0,-0.3629570897,-0.2357115025,-0.1511430934,-0.09414254099,-0.05816731845,-0.03614904653,-0.02276309841,-0.01465641123,-0.009767522654,-0.006834633328,-0.005087978787,-0.004059436922,-0.003465043003,-0.003132852762,-0.002958875899,-0.002880267815,-0.00285906809,-0.002872355329,-0.002906293661,-0.002952535047],
				"pi": [0,-0.1826778334,-0.1211438241,-0.0802333938,-0.05140950158,-0.03283388825,-0.02136050022,-0.01434679428,-0.0100804649,-0.00749655273,-0.005938677829,-0.005004554602,-0.004448794123,-0.004122256322,-0.00393452828,-0.003830889279,-0.003778253641,-0.003756627922,-0.003753933353,-0.003762873154,-0.003779038984],
				"R": [0,0.09152756934,0.05183303201,0.02735916286,0.01346520866,0.005288158591,0.0003439901578,-0.002658043974,-0.004486706438,-0.005607661621,-0.006302263215,-0.00674016517,-0.007023621977,-0.007214282376,-0.007349331977,-0.007451210725,-0.00753346491,-0.007604273895,-0.00766857699,-0.007729356816,-0.007788414064],
				"interest": [0,0.3661102774,0.2073321281,0.1094366514,0.05386083465,0.02115263436,0.001375960631,-0.01063217589,-0.01794682575,-0.02243064648,-0.02520905286,-0.02696066068,-0.02809448791,-0.0288571295,-0.02939732791,-0.0298048429,-0.03013385964,-0.03041709558,-0.03067430796,-0.03091742726,-0.03115365626],
				"inflation": [0,-0.1826778334,-0.3038216576,-0.3840550514,-0.435464553,-0.2856206078,-0.1858372838,-0.1199506843,-0.07862164764,-0.05328431213,-0.03786248974,-0.02852025006,-0.02288857928,-0.01951428288,-0.01751013333,-0.016336468,-0.01566592752,-0.01530029912,-0.01511970419,-0.01505168807,-0.01505247341],
				"inflationq": [0,-0.7307113337,-0.4845752965,-0.3209335752,-0.2056380063,-0.131335553,-0.08544200087,-0.05738717713,-0.04032185958,-0.02998621092,-0.02375471132,-0.02001821841,-0.01779517649,-0.01648902529,-0.01573811312,-0.01532355712,-0.01511301456,-0.01502651169,-0.01501573341,-0.01505149262,-0.01511615594],
				"outputgap": [0,-0.3629570897,-0.2357115025,-0.1511430934,-0.09414254099,-0.05816731845,-0.03614904653,-0.02276309841,-0.01465641123,-0.009767522654,-0.006834633328,-0.005087978787,-0.004059436922,-0.003465043003,-0.003132852762,-0.002958875899,-0.002880267815,-0.00285906809,-0.002872355329,-0.002906293661,-0.002952535047],
				"output": [0,-0.3629570897,-0.2357115025,-0.1511430934,-0.09414254099,-0.05816731845,-0.03614904653,-0.02276309841,-0.01465641123,-0.009767522654,-0.006834633328,-0.005087978787,-0.004059436922,-0.003465043003,-0.003132852762,-0.002958875899,-0.002880267815,-0.00285906809,-0.002872355329,-0.002906293661,-0.002952535047],
				"inflationql": [0,0,-0.7307113337,-0.4845752965,-0.3209335752,-0.2056380063,-0.131335553,-0.08544200087,-0.05738717713,-0.04032185958,-0.02998621092,-0.02375471132,-0.02001821841,-0.01779517649,-0.01648902529,-0.01573811312,-0.01532355712,-0.01511301456,-0.01502651169,-0.01501573341,-0.01505149262],
				"inflationql2": [0,0,0,-0.7307113337,-0.4845752965,-0.3209335752,-0.2056380063,-0.131335553,-0.08544200087,-0.05738717713,-0.04032185958,-0.02998621092,-0.02375471132,-0.02001821841,-0.01779517649,-0.01648902529,-0.01573811312,-0.01532355712,-0.01511301456,-0.01502651169,-0.01501573341],
				"inflationqls": [0,0,-0.7307113337,-1.21528663,-0.8055088717,-0.5265715815,-0.3369735593,-0.2167775539,-0.142829178,-0.09770903671,-0.07030807051,-0.05374092224,-0.04377292972,-0.0378133949,-0.03428420178,-0.03222713841,-0.03106167024,-0.03043657168,-0.03013952625,-0.0300422451,-0.03006722603],
				"pinf4": [0,-0.1826778334,-0.3038216576,-0.3840550514,-0.435464553,-0.2856206078,-0.1858372838,-0.1199506843,-0.07862164764,-0.05328431213,-0.03786248974,-0.02852025006,-0.02288857928,-0.01951428288,-0.01751013333,-0.016336468,-0.01566592752,-0.01530029912,-0.01511970419,-0.01505168807,-0.01505247341]
			}
		}
	}
}
