{
	"model": "NK_RW06AL",
	"rule": "Taylor",
	"data": {
		"AC": {
			"x": [1,-0.08267088595,-0.05527765418,-0.005293689504,0.02758385678,0.01051299906,0.01774888574,0.02533566513,0.01585035988,0.01236932313,0.0170866517,0.02500092844,0.0103931034,0.02074438359,0.002980507023,0.02070890867,0.02210206717,0.02308114608,-0.002173974717,0.01235311208,0.0149177649],
			"pi": [1,0.2248031819,0.1925761174,0.1981047914,0.2514031033,0.2314562452,0.2291712536,0.2280356209,0.2225877138,0.2194575407,0.2148780985,0.2202792506,0.2223107464,0.2236681483,0.2106651819,0.2160693229,0.2235340587,0.2187509621,0.2008597127,0.2097762065,0.2163658991],
			"R": [1,0.5451608223,0.4167397877,0.3556859104,0.2578693765,0.255442307,0.2507247404,0.2473016448,0.2444749944,0.2435075665,0.2449887853,0.2427562354,0.2421243043,0.2403217543,0.2367712177,0.2306867579,0.2317171484,0.2293250206,0.2204871214,0.2285269578,0.2388317784],
			"interest": [1,0.5451608223,0.4167397877,0.3556859104,0.2578693765,0.255442307,0.2507247404,0.2473016448,0.2444749944,0.2435075665,0.2449887853,0.2427562354,0.2421243043,0.2403217543,0.2367712177,0.2306867579,0.2317171484,0.2293250206,0.2204871214,0.2285269578,0.2388317784],
			"inflation": [1,0.7220131446,0.5257229014,0.4138564466,0.3553926089,0.3538700253,0.3442780976,0.3344455962,0.332493242,0.3328765653,0.3367239393,0.3338626289,0.334518425,0.3305556476,0.3264291956,0.3175142786,0.3169029365,0.3168143048,0.3107912819,0.3136559699,0.3243281674],
			"inflationq": [1,0.2248031819,0.1925761174,0.1981047914,0.2514031033,0.2314562452,0.2291712536,0.2280356209,0.2225877138,0.2194575407,0.2148780985,0.2202792506,0.2223107464,0.2236681483,0.2106651819,0.2160693229,0.2235340587,0.2187509621,0.2008597127,0.2097762065,0.2163658991],
			"outputgap": [1,-0.08267088595,-0.05527765418,-0.005293689504,0.02758385678,0.01051299906,0.01774888574,0.02533566513,0.01585035988,0.01236932313,0.0170866517,0.02500092844,0.0103931034,0.02074438359,0.002980507023,0.02070890867,0.02210206717,0.02308114608,-0.002173974717,0.01235311208,0.0149177649],
			"output": [1,-0.08267088595,-0.05527765418,-0.005293689504,0.02758385678,0.01051299906,0.01774888574,0.02533566513,0.01585035988,0.01236932313,0.0170866517,0.02500092844,0.0103931034,0.02074438359,0.002980507023,0.02070890867,0.02210206717,0.02308114608,-0.002173974717,0.01235311208,0.0149177649],
			"inflationql": [1,0.2491534823,0.1126935449,0.147044314,0.188108798,0.1802080475,0.162766323,0.163324993,0.1629324844,0.1577727797,0.159984961,0.171382674,0.1621952051,0.1659971883,0.1492413393,0.1537401834,0.1549996123,0.160947391,0.1420553045,0.1471186077,0.1569066347],
			"inflationql2": [1,0.2523915527,0.1961199749,0.1289765785,0.1656116687,0.1596161106,0.1519486093,0.1399282099,0.1345399301,0.139468105,0.1417764414,0.1483729184,0.1466028005,0.142766259,0.1319815757,0.1291689168,0.1322166902,0.1320000659,0.1253629444,0.1283934089,0.1270703463],
			"inflationqls": [1,0.5878084541,0.2245708919,0.2117766463,0.2528610876,0.2511825349,0.2334074557,0.2228373869,0.2225061009,0.2214524774,0.2284729337,0.2338634332,0.2304011738,0.2240593323,0.2149283508,0.2108539057,0.2135457064,0.2134711919,0.2042449607,0.2037534736,0.2131937165],
			"pinf4": [1,0.7220131446,0.5257229014,0.4138564466,0.3553926089,0.3538700253,0.3442780976,0.3344455962,0.332493242,0.3328765653,0.3367239393,0.3338626289,0.334518425,0.3305556476,0.3264291956,0.3175142786,0.3169029365,0.3168143048,0.3107912819,0.3136559699,0.3243281674]
		},
		"VAR": {
			"x": 0.5212590969,
			"pi": 0.06044884058,
			"R": 0.06879404245,
			"interest": 1.100704679,
			"inflation": 0.3835224484,
			"inflationq": 0.9671814492,
			"outputgap": 0.5212590969,
			"output": 0.5212590969,
			"inflationql": 0.8642139997,
			"inflationql2": 0.7614774566,
			"inflationqls": 2.206396783,
			"pinf4": 0.3835224484
		},
		"IRF": {
			"interest_": {
				"x": [0,-0.1456356757,0.005185825718,0.003762565358,0.002313891164,0.0005145313412,0.000823773203,0.0008708958305,0.0008239548095,0.0007746504429,0.0007367727472,0.0006998745917,0.0006630245795,0.0006267838865,0.0005912766374,0.0005564416066,0.0005222481173,0.0004886806628,0.0004557231083,0.0004233584389,0.0003915700414],
				"pi": [0,-0.01030327409,4.815240307e-05,-0.0006888409103,-0.001093071891,-0.001150377021,-0.001103036859,-0.00109786037,-0.001099491387,-0.001099455888,-0.001098884145,-0.001098717804,-0.001098883744,-0.001099308669,-0.001099987905,-0.001100923492,-0.001102112272,-0.001103550425,-0.001105234587,-0.001107161586,-0.001109328337],
				"R": [0,0.2279318128,-0.003197442418,-0.003633665304,-0.004224651538,-0.001017235115,-0.001410275855,-0.001557767824,-0.001566042763,-0.001553110384,-0.001556287828,-0.001561221635,-0.00156560002,-0.0015700749,-0.001574927216,-0.001580108728,-0.001585593612,-0.001591380203,-0.001597467403,-0.001603852272,-0.001610531846],
				"interest": [0,0.911727251,-0.01278976967,-0.01453466122,-0.01689860615,-0.004068940459,-0.005641103422,-0.006231071298,-0.006264171052,-0.006212441536,-0.006225151312,-0.006244886541,-0.006262400082,-0.0062802996,-0.006299708865,-0.006320434912,-0.006342374449,-0.006365520811,-0.006389869611,-0.006415409087,-0.006442127383],
				"inflation": [0,-0.01030327409,-0.01025512169,-0.0109439626,-0.01203703449,-0.00288413742,-0.004035326682,-0.004444346142,-0.004450765638,-0.004399844505,-0.00439569179,-0.004396549224,-0.004395941581,-0.004395794362,-0.004396898122,-0.00439910381,-0.004402332339,-0.004406574095,-0.004411820777,-0.004418058871,-0.004425274936],
				"inflationq": [0,-0.04121309636,0.0001926096123,-0.002755363641,-0.004372287565,-0.004601508085,-0.004412147437,-0.00439144148,-0.00439796555,-0.004397823552,-0.00439553658,-0.004394871216,-0.004395534977,-0.004397234676,-0.004399951621,-0.004403693968,-0.004408449089,-0.004414201702,-0.004420938348,-0.004428646345,-0.004437313348],
				"outputgap": [0,-0.1456356757,0.005185825718,0.003762565358,0.002313891164,0.0005145313412,0.000823773203,0.0008708958305,0.0008239548095,0.0007746504429,0.0007367727472,0.0006998745917,0.0006630245795,0.0006267838865,0.0005912766374,0.0005564416066,0.0005222481173,0.0004886806628,0.0004557231083,0.0004233584389,0.0003915700414],
				"output": [0,-0.1456356757,0.005185825718,0.003762565358,0.002313891164,0.0005145313412,0.000823773203,0.0008708958305,0.0008239548095,0.0007746504429,0.0007367727472,0.0006998745917,0.0006630245795,0.0006267838865,0.0005912766374,0.0005564416066,0.0005222481173,0.0004886806628,0.0004557231083,0.0004233584389,0.0003915700414],
				"inflationql": [0,0,-0.04121309636,0.0001926096123,-0.002755363641,-0.004372287565,-0.004601508085,-0.004412147437,-0.00439144148,-0.00439796555,-0.004397823552,-0.00439553658,-0.004394871216,-0.004395534977,-0.004397234676,-0.004399951621,-0.004403693968,-0.004408449089,-0.004414201702,-0.004420938348,-0.004428646345],
				"inflationql2": [0,0,0,-0.04121309636,0.0001926096123,-0.002755363641,-0.004372287565,-0.004601508085,-0.004412147437,-0.00439144148,-0.00439796555,-0.004397823552,-0.00439553658,-0.004394871216,-0.004395534977,-0.004397234676,-0.004399951621,-0.004403693968,-0.004408449089,-0.004414201702,-0.004420938348],
				"inflationqls": [0,0,-0.04121309636,-0.04102048675,-0.002562754029,-0.007127651207,-0.008973795651,-0.009013655522,-0.008803588917,-0.00878940703,-0.008795789102,-0.008793360132,-0.008790407796,-0.008790406192,-0.008792769652,-0.008797186297,-0.008803645589,-0.008812143057,-0.008822650791,-0.00883514005,-0.008849584693],
				"pinf4": [0,-0.01030327409,-0.01025512169,-0.0109439626,-0.01203703449,-0.00288413742,-0.004035326682,-0.004444346142,-0.004450765638,-0.004399844505,-0.00439569179,-0.004396549224,-0.004395941581,-0.004395794362,-0.004396898122,-0.00439910381,-0.004402332339,-0.004406574095,-0.004411820777,-0.004418058871,-0.004425274936]
			}
		}
	}
}
