{
	"model": "NK_RW06AL",
	"rule": "CMR",
	"data": {
		"AC": {
			"x": [1,-0.0202729085,-0.001335198893,0.02136993697,0.01852416344,0.005235256076,0.01922945839,0.02952133361,0.03136201438,0.02912029505,0.03245762175,0.02355085885,0.002779551692,0.02162597573,0.01453674582,0.02042636827,0.01768803614,0.03025361756,0.01056972445,0.01499284079,0.02433209215],
			"pi": [1,-0.002335563907,0.1318455195,0.09855838805,0.1257751054,0.09436459236,0.1196793378,0.111495264,0.1214800287,0.1072133812,0.1300457818,0.1064276064,0.09929272909,0.1088959519,0.1128774503,0.1074641201,0.09719647902,0.1189855013,0.1022195767,0.09212103611,0.1148141998],
			"R": [1,0.2403807265,0.2887675882,0.2525412831,0.2725090489,0.2479741794,0.2713632851,0.2535053841,0.2677799893,0.2566717391,0.2786685616,0.2633036158,0.2503336305,0.2545414683,0.2642778567,0.2589094676,0.2572679412,0.2653071694,0.2506908379,0.2394053588,0.2576148685],
			"interest": [1,0.2403807265,0.2887675882,0.2525412831,0.2725090489,0.2479741794,0.2713632851,0.2535053841,0.2677799893,0.2566717391,0.2786685616,0.2633036158,0.2503336305,0.2545414683,0.2642778567,0.2589094676,0.2572679412,0.2653071694,0.2506908379,0.2394053588,0.2576148685],
			"inflation": [1,0.5171991864,0.3253035564,0.166831735,0.09094196895,0.1127218454,0.1235296386,0.118889535,0.1340908563,0.131738797,0.135884227,0.1211087682,0.1068771648,0.1078358388,0.1195599633,0.1249133738,0.12404969,0.1295666463,0.1210215112,0.1190287346,0.1269539502],
			"inflationq": [1,-0.002335563907,0.1318455195,0.09855838805,0.1257751054,0.09436459236,0.1196793378,0.111495264,0.1214800287,0.1072133812,0.1300457818,0.1064276064,0.09929272909,0.1088959519,0.1128774503,0.1074641201,0.09719647902,0.1189855013,0.1022195767,0.09212103611,0.1148141998],
			"outputgap": [1,-0.0202729085,-0.001335198893,0.02136993697,0.01852416344,0.005235256076,0.01922945839,0.02952133361,0.03136201438,0.02912029505,0.03245762175,0.02355085885,0.002779551692,0.02162597573,0.01453674582,0.02042636827,0.01768803614,0.03025361756,0.01056972445,0.01499284079,0.02433209215],
			"output": [1,-0.0202729085,-0.001335198893,0.02136993697,0.01852416344,0.005235256076,0.01922945839,0.02952133361,0.03136201438,0.02912029505,0.03245762175,0.02355085885,0.002779551692,0.02162597573,0.01453674582,0.02042636827,0.01768803614,0.03025361756,0.01056972445,0.01499284079,0.02433209215],
			"inflationql": [1,0.133200914,-0.008350122708,0.05383391925,0.04567813428,0.06039305537,0.05951808277,0.06447576562,0.06583933524,0.06504496416,0.0764872955,0.06236763678,0.04301577088,0.05767915894,0.06321658821,0.06720019172,0.06996361137,0.07208009787,0.05515444897,0.05431195282,0.0594358645],
			"inflationql2": [1,0.1535802381,0.05018140754,0.007946240472,0.04747532169,0.0500142126,0.06526939461,0.0567850774,0.06509939736,0.05627124018,0.06999999864,0.05454522528,0.03766661788,0.04761087219,0.04883830557,0.06366574903,0.06723714724,0.07342961853,0.04966458287,0.05798883979,0.06149400423],
			"inflationqls": [1,0.4837420948,0.04489104944,0.03563246554,0.07313921444,0.08683593382,0.09144677977,0.09243581778,0.09643274533,0.1012660814,0.1066416243,0.08814597619,0.06870036395,0.07515965055,0.08956423648,0.0973499096,0.1058210108,0.1048554623,0.08760137202,0.08271781277,0.09343742879],
			"pinf4": [1,0.5171991864,0.3253035564,0.166831735,0.09094196895,0.1127218454,0.1235296386,0.118889535,0.1340908563,0.131738797,0.135884227,0.1211087682,0.1068771648,0.1078358388,0.1195599633,0.1249133738,0.12404969,0.1295666463,0.1210215112,0.1190287346,0.1269539502]
		},
		"VAR": {
			"x": 0.6719664055,
			"pi": 0.07317320114,
			"R": 0.0006279865492,
			"interest": 0.01004778479,
			"inflation": 0.277163847,
			"inflationq": 1.170771218,
			"outputgap": 0.6719664055,
			"output": 0.6719664055,
			"inflationql": 0.8101620259,
			"inflationql2": 0.6540243339,
			"inflationqls": 1.794161436,
			"pinf4": 0.277163847
		},
		"IRF": {
			"interest_": {
				"x": [0,-0.6366027253,-0.4100834678,-0.2626248817,-0.1671019275,-0.1081193766,-0.07201166088,-0.05007272428,-0.03683893702,-0.02892640041,-0.02425586304,-0.02155674902,-0.0200555322,-0.01928244196,-0.01895262988,-0.01889355064,-0.0190007576,-0.01921106094,-0.01948625356,-0.01980325278,-0.02014813158],
				"pi": [0,-0.3137427082,-0.2039344654,-0.1323326598,-0.08507835453,-0.05575360405,-0.03774272903,-0.02677935903,-0.0201606171,-0.01620347623,-0.01387030392,-0.01252569692,-0.01178232416,-0.01140477584,-0.01125024844,-0.01123222062,-0.01129831419,-0.01141684081,-0.0115686419,-0.01174214455,-0.01193036781],
				"R": [0,0.1713293378,0.105241847,0.06382748866,0.03845478887,0.02295155189,0.01350825599,0.007765255164,0.004274043738,0.002150056916,0.0008550020994,6.20396354e-05,-0.0004270062275,-0.0007321997833,-0.0009262499848,-0.001053179928,-0.001139643889,-0.00120178194,-0.00124936987,-0.001288331115,-0.001322257105],
				"interest": [0,0.6853173512,0.420967388,0.2553099547,0.1538191555,0.09180620756,0.05403302397,0.03106102065,0.01709617495,0.008600227664,0.003420008398,0.0002481585416,-0.00170802491,-0.002928799133,-0.003704999939,-0.00421271971,-0.004558575557,-0.004807127758,-0.004997479478,-0.005153324459,-0.005289028419],
				"inflation": [0,-0.3137427082,-0.5176771736,-0.6500098334,-0.7350881879,-0.4770990838,-0.3109073474,-0.2053540466,-0.1404363092,-0.1008861814,-0.07701375628,-0.06276009417,-0.05438180123,-0.04958310084,-0.04696304536,-0.04566956905,-0.04518555909,-0.04519762406,-0.04551601753,-0.04602594145,-0.04665799508],
				"inflationq": [0,-1.254970833,-0.8157378615,-0.5293306392,-0.3403134181,-0.2230144162,-0.1509709161,-0.1071174361,-0.08064246839,-0.06481390492,-0.05548121567,-0.0501027877,-0.04712929662,-0.04561910337,-0.04500099374,-0.04492888248,-0.04519325677,-0.04566736325,-0.04627456761,-0.04696857819,-0.04772147125],
				"outputgap": [0,-0.6366027253,-0.4100834678,-0.2626248817,-0.1671019275,-0.1081193766,-0.07201166088,-0.05007272428,-0.03683893702,-0.02892640041,-0.02425586304,-0.02155674902,-0.0200555322,-0.01928244196,-0.01895262988,-0.01889355064,-0.0190007576,-0.01921106094,-0.01948625356,-0.01980325278,-0.02014813158],
				"output": [0,-0.6366027253,-0.4100834678,-0.2626248817,-0.1671019275,-0.1081193766,-0.07201166088,-0.05007272428,-0.03683893702,-0.02892640041,-0.02425586304,-0.02155674902,-0.0200555322,-0.01928244196,-0.01895262988,-0.01889355064,-0.0190007576,-0.01921106094,-0.01948625356,-0.01980325278,-0.02014813158],
				"inflationql": [0,0,-1.254970833,-0.8157378615,-0.5293306392,-0.3403134181,-0.2230144162,-0.1509709161,-0.1071174361,-0.08064246839,-0.06481390492,-0.05548121567,-0.0501027877,-0.04712929662,-0.04561910337,-0.04500099374,-0.04492888248,-0.04519325677,-0.04566736325,-0.04627456761,-0.04696857819],
				"inflationql2": [0,0,0,-1.254970833,-0.8157378615,-0.5293306392,-0.3403134181,-0.2230144162,-0.1509709161,-0.1071174361,-0.08064246839,-0.06481390492,-0.05548121567,-0.0501027877,-0.04712929662,-0.04561910337,-0.04500099374,-0.04492888248,-0.04519325677,-0.04566736325,-0.04627456761],
				"inflationqls": [0,0,-1.254970833,-2.070708694,-1.345068501,-0.8696440573,-0.5633278343,-0.3739853323,-0.2580883523,-0.1877599045,-0.1454563733,-0.1202951206,-0.1055840034,-0.09723208432,-0.0927484,-0.09062009711,-0.08992987622,-0.09012213924,-0.09086062002,-0.09194193086,-0.0932431458],
				"pinf4": [0,-0.3137427082,-0.5176771736,-0.6500098334,-0.7350881879,-0.4770990838,-0.3109073474,-0.2053540466,-0.1404363092,-0.1008861814,-0.07701375628,-0.06276009417,-0.05438180123,-0.04958310084,-0.04696304536,-0.04566956905,-0.04518555909,-0.04519762406,-0.04551601753,-0.04602594145,-0.04665799508]
			}
		}
	}
}
