{
	"model": "NK_RW06AL",
	"rule": "LWW",
	"data": {
		"AC": {
			"x": [1,-0.02922019106,-0.03182197507,-0.006060806505,-0.01606684267,-0.006065070167,0.01062267149,0.0173920074,0.02136328877,0.01452116868,0.01871461519,0.02013677831,0.01064602814,0.02387783115,0.003541304696,0.02037115786,0.01831936296,0.01830665766,0.001043511989,0.001760116937,0.01086526455],
			"pi": [1,0.1623307319,0.1726246442,0.1917270955,0.1580267567,0.1723884374,0.183246138,0.1839546042,0.187539912,0.1862336681,0.1844389145,0.1868701313,0.1755380134,0.1829008626,0.1725342491,0.1774148627,0.1787919207,0.1702020944,0.161335434,0.160007371,0.1664418012],
			"R": [1,0.4086939534,0.4180319493,0.4327396913,0.3640522695,0.3344552154,0.3156418562,0.2976726147,0.2928219785,0.2842945549,0.2774031737,0.2731721961,0.2609247708,0.2591792222,0.2447796349,0.2444061381,0.2389704411,0.2355580851,0.2285970925,0.2276443688,0.2312653241],
			"interest": [1,0.4086939534,0.4180319493,0.4327396913,0.3640522695,0.3344552154,0.3156418562,0.2976726147,0.2928219785,0.2842945549,0.2774031737,0.2731721961,0.2609247708,0.2591792222,0.2447796349,0.2444061381,0.2389704411,0.2355580851,0.2285970925,0.2276443688,0.2312653241],
			"inflation": [1,0.7937008988,0.6308378046,0.4911780979,0.3468676189,0.3639735748,0.3754267006,0.382484035,0.3964072057,0.402453778,0.4026369618,0.396659917,0.3829022064,0.3705017678,0.3616455923,0.3542184576,0.349931805,0.341304753,0.3371547668,0.3406236563,0.3527348623],
			"inflationq": [1,0.1623307319,0.1726246442,0.1917270955,0.1580267567,0.1723884374,0.183246138,0.1839546042,0.187539912,0.1862336681,0.1844389145,0.1868701313,0.1755380134,0.1829008626,0.1725342491,0.1774148627,0.1787919207,0.1702020944,0.161335434,0.160007371,0.1664418012],
			"outputgap": [1,-0.02922019106,-0.03182197507,-0.006060806505,-0.01606684267,-0.006065070167,0.01062267149,0.0173920074,0.02136328877,0.01452116868,0.01871461519,0.02013677831,0.01064602814,0.02387783115,0.003541304696,0.02037115786,0.01831936296,0.01830665766,0.001043511989,0.001760116937,0.01086526455],
			"output": [1,-0.02922019106,-0.03182197507,-0.006060806505,-0.01606684267,-0.006065070167,0.01062267149,0.0173920074,0.02136328877,0.01452116868,0.01871461519,0.02013677831,0.01064602814,0.02387783115,0.003541304696,0.02037115786,0.01831936296,0.01830665766,0.001043511989,0.001760116937,0.01086526455],
			"inflationql": [1,0.1878683437,0.1698117986,0.1767931896,0.1485782914,0.1573807032,0.164643175,0.1661595461,0.1702414405,0.1685999582,0.1695373361,0.1694257246,0.1608125435,0.1578461281,0.1441752799,0.1526743761,0.1495563811,0.1483014724,0.1380190669,0.1416304627,0.1488030247],
			"inflationql2": [1,0.1996454351,0.1879914955,0.1711191723,0.145503927,0.1517535172,0.1613910939,0.1603828845,0.163318051,0.1620973601,0.164750612,0.1625104214,0.1506301938,0.1526516794,0.1396551634,0.1435241265,0.1420880974,0.1359025317,0.1227872952,0.1251064302,0.1349049428],
			"inflationqls": [1,0.6229259066,0.2685132146,0.2602760012,0.2466998701,0.2483516374,0.2608091254,0.2635305525,0.2674421084,0.2712670058,0.2720806415,0.2664502762,0.2565706661,0.2469892781,0.2373735351,0.2357862356,0.2379098055,0.2287530638,0.2161257443,0.2173819145,0.2306808845],
			"pinf4": [1,0.7937008988,0.6308378046,0.4911780979,0.3468676189,0.3639735748,0.3754267006,0.382484035,0.3964072057,0.402453778,0.4026369618,0.396659917,0.3829022064,0.3705017678,0.3616455923,0.3542184576,0.349931805,0.341304753,0.3371547668,0.3406236563,0.3527348623]
		},
		"VAR": {
			"x": 0.5315534521,
			"pi": 0.04339565327,
			"R": 0.1025157064,
			"interest": 1.640251303,
			"inflation": 0.273088303,
			"inflationq": 0.6943304522,
			"outputgap": 0.5315534521,
			"output": 0.5315534521,
			"inflationql": 0.6476275572,
			"inflationql2": 0.6209722054,
			"inflationqls": 1.590700513,
			"pinf4": 0.273088303
		},
		"IRF": {
			"interest_": {
				"x": [0,-0.3122156713,-0.1875666743,-0.09868001907,-0.04405354523,-0.01865682482,-0.007552362331,-0.002889917408,-0.0009878477141,-0.000241134829,2.926532344e-05,0.0001052668787,0.000102662053,6.87124322e-05,2.263558703e-05,-2.777712117e-05,-7.93792917e-05,-0.0001309106372,-0.0001818762158,-0.0002320913965,-0.0002814971425],
				"pi": [0,-0.1093199579,-0.05997529943,-0.02965089834,-0.0142211149,-0.007301982551,-0.004325453831,-0.003079884807,-0.002567887902,-0.002361014032,-0.002279749025,-0.002250004371,-0.002241454736,-0.002241741231,-0.002245836435,-0.002251695468,-0.00225848507,-0.002265863965,-0.002273690683,-0.002281904968,-0.00229047964],
				"R": [0,0.1417245653,0.1022726388,0.06384430834,0.02713374423,0.00896839309,0.0007256397944,-0.002824495893,-0.00432397104,-0.004954769275,-0.005224948108,-0.005347339923,-0.005409830533,-0.005448403225,-0.005477719989,-0.005503737761,-0.005528870965,-0.005554094771,-0.005579800099,-0.005606140846,-0.005633174854],
				"interest": [0,0.5668982613,0.4090905552,0.2553772334,0.1085349769,0.03587357236,0.002902559178,-0.01129798357,-0.01729588416,-0.0198190771,-0.02089979243,-0.02138935969,-0.02163932213,-0.0217936129,-0.02191087996,-0.02201495105,-0.02211548386,-0.02221637909,-0.0223192004,-0.02242456338,-0.02253269941],
				"inflation": [0,-0.1093199579,-0.1692952574,-0.1989461557,-0.2131672706,-0.1111492952,-0.05549944963,-0.02892843609,-0.01727520909,-0.01233424057,-0.01028853577,-0.00945865533,-0.009132222164,-0.009012949362,-0.008979036773,-0.008980727871,-0.008997758205,-0.009021880939,-0.009049735187,-0.009079944687,-0.009111939256],
				"inflationq": [0,-0.4372798318,-0.2399011977,-0.1186035934,-0.05688445962,-0.0292079302,-0.01730181532,-0.01231953923,-0.01027155161,-0.00944405613,-0.0091189961,-0.009000017482,-0.008965818944,-0.008966964923,-0.008983345742,-0.009006781873,-0.009033940281,-0.009063455861,-0.009094762732,-0.009127619872,-0.009161918558],
				"outputgap": [0,-0.3122156713,-0.1875666743,-0.09868001907,-0.04405354523,-0.01865682482,-0.007552362331,-0.002889917408,-0.0009878477141,-0.000241134829,2.926532344e-05,0.0001052668787,0.000102662053,6.87124322e-05,2.263558703e-05,-2.777712117e-05,-7.93792917e-05,-0.0001309106372,-0.0001818762158,-0.0002320913965,-0.0002814971425],
				"output": [0,-0.3122156713,-0.1875666743,-0.09868001907,-0.04405354523,-0.01865682482,-0.007552362331,-0.002889917408,-0.0009878477141,-0.000241134829,2.926532344e-05,0.0001052668787,0.000102662053,6.87124322e-05,2.263558703e-05,-2.777712117e-05,-7.93792917e-05,-0.0001309106372,-0.0001818762158,-0.0002320913965,-0.0002814971425],
				"inflationql": [0,0,-0.4372798318,-0.2399011977,-0.1186035934,-0.05688445962,-0.0292079302,-0.01730181532,-0.01231953923,-0.01027155161,-0.00944405613,-0.0091189961,-0.009000017482,-0.008965818944,-0.008966964923,-0.008983345742,-0.009006781873,-0.009033940281,-0.009063455861,-0.009094762732,-0.009127619872],
				"inflationql2": [0,0,0,-0.4372798318,-0.2399011977,-0.1186035934,-0.05688445962,-0.0292079302,-0.01730181532,-0.01231953923,-0.01027155161,-0.00944405613,-0.0091189961,-0.009000017482,-0.008965818944,-0.008966964923,-0.008983345742,-0.009006781873,-0.009033940281,-0.009063455861,-0.009094762732],
				"inflationqls": [0,0,-0.4372798318,-0.6771810295,-0.3585047911,-0.175488053,-0.08609238982,-0.04650974553,-0.02962135455,-0.02259109084,-0.01971560774,-0.01856305223,-0.01811901358,-0.01796583643,-0.01793278387,-0.01795031066,-0.01799012761,-0.01804072215,-0.01809739614,-0.01815821859,-0.0182223826],
				"pinf4": [0,-0.1093199579,-0.1692952574,-0.1989461557,-0.2131672706,-0.1111492952,-0.05549944963,-0.02892843609,-0.01727520909,-0.01233424057,-0.01028853577,-0.00945865533,-0.009132222164,-0.009012949362,-0.008979036773,-0.008980727871,-0.008997758205,-0.009021880939,-0.009049735187,-0.009079944687,-0.009111939256]
			}
		}
	}
}
