{
	"model": "NK_RW97AL",
	"rule": "CMR",
	"data": {
		"AC": {
			"pi": [1,0.1992564747,0.2472795704,0.1818199033,0.2134769448,0.1528052208,0.168928772,0.1459343547,0.1522891474,0.1355049002,0.1471290875,0.1327065525,0.1516130901,0.1089180013,0.148682773,0.08981930125,0.1340039911,0.1211386209,0.1224064992,0.1053786895,0.127739082],
			"y": [1,0.5163958662,0.5162063469,0.2912516854,0.3339203803,0.174894423,0.2378020723,0.1194815149,0.201311981,0.1069693895,0.1767313802,0.1109988079,0.1718120715,0.1007966374,0.1590890349,0.08163100166,0.1483898517,0.08353994648,0.146565914,0.09223993807,0.1495856124],
			"ynat": [1,0.6738834352,0.4774293288,0.3506472645,0.2508578852,0.1712259283,0.1138118047,0.08093045034,0.05812062225,0.0312245084,0.02848156951,0.02723848803,0.0204029475,0.02163978178,0.01579938582,0.001749999823,-0.00791882913,-0.004020818897,0.003155014344,0.00728943211,0.01546294672],
			"rnat": [1,0.336696374,0.45261309,0.2202314513,0.3598090418,0.1351550659,0.2696194077,0.08870274964,0.2449012156,0.0911257914,0.2137771012,0.08509787502,0.2219028591,0.07315795679,0.1946153414,0.06361279554,0.1859557551,0.06293712887,0.1737937238,0.07175466291,0.1838534499],
			"i": [1,0.441888583,0.5522202527,0.3192154323,0.4649979226,0.2579743852,0.3950635324,0.2166707564,0.3596669546,0.2007731896,0.3186792158,0.1938306265,0.3156302508,0.183789809,0.2929892529,0.1708973979,0.2866005574,0.1738709331,0.2791624571,0.1779361961,0.2750900518],
			"x": [1,0.4864045058,0.5410117329,0.3137234723,0.3956476848,0.2278298604,0.3218702013,0.1919334941,0.2917695966,0.1843866809,0.2661787692,0.1885456833,0.2636157385,0.1788123545,0.252476354,0.1590675212,0.2431161263,0.1645402199,0.2355769822,0.1675166513,0.2306109649],
			"u": [1,-0.005551610086,0.006903304532,0.01353547862,0.01230624755,-0.007044775056,-0.009376684718,0.008553453644,-0.0211602669,0.006098390624,-0.01027084948,0.00436357755,0.00390101179,-0.009361503476,0.01178058363,-0.02364054392,-0.001149622316,0.01085758423,-0.01947211964,-0.004622738949,-0.004388427054],
			"g": [1,0.6738834352,0.4774293288,0.3506472645,0.2508578852,0.1712259283,0.1138118047,0.08093045034,0.05812062225,0.0312245084,0.02848156951,0.02723848803,0.0204029475,0.02163978178,0.01579938582,0.001749999823,-0.00791882913,-0.004020818897,0.003155014344,0.00728943211,0.01546294672],
			"g_": [1,-0.01540544097,-0.0190823424,0.003722904274,0.002172426899,-0.02063492347,-0.01380406567,-0.00973048091,0.009859476778,-0.02905922343,0.001132117229,0.008891611497,-0.004177266777,0.01199021864,0.009150580327,0.002000663628,-0.006886314633,-0.0009338617334,-0.003441060774,0.006447229897,0.0216534563],
			"interest": [1,0.441888583,0.5522202527,0.3192154323,0.4649979226,0.2579743852,0.3950635324,0.2166707564,0.3596669546,0.2007731896,0.3186792158,0.1938306265,0.3156302508,0.183789809,0.2929892529,0.1708973979,0.2866005574,0.1738709331,0.2791624571,0.1779361961,0.2750900518],
			"inflation": [1,0.7335150248,0.5665043393,0.4186147245,0.3235124843,0.2979587355,0.2832566794,0.2598478768,0.2516960311,0.2325909049,0.2324126867,0.2282002956,0.2314885465,0.2140236998,0.2127222916,0.1947310427,0.2018457487,0.2012194125,0.1976680124,0.1956609139,0.1973046047],
			"inflationq": [1,0.1992564747,0.2472795704,0.1818199033,0.2134769448,0.1528052208,0.168928772,0.1459343547,0.1522891474,0.1355049002,0.1471290875,0.1327065525,0.1516130901,0.1089180013,0.148682773,0.08981930125,0.1340039911,0.1211386209,0.1224064992,0.1053786895,0.127739082],
			"inflationql": [1,0.2254888884,0.1577142763,0.1599276076,0.1652591037,0.1458976117,0.122678522,0.1355963663,0.1062171489,0.1203359304,0.1068474769,0.1189055394,0.115339287,0.1108349134,0.1141228617,0.09119949242,0.09250610242,0.1151673982,0.08960717072,0.1039205897,0.09561663085],
			"inflationql2": [1,0.2183740726,0.1683910135,0.1116934328,0.129793448,0.1221422384,0.1071303068,0.1199301478,0.09030261273,0.09686671544,0.08892080382,0.09639290307,0.1040155446,0.08285689284,0.09314175087,0.07306950213,0.07304557628,0.1054849696,0.07605556938,0.08410070048,0.07830426078],
			"inflationqls": [1,0.6102547136,0.2498863745,0.2205011208,0.2295726545,0.2106331864,0.1931611089,0.1854930842,0.1701244141,0.1607809513,0.1626391113,0.1661406028,0.1664849719,0.1600750899,0.1494763114,0.1366371196,0.137672168,0.1515541197,0.1441599471,0.1416810521,0.1367177014],
			"outputgap": [1,0.4864045058,0.5410117329,0.3137234723,0.3956476848,0.2278298604,0.3218702013,0.1919334941,0.2917695966,0.1843866809,0.2661787692,0.1885456833,0.2636157385,0.1788123545,0.252476354,0.1590675212,0.2431161263,0.1645402199,0.2355769822,0.1675166513,0.2306109649],
			"output": [1,0.5163958662,0.5162063469,0.2912516854,0.3339203803,0.174894423,0.2378020723,0.1194815149,0.201311981,0.1069693895,0.1767313802,0.1109988079,0.1718120715,0.1007966374,0.1590890349,0.08163100166,0.1483898517,0.08353994648,0.146565914,0.09223993807,0.1495856124],
			"fispol": [1,-0.01540544097,-0.0190823424,0.003722904274,0.002172426899,-0.02063492347,-0.01380406567,-0.00973048091,0.009859476778,-0.02905922343,0.001132117229,0.008891611497,-0.004177266777,0.01199021864,0.009150580327,0.002000663628,-0.006886314633,-0.0009338617334,-0.003441060774,0.006447229897,0.0216534563]
		},
		"VAR": {
			"pi": 0.04007090825,
			"y": 2.285537591,
			"ynat": 0.2510091792,
			"rnat": 0.006966689466,
			"i": 0.009446865292,
			"x": 1.502146939,
			"u": 0.01865258917,
			"g": 3.891622782,
			"g_": 1.795426977,
			"interest": 0.1511498447,
			"inflation": 0.2157622305,
			"inflationq": 0.641134532,
			"inflationql": 0.5165703228,
			"inflationql2": 0.4423248698,
			"inflationqls": 1.235538657,
			"outputgap": 1.502146939,
			"output": 2.285537591,
			"fispol": 1.795426977
		},
		"IRF": {
			"interest_": {
				"pi": [0,-0.3341549119,-0.2140592189,-0.1344133601,-0.08308187181,-0.0493356984,-0.02722994514,-0.01274679646,-0.003285136807,0.002858871838,0.006807284699,0.009301850803,0.0108341675,0.0117305457,0.01220775041,0.01240980394,0.0124323714,0.01233895438,0.01217165882,0.01195835996,0.01171747114],
				"y": [0,-4.758325736,-3.05908225,-1.930122665,-1.198327995,-0.7165545017,-0.4003757603,-0.1929292949,-0.05723281314,0.03100495124,0.08781077118,0.1237927184,0.1459870302,0.1590664783,0.1661359754,0.1692587433,0.1698053119,0.1686854249,0.1665022961,0.1636552679,0.160408141],
				"ynat": [0,0,0,0,0,0,0,0,0,0,0,0,0,0,0,0,0,0,0,0,0],
				"rnat": [0,4.875100323e-14,-0.002138591436,-0.002130327651,-0.00212127798,-0.002098714912,-0.002067456891,-0.002027839475,-0.00198252538,-0.00193372532,-0.001883138325,-0.001831958955,-0.001780980406,-0.001730705862,-0.001681440198,-0.001633357349,-0.001586546903,-0.001541045186,-0.001496855564,-0.001453961478,-0.001412334734],
				"i": [0,0.04007868554,0.02562547792,0.0166805897,0.01038626607,0.006225682365,0.003443603581,0.00159926477,0.0003861966409,-0.0004037681645,-0.0009112553377,-0.00123080742,-0.001425741444,-0.0015383368,-0.001596760192,-0.00161974104,-0.001619712524,-0.001604914378,-0.001580797092,-0.001550957928,-0.001517764029],
				"x": [0,-4.758325736,-3.05908225,-1.930122665,-1.198327995,-0.7165545017,-0.4003757603,-0.1929292949,-0.05723281314,0.03100495124,0.08781077118,0.1237927184,0.1459870302,0.1590664783,0.1661359754,0.1692587433,0.1698053119,0.1686854249,0.1665022961,0.1636552679,0.160408141],
				"u": [0,2.706756886e-17,4.623736411e-17,1.157666618e-17,-1.631596815e-18,9.443903222e-18,5.229201619e-18,-8.583553215e-19,9.128144966e-19,-9.303386633e-19,-5.937456218e-19,-6.161159559e-19,1.712308406e-18,-1.057638379e-18,7.526883466e-19,4.172868868e-19,-1.88835633e-19,-1.182769421e-18,1.365354611e-18,3.973080793e-19,2.129741181e-19],
				"g": [0,0,0,0,0,0,0,0,0,0,0,0,0,0,0,0,0,0,0,0,0],
				"g_": [0,0,0,0,0,0,0,0,0,0,0,0,0,0,0,0,0,0,0,0,0],