{
	"model": "NK_RW97AL",
	"rule": "CEE",
	"data": {
		"AC": {
			"pi": [1,0.1795498314,0.2029010382,0.2199696694,0.177273604,0.1710469738,0.1649901937,0.1588553155,0.1418266387,0.1599318272,0.1363208221,0.1574127596,0.1500752999,0.1231225677,0.1444776138,0.1318545791,0.116907537,0.1314903406,0.1036332523,0.1154806424,0.09273459083],
			"y": [1,0.5699265142,0.4195593886,0.3299801563,0.2504584929,0.2072518672,0.183321979,0.1671125187,0.1385509639,0.1355744483,0.1262079147,0.1383874446,0.1291862366,0.1217571904,0.1205556032,0.1237620556,0.1174600807,0.1146145887,0.1017967246,0.1003355474,0.09852735614],
			"ynat": [1,0.6706873444,0.4577140934,0.3234450405,0.2301831823,0.1603830105,0.114255843,0.08040636597,0.05399398874,0.03474982057,0.02597254482,0.02696663313,0.02233355036,0.02647019691,0.02123044288,0.01845013352,0.0143475902,0.01190866905,0.006888459411,0.008442695498,0.01864459967],
			"rnat": [1,0.4763671629,0.376288331,0.3422679406,0.2700539264,0.2127326231,0.1837752804,0.1798299197,0.1487844887,0.152177891,0.1325017281,0.1378694292,0.1274240636,0.12893061,0.1321140934,0.1338042971,0.1370841335,0.1472327026,0.1400197536,0.1369065622,0.1289997931],
			"i": [1,0.5421035497,0.4068504212,0.4220065838,0.3543642634,0.308642707,0.2939706002,0.2895029487,0.2536105879,0.2567072128,0.2478639908,0.2400490734,0.2252365344,0.2076943567,0.2191293894,0.2136169087,0.202562633,0.2105885418,0.2001432836,0.1979491814,0.1865140429],
			"x": [1,0.5169763358,0.4239902176,0.3789957634,0.3094447514,0.2858481694,0.2752767101,0.2682411467,0.2423524671,0.2485419011,0.2371854973,0.25203558,0.2403574279,0.2224436088,0.2265794375,0.2274079874,0.2191129432,0.220093,0.2010129304,0.1960223994,0.1884160587],
			"u": [1,0.005309259734,0.006033232255,0.01478139585,-0.001947556191,-0.002706530461,-0.00795202443,-0.01128927129,-0.0168320429,0.007639949718,-0.01605381185,0.009139670614,0.0001771206944,-0.01341249469,0.00885248704,-0.008062798016,-0.01184970103,0.01773817861,-0.02325908065,0.00889821699,-0.01122273916],
			"g": [1,0.6706873444,0.4577140934,0.3234450405,0.2301831823,0.1603830105,0.114255843,0.08040636597,0.05399398874,0.03474982057,0.02597254482,0.02696663313,0.02233355036,0.02647019691,0.02123044288,0.01845013352,0.0143475902,0.01190866905,0.006888459411,0.008442695498,0.01864459967],
			"g_": [1,-0.01702246571,-0.01147816715,-0.004988659408,-0.001096236372,-0.01470881636,-0.009483607614,-0.001558814646,0.0009929961332,-0.01885780576,-0.008429288283,-1.666959548e-07,-0.01421668287,0.01396673984,-0.0002967186717,-0.003697306858,-0.01030213088,0.004649140233,-0.01003431404,-0.006634116604,0.007374730382],
			"interest": [1,0.5421035497,0.4068504212,0.4220065838,0.3543642634,0.308642707,0.2939706002,0.2895029487,0.2536105879,0.2567072128,0.2478639908,0.2400490734,0.2252365344,0.2076943567,0.2191293894,0.2136169087,0.202562633,0.2105885418,0.2001432836,0.1979491814,0.1865140429],
			"inflation": [1,0.6848301185,0.4941819675,0.3808866102,0.2664026881,0.2556065403,0.2411946171,0.2353054573,0.2192822262,0.2218514831,0.218635346,0.215141033,0.2039515662,0.1836678702,0.1854222661,0.1771027697,0.1687407927,0.1675995725,0.153863526,0.1461665946,0.1365658764],
			"inflationq": [1,0.1795498314,0.2029010382,0.2199696694,0.177273604,0.1710469738,0.1649901937,0.1588553155,0.1418266387,0.1599318272,0.1363208221,0.1574127596,0.1500752999,0.1231225677,0.1444776138,0.1318545791,0.116907537,0.1314903406,0.1036332523,0.1154806424,0.09273459083],
			"inflationql": [1,0.1690021413,0.08692119346,0.1452029369,0.1191292774,0.1047729564,0.1092623183,0.1119624409,0.09728775274,0.09609799205,0.09551287599,0.1082188319,0.1008663521,0.07181421676,0.08708475832,0.07452539417,0.07338487351,0.09613769301,0.06611391452,0.07235493093,0.04712203607],
			"inflationql2": [1,0.1774494672,0.115836753,0.07473293757,0.09199513481,0.09118736815,0.08597395417,0.0832088219,0.0776375046,0.07763462605,0.07603118196,0.08219846489,0.08208442256,0.05185438191,0.05228448419,0.05220902048,0.05866184565,0.0902966007,0.04815672023,0.04754242174,0.03858621445],
			"inflationqls": [1,0.5471894762,0.1651271035,0.1673522726,0.1744443586,0.1545509132,0.1508648301,0.1523922153,0.1399560361,0.1332532023,0.140688419,0.1465400716,0.1306558749,0.1111142013,0.1067284782,0.09943722608,0.1102314661,0.1261131015,0.1026646887,0.08381078619,0.0787851788],
			"outputgap": [1,0.5169763358,0.4239902176,0.3789957634,0.3094447514,0.2858481694,0.2752767101,0.2682411467,0.2423524671,0.2485419011,0.2371854973,0.25203558,0.2403574279,0.2224436088,0.2265794375,0.2274079874,0.2191129432,0.220093,0.2010129304,0.1960223994,0.1884160587],
			"output": [1,0.5699265142,0.4195593886,0.3299801563,0.2504584929,0.2072518672,0.183321979,0.1671125187,0.1385509639,0.1355744483,0.1262079147,0.1383874446,0.1291862366,0.1217571904,0.1205556032,0.1237620556,0.1174600807,0.1146145887,0.1017967246,0.1003355474,0.09852735614],
			"fispol": [1,-0.01702246571,-0.01147816715,-0.004988659408,-0.001096236372,-0.01470881636,-0.009483607614,-0.001558814646,0.0009929961332,-0.01885780576,-0.008429288283,-1.666959548e-07,-0.01421668287,0.01396673984,-0.0002967186717,-0.003697306858,-0.01030213088,0.004649140233,-0.01003431404,-0.006634116604,0.007374730382]
		},
		"VAR": {
			"pi": 0.04051255824,
			"y": 1.670586773,
			"ynat": 0.2607164973,
			"rnat": 0.004762982386,
			"i": 0.00550658013,
			"x": 0.8264261884,
			"u": 0.01982991989,
			"g": 4.042124132,
			"g_": 1.927832814,
			"interest": 0.08810528207,
			"inflation": 0.1903046837,
			"inflationq": 0.6482009319,
			"inflationql": 0.5074032208,
			"inflationql2": 0.4044837242,
			"inflationqls": 1.120122859,
			"outputgap": 0.8264261884,
			"output": 1.670586773,
			"fispol": 1.927832814
		},
		"IRF": {
			"interest_": {
				"pi": [0,-0.1589111142,-0.0809247972,-0.0399046717,-0.01922559724,-0.008564230779,-0.003049123505,-0.0001942733585,0.001275306673,0.00202082879,0.002387332993,0.00255545902,0.002619928467,0.002630442246,0.002613080795,0.002581525426,0.002542947941,0.00250110299,0.00245795178,0.002414514558,0.002371318092],
				"y": [0,-3.168498469,-1.617625547,-0.8030426558,-0.3896543256,-0.1759429234,-0.06516421226,-0.007739622907,0.02186343602,0.03691483735,0.04434656408,0.04778948369,0.04914783327,0.0494207887,0.04913263033,0.04855835764,0.04784211052,0.04705934282,0.04624946469,0.04543297814,0.04462047054],
				"ynat": [0,0,0,0,0,0,0,0,0,0,0,0,0,0,0,0,0,0,0,0,0],
				"rnat": [0,7.049916206e-16,-0.001017031131,-0.001009386252,-0.0009995275079,-0.0009866100011,-0.000971162279,-0.0009542100586,-0.0009365514585,-0.000918678431,-0.0009008650061,-0.000883254719,-0.0008659190329,-0.0008488911615,-0.0008321844654,-0.0008158021555,-0.0007997423294,-0.0007840005636,-0.0007685712386,-0.000753448215,-0.0007386251747],
				"i": [0,0.1619272695,0.08226328288,0.04124141317,0.01991863033,0.008810775829,0.003024524757,2.088464089e-05,-0.001525162892,-0.002307254083,-0.002689067302,-0.002861411167,-0.002924413985,-0.002930612418,-0.002907562349,-0.002869708227,-0.002824614085,-0.002776234272,-0.002726629989,-0.002676869952,-0.00262750285],
				"x": [0,-3.168498469,-1.617625547,-0.8030426558,-0.3896543256,-0.1759429234,-0.06516421226,-0.007739622907,0.02186343602,0.03691483735,0.04434656408,0.04778948369,0.04914783327,0.0494207887,0.04913263033,0.04855835764,0.04784211052,0.04705934282,0.04624946469,0.04543297814,0.04462047054],
				"u": [0,-2.972904054e-17,-1.736882152e-17,-1.043504661e-18,1.373738471e-18,1.321718587e-18,-2.762044417e-19,7.811980116e-20,4.097163752e-20,-6.185365295e-20,5.708765566e-20,-1.151848415e-20,3.332667816e-19,-2.229089849e-19,3.729111869e-20,1.99778067e-19,5.866535991e-19,-8.229172181e-20,-4.133114552e-20,1.151023919e-19,-1.792304179e-19],
				"g": [0,0,0,0,0,0,0,0,0,0,0,0,0,0,0,0,0,0,0,0,0],
				"g_": [0,0,0,0,0,0,0,0,0,0,0,0,0,0,0,0,0,0,0,0,0],