{
	"model": "NK_RW97AL",
	"rule": "Taylor",
	"data": {
		"AC": {
			"pi": [1,0.1992053352,0.2490646134,0.2786687756,0.3112907542,0.2389443455,0.2427952104,0.2416127826,0.2391282994,0.2286908557,0.2129970415,0.2122631272,0.2346596797,0.1894919498,0.2006819226,0.1768284172,0.1947718925,0.1940755947,0.1822105607,0.1820221694,0.1757526633],
			"y": [1,0.5577394264,0.2946742909,0.18495537,0.1406042451,0.07030137263,0.02599314164,0.02425289608,0.01676646544,0.005054788489,-0.0002352752268,0.006676112406,-0.0101542874,-0.02079328105,-0.02252359016,-0.02033534685,-0.01092003153,-0.01396542625,-0.01716199604,-0.02630463184,-0.02609303796],
			"ynat": [1,0.6461254033,0.427353816,0.299228202,0.2179344754,0.1461516933,0.1042280665,0.07776267168,0.05481024919,0.03809692813,0.03451769545,0.02831790441,0.01502627263,0.009230410152,0.001315448676,-0.0006906852452,0.004030493229,0.007107294699,0.005827855804,0.004479243886,0.006188403891],
			"rnat": [1,0.4758067128,0.3517969683,0.3051045107,0.3073594129,0.2178360064,0.1895131912,0.1859925715,0.1797008971,0.1690199287,0.1598874295,0.1639735915,0.1619941145,0.1387525243,0.1394925155,0.1376948365,0.1401036508,0.154843494,0.1529191407,0.1415507114,0.1346745609],
			"i": [1,0.4851167007,0.4560685759,0.4451898989,0.4458382333,0.3525737447,0.342748523,0.3431886336,0.3339658526,0.314376325,0.2970742606,0.3019215255,0.3021831326,0.269910932,0.2719073637,0.2601320036,0.2504836003,0.2598539945,0.2471801794,0.2347726616,0.2237934487],
			"x": [1,0.492373773,0.2092755031,0.135438979,0.1328829099,0.06865274202,0.02499071836,0.04448966217,0.04941864154,0.04263569737,0.03301927726,0.04838158429,0.03610492445,0.01955647699,0.01581353422,0.01472090031,0.02476155831,0.02120854171,0.01221701189,0.0003077247274,0.001800183816],
			"u": [1,0.00600369307,0.01061024599,-2.609833571e-05,0.009638515981,-0.003987342448,-0.009714200319,-0.001688035943,-0.01435953106,0.006865600177,-0.009956531894,0.000704861177,0.005400169758,-0.02048242022,0.004002518197,-0.0208011969,0.003326246473,0.007936604858,-0.02187868095,0.005213455067,-0.009938040918],
			"g": [1,0.6461254033,0.427353816,0.299228202,0.2179344754,0.1461516933,0.1042280665,0.07776267168,0.05481024919,0.03809692813,0.03451769545,0.02831790441,0.01502627263,0.009230410152,0.001315448676,-0.0006906852452,0.004030493229,0.007107294699,0.005827855804,0.004479243886,0.006188403891],
			"g_": [1,-0.01915562379,-0.01912901482,0.001752099146,0.01093250274,-0.01831019421,-0.01150280784,0.0008144825216,-0.001604770335,-0.01599170874,0.003413575286,0.004123977083,-0.006585400394,0.01391923252,-0.002526262079,-0.0006220035527,-0.0005482545703,0.0104007124,-0.001424966745,-0.00769750373,0.003426502099],
			"interest": [1,0.4851167007,0.4560685759,0.4451898989,0.4458382333,0.3525737447,0.342748523,0.3431886336,0.3339658526,0.314376325,0.2970742606,0.3019215255,0.3021831326,0.269910932,0.2719073637,0.2601320036,0.2504836003,0.2598539945,0.2471801794,0.2347726616,0.2237934487],
			"inflation": [1,0.582188009,0.4079209437,0.3778536366,0.3712511499,0.3092864607,0.2775696082,0.2735271963,0.2774355622,0.2578365554,0.2452685188,0.2493486292,0.2480991893,0.2168697305,0.2063228712,0.1961372019,0.1962410495,0.1986920796,0.1853706514,0.1733729437,0.1637166026],
			"inflationq": [1,0.1992053352,0.2490646134,0.2786687756,0.3112907542,0.2389443455,0.2427952104,0.2416127826,0.2391282994,0.2286908557,0.2129970415,0.2122631272,0.2346596797,0.1894919498,0.2006819226,0.1768284172,0.1947718925,0.1940755947,0.1822105607,0.1820221694,0.1757526633],
			"inflationql": [1,0.1544574757,-0.009152995833,0.2336028311,0.2285382108,0.1288699445,0.1167319734,0.1491263279,0.1476184893,0.1304460864,0.1111931814,0.1316884314,0.1438944941,0.1106003753,0.09483008857,0.09410051717,0.1084974106,0.1130101063,0.1012088215,0.08987904682,0.0715665684],
			"inflationql2": [1,0.09811915904,0.09971039806,0.1071507755,0.1909965174,0.09945834196,0.07916899732,0.09952200737,0.1057557324,0.08106450741,0.07052156684,0.09205227927,0.1062702406,0.05760828083,0.06397894346,0.05428544485,0.0730099986,0.07903964738,0.04816465738,0.05032211405,0.03157370263],
			"inflationqls": [1,0.4362701274,0.07340028762,0.2339424903,0.2998455201,0.1879444726,0.1497460863,0.1803464541,0.1872922937,0.1575924932,0.1439652769,0.1694822697,0.1740833319,0.1385716849,0.1134757388,0.1195097746,0.1316335777,0.1340617969,0.1190528621,0.09957493838,0.08325582164],
			"outputgap": [1,0.492373773,0.2092755031,0.135438979,0.1328829099,0.06865274202,0.02499071836,0.04448966217,0.04941864154,0.04263569737,0.03301927726,0.04838158429,0.03610492445,0.01955647699,0.01581353422,0.01472090031,0.02476155831,0.02120854171,0.01221701189,0.0003077247274,0.001800183816],
			"output": [1,0.5577394264,0.2946742909,0.18495537,0.1406042451,0.07030137263,0.02599314164,0.02425289608,0.01676646544,0.005054788489,-0.0002352752268,0.006676112406,-0.0101542874,-0.02079328105,-0.02252359016,-0.02033534685,-0.01092003153,-0.01396542625,-0.01716199604,-0.02630463184,-0.02609303796],
			"fispol": [1,-0.01915562379,-0.01912901482,0.001752099146,0.01093250274,-0.01831019421,-0.01150280784,0.0008144825216,-0.001604770335,-0.01599170874,0.003413575286,0.004123977083,-0.006585400394,0.01391923252,-0.002526262079,-0.0006220035527,-0.0005482545703,0.0104007124,-0.001424966745,-0.00769750373,0.003426502099]
		},
		"VAR": {
			"pi": 0.04516644807,
			"y": 0.9538936863,
			"ynat": 0.2438497964,
			"rnat": 0.005092223168,
			"i": 0.02108182196,
			"x": 0.4049777805,
			"u": 0.01912617496,
			"g": 3.780624383,
			"g_": 1.857136041,
			"interest": 0.3373091513,
			"inflation": 0.1941014853,
			"inflationq": 0.7226631691,
			"inflationql": 0.5135397309,
			"inflationql2": 0.3529556727,
			"inflationqls": 1.096906335,
			"outputgap": 0.4049777805,
			"output": 0.9538936863,
			"fispol": 1.857136041
		},
		"IRF": {
			"interest_": {
				"pi": [0,-0.01810855377,0.00197462565,0.0009723106232,0.0002428461913,-0.000154746713,-3.56040225e-05,-2.475031858e-06,-3.129985741e-06,-8.386055806e-06,-8.570853436e-06,-8.092401486e-06,-7.898711323e-06,-7.856008236e-06,-7.796727591e-06,-7.722401297e-06,-7.647575076e-06,-7.57508552e-06,-7.503608866e-06,-7.432700263e-06,-7.362411418e-06],
				"y": [0,-0.8231093144,0.04101064631,0.02952314876,0.01587372551,-0.005310368506,-0.001768172535,-0.0003790678103,-0.0001873736889,-0.0003917215522,-0.0004150676028,-0.0003996289642,-0.000389741753,-0.0003867613076,-0.0003837491298,-0.0003801743783,-0.0003765176299,-0.0003729489747,-0.0003694319344,-0.0003659458343,-0.0003624903646],
				"ynat": [0,0,0,0,0,0,0,0,0,0,0,0,0,0,0,0,0,0,0,0,0],
				"rnat": [0,4.862776848e-16,-0.0001158947441,-0.0001150252639,-0.0001139396899,-0.0001128718403,-0.0001117939227,-0.0001107395875,-0.0001096948923,-0.0001086597824,-0.0001076341699,-0.0001066183178,-0.0001056120936,-0.0001046153872,-0.0001036281034,-0.0001026501557,-0.0001016814557,-0.0001007219156,-9.977144824e-05,-9.882996753e-05,-9.789738813e-05],
				"i": [0,0.140320628,-0.0009238922556,-0.001995212966,-0.00361032355,0.0004743423434,0.0001632807128,-2.862581732e-05,-9.690511854e-05,-6.756335499e-05,-6.034417292e-05,-6.05208567e-05,-6.10732274e-05,-6.050190388e-05,-5.983508447e-05,-5.924949046e-05,-5.869822082e-05,-5.81467929e-05,-5.759724334e-05,-5.705284294e-05,-5.651397285e-05],
				"x": [0,-0.8231093144,0.04101064631,0.02952314876,0.01587372551,-0.005310368506,-0.001768172535,-0.0003790678103,-0.0001873736889,-0.0003917215522,-0.0004150676028,-0.0003996289642,-0.000389741753,-0.0003867613076,-0.0003837491298,-0.0003801743783,-0.0003765176299,-0.0003729489747,-0.0003694319344,-0.0003659458343,-0.0003624903646],
				"u": [0,4.648514104e-19,9.551663164e-21,3.106151388e-20,-2.69396804e-20,6.010393048e-21,-4.894291967e-21,-6.049367905e-22,5.152147794e-22,-1.04894307e-23,6.086738528e-22,-5.152081959e-22,-1.140647256e-21,-1.017512309e-21,8.733309184e-22,-8.610392709e-23,-1.171876217e-21,-1.09423236e-21,-8.063126609e-23,1.023300025e-22,8.451932685e-22],