{
	"model": "NK_RW06",
	"rule": "CEE",
	"data": {
		"AC": {
			"x": [1,0.2101828548,0.1266123327,0.07627017348,0.04594449243,0.02767656461,0.016672123,0.01004314261,0.006049902187,0.003644408719,0.002195360272,0.001322466028,0.0007966420901,0.0004798903006,0.0002890817639,0.0001741403527,0.0001049006414,6.319123851e-05,3.806585519e-05,2.293054173e-05,1.381315989e-05],
			"pi": [1,0.4437331533,0.2673010113,0.1610198159,0.09699694353,0.05843011933,0.0351977982,0.02120284902,0.01277241275,0.007693990902,0.004634793532,0.002791959512,0.001681852247,0.001013133238,0.0006103026946,0.0003676410614,0.0002214637936,0.0001334078726,8.03637479e-05,4.841042623e-05,2.91620218e-05],
			"R": [1,0.6023913455,0.3628753332,0.2185929602,0.1316785074,0.07932199327,0.04778288226,0.02878399474,0.01733922932,0.01044500168,0.006291978616,0.003790233465,0.002283203837,0.001375382231,0.000828518353,0.0004990922855,0.0003006488734,0.0001811082794,0.0001090980601,6.571972722e-05,3.958899491e-05],
			"interest": [1,0.6023913455,0.3628753332,0.2185929602,0.1316785074,0.07932199327,0.04778288226,0.02878399474,0.01733922932,0.01044500168,0.006291978616,0.003790233465,0.002283203837,0.001375382231,0.000828518353,0.0004990922855,0.0003006488734,0.0001811082794,0.0001090980601,6.571972722e-05,3.958899491e-05],
			"inflation": [1,0.8878764428,0.6928070181,0.4689179369,0.262771929,0.1582915359,0.0953534513,0.05744009383,0.03460141541,0.02084359319,0.01255600015,0.007563625823,0.004556262736,0.00274465324,0.001653355359,0.0009959669591,0.0005999618766,0.0003614118421,0.0002177113659,0.0001311474426,7.900208443e-05],
			"inflationq": [1,0.4437331533,0.2673010113,0.1610198159,0.09699694353,0.05843011933,0.0351977982,0.02120284902,0.01277241275,0.007693990902,0.004634793532,0.002791959512,0.001681852247,0.001013133238,0.0006103026946,0.0003676410614,0.0002214637936,0.0001334078726,8.03637479e-05,4.841042623e-05,2.91620218e-05],
			"outputgap": [1,0.2101828548,0.1266123327,0.07627017348,0.04594449243,0.02767656461,0.016672123,0.01004314261,0.006049902187,0.003644408719,0.002195360272,0.001322466028,0.0007966420901,0.0004798903006,0.0002890817639,0.0001741403527,0.0001049006414,6.319123851e-05,3.806585519e-05,2.293054173e-05,1.381315989e-05],
			"AUX_ENDO_LEAD_71": [1,0.6023913455,0.3628753332,0.2185929602,0.1316785074,0.07932199327,0.04778288226,0.02878399474,0.01733922932,0.01044500168,0.006291978616,0.003790233465,0.002283203837,0.001375382231,0.000828518353,0.0004990922855,0.0003006488734,0.0001811082794,0.0001090980601,6.571972722e-05,3.958899491e-05],
			"AUX_ENDO_LEAD_75": [1,0.6023913455,0.3628753332,0.2185929602,0.1316785074,0.07932199327,0.04778288226,0.02878399474,0.01733922932,0.01044500168,0.006291978616,0.003790233465,0.002283203837,0.001375382231,0.000828518353,0.0004990922855,0.0003006488734,0.0001811082794,0.0001090980601,6.571972722e-05,3.958899491e-05],
			"AUX_ENDO_LEAD_79": [1,0.6023913455,0.3628753332,0.2185929602,0.1316785074,0.07932199327,0.04778288226,0.02878399474,0.01733922932,0.01044500168,0.006291978616,0.003790233465,0.002283203837,0.001375382231,0.000828518353,0.0004990922855,0.0003006488734,0.0001811082794,0.0001090980601,6.571972722e-05,3.958899491e-05],
			"AUX_ENDO_LEAD_106": [1,0.6023913455,0.3628753332,0.2185929602,0.1316785074,0.07932199327,0.04778288226,0.02878399474,0.01733922932,0.01044500168,0.006291978616,0.003790233465,0.002283203837,0.001375382231,0.000828518353,0.0004990922855,0.0003006488734,0.0001811082794,0.0001090980601,6.571972722e-05,3.958899491e-05],
			"AUX_ENDO_LEAD_110": [1,0.6023913455,0.3628753332,0.2185929602,0.1316785074,0.07932199327,0.04778288226,0.02878399474,0.01733922932,0.01044500168,0.006291978616,0.003790233465,0.002283203837,0.001375382231,0.000828518353,0.0004990922855,0.0003006488734,0.0001811082794,0.0001090980601,6.571972722e-05,3.958899491e-05],
			"AUX_ENDO_LEAD_114": [1,0.6023913455,0.3628753332,0.2185929602,0.1316785074,0.07932199327,0.04778288226,0.02878399474,0.01733922932,0.01044500168,0.006291978616,0.003790233465,0.002283203837,0.001375382231,0.000828518353,0.0004990922855,0.0003006488734,0.0001811082794,0.0001090980601,6.571972722e-05,3.958899491e-05],
			"AUX_ENDO_LAG_1_1": [1,0.4437331533,0.2673010113,0.1610198159,0.09699694353,0.05843011933,0.0351977982,0.02120284902,0.01277241275,0.007693990902,0.004634793532,0.002791959512,0.001681852247,0.001013133238,0.0006103026946,0.0003676410614,0.0002214637936,0.0001334078726,8.03637479e-05,4.841042623e-05,2.91620218e-05],
			"AUX_ENDO_LAG_1_2": [1,0.4437331533,0.2673010113,0.1610198159,0.09699694353,0.05843011933,0.0351977982,0.02120284902,0.01277241275,0.007693990902,0.004634793532,0.002791959512,0.001681852247,0.001013133238,0.0006103026946,0.0003676410614,0.0002214637936,0.0001334078726,8.03637479e-05,4.841042623e-05,2.91620218e-05],
			"AUX_ENDO_LAG_6_1": [1,0.2101828548,0.1266123327,0.07627017348,0.04594449243,0.02767656461,0.016672123,0.01004314261,0.006049902187,0.003644408719,0.002195360272,0.001322466028,0.0007966420901,0.0004798903006,0.0002890817639,0.0001741403527,0.0001049006414,6.319123851e-05,3.806585519e-05,2.293054173e-05,1.381315989e-05],
			"AUX_ENDO_LAG_6_2": [1,0.2101828548,0.1266123327,0.07627017348,0.04594449243,0.02767656461,0.016672123,0.01004314261,0.006049902187,0.003644408719,0.002195360272,0.001322466028,0.0007966420901,0.0004798903006,0.0002890817639,0.0001741403527,0.0001049006414,6.319123851e-05,3.806585519e-05,2.293054173e-05,1.381315989e-05],
			"AUX_ENDO_LAG_6_3": [1,0.2101828548,0.1266123327,0.07627017348,0.04594449243,0.02767656461,0.016672123,0.01004314261,0.006049902187,0.003644408719,0.002195360272,0.001322466028,0.0007966420901,0.0004798903006,0.0002890817639,0.0001741403527,0.0001049006414,6.319123851e-05,3.806585519e-05,2.293054173e-05,1.381315989e-05],
			"AUX_ENDO_LAG_3_1": [1,0.6023913455,0.3628753332,0.2185929602,0.1316785074,0.07932199327,0.04778288226,0.02878399474,0.01733922932,0.01044500168,0.006291978616,0.003790233465,0.002283203837,0.001375382231,0.000828518353,0.0004990922855,0.0003006488734,0.0001811082794,0.0001090980601,6.571972722e-05,3.958899491e-05],
			"AUX_ENDO_LAG_3_2": [1,0.6023913455,0.3628753332,0.2185929602,0.1316785074,0.07932199327,0.04778288226,0.02878399474,0.01733922932,0.01044500168,0.006291978616,0.003790233465,0.002283203837,0.001375382231,0.000828518353,0.0004990922855,0.0003006488734,0.0001811082794,0.0001090980601,6.571972722e-05,3.958899491e-05],
			"AUX_ENDO_LAG_3_3": [1,0.6023913455,0.3628753332,0.2185929602,0.1316785074,0.07932199327,0.04778288226,0.02878399474,0.01733922932,0.01044500168,0.006291978616,0.003790233465,0.002283203837,0.001375382231,0.000828518353,0.0004990922855,0.0003006488734,0.0001811082794,0.0001090980601,6.571972722e-05,3.958899491e-05],
			"AUX_ENDO_LAG_5_1": [1,0.4437331533,0.2673010113,0.1610198159,0.09699694353,0.05843011933,0.0351977982,0.02120284902,0.01277241275,0.007693990902,0.004634793532,0.002791959512,0.001681852247,0.001013133238,0.0006103026946,0.0003676410614,0.0002214637936,0.0001334078726,8.03637479e-05,4.841042623e-05,2.91620218e-05],
			"AUX_ENDO_LAG_5_2": [1,0.4437331533,0.2673010113,0.1610198159,0.09699694353,0.05843011933,0.0351977982,0.02120284902,0.01277241275,0.007693990902,0.004634793532,0.002791959512,0.001681852247,0.001013133238,0.0006103026946,0.0003676410614,0.0002214637936,0.0001334078726,8.03637479e-05,4.841042623e-05,2.91620218e-05],
			"AUX_ENDO_LAG_5_3": [1,0.4437331533,0.2673010113,0.1610198159,0.09699694353,0.05843011933,0.0351977982,0.02120284902,0.01277241275,0.007693990902,0.004634793532,0.002791959512,0.001681852247,0.001013133238,0.0006103026946,0.0003676410614,0.0002214637936,0.0001334078726,8.03637479e-05,4.841042623e-05,2.91620218e-05]
		},
		"VAR": {
			"x": 1.462869135,
			"pi": 0.1568420076,
			"R": 0.05597623699,
			"interest": 0.8956197918,
			"inflation": 1.263149473,
			"inflationq": 2.509472121,
			"outputgap": 1.462869135,
			"AUX_ENDO_LEAD_71": 0.6982867012,
			"AUX_ENDO_LEAD_75": 0.2533910194,