{
	"model": "NK_RW06",
	"rule": "GR",
	"data": {
		"AC": {
			"x": [1,-0.0259175978,-0.0367917875,-0.02945691487,-0.01037540967,-0.003045014852,-0.0007293658761,-0.0001388564303,-1.569112602e-05,2.163068027e-06,2.141520908e-06,8.796869137e-07,2.736144658e-07,7.013912331e-08,1.460950376e-08,2.122084825e-09,-1.489509845e-12,-1.493706821e-10,-7.182686227e-11,-2.412556085e-11,-6.586431053e-12],
			"pi": [1,-0.05671008257,-0.04805072384,-0.02365078333,-0.007615577324,-0.002047697895,-0.0004492452548,-7.320344298e-05,-3.754187281e-06,3.317537988e-06,1.8608131e-06,6.636798512e-07,1.89253626e-07,4.464594909e-08,8.242463382e-09,8.417772691e-10,-1.720217982e-10,-1.418061482e-10,-5.623818195e-11,-1.714854881e-11,-4.318565665e-12],
			"R": [1,0.5536205182,0.264834424,0.09551976883,0.02683148131,0.006285755128,0.001142328684,0.0001102435005,-2.697385811e-05,-2.070837714e-05,-8.083174788e-06,-2.441881495e-06,-6.096882001e-07,-1.225469432e-07,-1.630490811e-08,7.326713382e-10,1.494995197e-09,6.686084359e-10,2.172509061e-10,5.778329132e-11,1.260766228e-11],
			"interest": [1,0.5536205182,0.264834424,0.09551976883,0.02683148131,0.006285755128,0.001142328684,0.0001102435005,-2.697385811e-05,-2.070837714e-05,-8.083174788e-06,-2.441881495e-06,-6.096882001e-07,-1.225469432e-07,-1.630490811e-08,7.326713382e-10,1.494995197e-09,6.686084359e-10,2.172509061e-10,5.778329132e-11,1.260766228e-11],
			"inflation": [1,0.7053958091,0.4364394708,0.1814007369,-0.07641023904,-0.03739149775,-0.01375514059,-0.00390449462,-0.0009258070056,-0.0001714927456,-1.780630795e-05,3.445185051e-06,2.905789419e-06,1.158036319e-06,3.541084958e-07,8.940441336e-08,1.824818363e-08,2.524796576e-09,-6.245145854e-11,-2.069377641e-10,-9.52785508e-11],
			"inflationq": [1,-0.05671008257,-0.04805072384,-0.02365078333,-0.007615577324,-0.002047697895,-0.0004492452548,-7.320344298e-05,-3.754187281e-06,3.317537988e-06,1.8608131e-06,6.636798512e-07,1.89253626e-07,4.464594909e-08,8.242463382e-09,8.417772691e-10,-1.720217982e-10,-1.418061482e-10,-5.623818195e-11,-1.714854881e-11,-4.318565665e-12],
			"outputgap": [1,-0.0259175978,-0.0367917875,-0.02945691487,-0.01037540967,-0.003045014852,-0.0007293658761,-0.0001388564303,-1.569112602e-05,2.163068027e-06,2.141520908e-06,8.796869137e-07,2.736144658e-07,7.013912331e-08,1.460950376e-08,2.122084825e-09,-1.489509845e-12,-1.493706821e-10,-7.182686227e-11,-2.412556085e-11,-6.586431053e-12],
			"AUX_ENDO_LEAD_71": [1,0.4079065336,0.1365566404,0.03626107288,0.007980208961,0.001295201407,6.539665708e-05,-5.930040293e-05,-3.313212832e-05,-1.180165888e-05,-3.362253797e-06,-7.924236309e-07,-1.460725553e-07,-1.483322498e-08,3.089362421e-09,2.526795058e-09,1.00039612e-09,3.047489432e-10,7.667706642e-11,1.557688997e-11,2.129958393e-12],
			"AUX_ENDO_LEAD_75": [1,0.3457237017,0.09376384309,0.02117797775,0.00360818621,0.0002560439123,-0.0001296374952,-8.03478727e-05,-2.961278657e-05,-8.631829591e-06,-2.08237741e-06,-3.981271622e-07,-4.585108886e-08,5.808933045e-09,6.009256241e-09,2.486908657e-09,7.766479518e-10,1.997944547e-10,4.180869691e-11,6.137743936e-12,2.697759968e-14],
			"AUX_ENDO_LEAD_79": [1,0.2756400145,0.06346388738,0.01118238638,0.0009457486675,-0.0003284808515,-0.0002243809725,-8.504783666e-05,-2.523731955e-05,-6.195714048e-06,-1.215725396e-06,-1.514335723e-07,1.223773072e-08,1.650123571e-08,7.089103536e-09,2.257919287e-09,5.907314687e-10,1.263050345e-10,1.944256813e-11,5.150512397e-13,-1.113934955e-12],
			"AUX_ENDO_LEAD_106": [1,0.4666375655,0.1818548739,0.05241349964,0.01272613735,0.002436376229,0.0002836511208,-3.424321211e-05,-3.634478233e-05,-1.510489683e-05,-4.72783887e-06,-1.218650537e-06,-2.556663914e-07,-3.775202541e-08,-2.703336798e-10,2.514369594e-09,1.229761328e-09,4.160728608e-10,1.142192323e-10,2.585745158e-11,4.450831658e-12],
			"AUX_ENDO_LEAD_110": [1,0.4183812954,0.1243682503,0.03122490629,0.006266286618,0.0008355870031,-3.705312102e-05,-7.633286665e-05,-3.416738533e-05,-1.110617832e-05,-2.954897148e-06,-6.449677674e-07,-1.035997038e-07,-4.7092383e-09,4.989432088e-09,2.732604896e-09,9.664051632e-10,2.739630964e-10,6.42328674e-11,1.174080741e-11,1.154371613e-12],
			"AUX_ENDO_LEAD_114": [1,0.307448466,0.0799620909,0.01679174167,0.002501051867,2.666718536e-05,-0.0001622244934,-8.000133424e-05,-2.716054935e-05,-7.475439266e-06,-1.69726315e-06,-2.936786931e-07,-2.253001479e-08,9.722774035e-09,6.260358155e-09,2.333662615e-09,6.852606879e-10,1.665208232e-10,3.218712329e-11,3.835200605e-12,-4.078420025e-13],
			"AUX_ENDO_LAG_1_1": [1,-0.05671008257,-0.04805072384,-0.02365078333,-0.007615577324,-0.002047697895,-0.0004492452548,-7.320344298e-05,-3.754187281e-06,3.317537988e-06,1.8608131e-06,6.636798512e-07,1.89253626e-07,4.464594909e-08,8.242463382e-09,8.417772691e-10,-1.720217982e-10,-1.418061482e-10,-5.623818195e-11,-1.714854881e-11,-4.318565665e-12],
			"AUX_ENDO_LAG_1_2": [1,-0.05671008257,-0.04805072384,-0.02365078333,-0.007615577324,-0.002047697895,-0.0004492452548,-7.320344298e-05,-3.754187281e-06,3.317537988e-06,1.8608131e-06,6.636798512e-07,1.89253626e-07,4.464594909e-08,8.242463382e-09,8.417772691e-10,-1.720217982e-10,-1.418061482e-10,-5.623818195e-11,-1.714854881e-11,-4.318565665e-12],
			"AUX_ENDO_LAG_6_1": [1,-0.0259175978,-0.0367917875,-0.02945691487,-0.01037540967,-0.003045014852,-0.0007293658761,-0.0001388564303,-1.569112602e-05,2.163068027e-06,2.141520908e-06,8.796869137e-07,2.736144658e-07,7.013912331e-08,1.460950376e-08,2.122084825e-09,-1.489509845e-12,-1.493706821e-10,-7.182686227e-11,-2.412556085e-11,-6.586431053e-12],
			"AUX_ENDO_LAG_6_2": [1,-0.0259175978,-0.0367917875,-0.02945691487,-0.01037540967,-0.003045014852,-0.0007293658761,-0.0001388564303,-1.569112602e-05,2.163068027e-06,2.141520908e-06,8.796869137e-07,2.736144658e-07,7.013912331e-08,1.460950376e-08,2.122084825e-09,-1.489509845e-12,-1.493706821e-10,-7.182686227e-11,-2.412556085e-11,-6.586431053e-12],
			"AUX_ENDO_LAG_6_3": [1,-0.0259175978,-0.0367917875,-0.02945691487,-0.01037540967,-0.003045014852,-0.0007293658761,-0.0001388564303,-1.569112602e-05,2.163068027e-06,2.141520908e-06,8.796869137e-07,2.736144658e-07,7.013912331e-08,1.460950376e-08,2.122084825e-09,-1.489509845e-12,-1.493706821e-10,-7.182686227e-11,-2.412556085e-11,-6.586431053e-12],
			"AUX_ENDO_LAG_3_1": [1,0.5536205182,0.264834424,0.09551976883,0.02683148131,0.006285755128,0.001142328684,0.0001102435005,-2.697385811e-05,-2.070837714e-05,-8.083174788e-06,-2.441881495e-06,-6.096882001e-07,-1.225469432e-07,-1.630490811e-08,7.326713382e-10,1.494995197e-09,6.686084359e-10,2.172509061e-10,5.778329132e-11,1.260766228e-11],
			"AUX_ENDO_LAG_3_2": [1,0.5536205182,0.264834424,0.09551976883,0.02683148131,0.006285755128,0.001142328684,0.0001102435005,-2.697385811e-05,-2.070837714e-05,-8.083174788e-06,-2.441881495e-06,-6.096882001e-07,-1.225469432e-07,-1.630490811e-08,7.326713382e-10,1.494995197e-09,6.686084359e-10,2.172509061e-10,5.778329132e-11,1.260766228e-11],
			"AUX_ENDO_LAG_3_3": [1,0.5536205182,0.264834424,0.09551976883,0.02683148131,0.006285755128,0.001142328684,0.0001102435005,-2.697385811e-05,-2.070837714e-05,-8.083174788e-06,-2.441881495e-06,-6.096882001e-07,-1.225469432e-07,-1.630490811e-08,7.326713382e-10,1.494995197e-09,6.686084359e-10,2.172509061e-10,5.778329132e-11,1.260766228e-11],
			"AUX_ENDO_LAG_5_1": [1,-0.05671008257,-0.04805072384,-0.02365078333,-0.007615577324,-0.002047697895,-0.0004492452548,-7.320344298e-05,-3.754187281e-06,3.317537988e-06,1.8608131e-06,6.636798512e-07,1.89253626e-07,4.464594909e-08,8.242463382e-09,8.417772691e-10,-1.720217982e-10,-1.418061482e-10,-5.623818195e-11,-1.714854881e-11,-4.318565665e-12],
			"AUX_ENDO_LAG_5_2": [1,-0.05671008257,-0.04805072384,-0.02365078333,-0.007615577324,-0.002047697895,-0.0004492452548,-7.320344298e-05,-3.754187281e-06,3.317537988e-06,1.8608131e-06,6.636798512e-07,1.89253626e-07,4.464594909e-08,8.242463382e-09,8.417772691e-10,-1.720217982e-10,-1.418061482e-10,-5.623818195e-11,-1.714854881e-11,-4.318565665e-12],