{
	"model": "NK_RW06AL",
	"rule": "CEE",
	"data": {
		"AC": {
			"x": [1,-0.1100542478,0.01554034508,0.00239486564,0.01620172219,0.01020263149,0.01896713027,0.02561178485,0.02319039363,0.02335115478,0.01332777109,0.01499514605,0.00858330944,0.02688521176,-0.005930230407,0.02203939434,0.009889991342,0.01298267426,0.005202767213,0.01459232545,0.01139441717],
			"pi": [1,-0.08148323498,0.1493969345,0.1226844907,0.1369117353,0.1149802942,0.137731872,0.1315157508,0.125483977,0.131266143,0.1210576448,0.1299819972,0.1187952012,0.1417117668,0.1099250482,0.1372159853,0.1215153158,0.1283398511,0.1170508502,0.114327608,0.1238624057],
			"R": [1,0.2765192324,0.2813291405,0.2478718578,0.2432360405,0.2298105625,0.2403995001,0.2322968984,0.2338692502,0.2343058675,0.2264682814,0.2279382322,0.212321173,0.2305161258,0.2062816126,0.2264060855,0.2119256491,0.2167812979,0.215852129,0.2056093523,0.216263617],
			"interest": [1,0.2765192324,0.2813291405,0.2478718578,0.2432360405,0.2298105625,0.2403995001,0.2322968984,0.2338692502,0.2343058675,0.2264682814,0.2279382322,0.212321173,0.2305161258,0.2062816126,0.2264060855,0.2119256491,0.2167812979,0.215852129,0.2056093523,0.216263617],
			"inflation": [1,0.3707603617,0.2856510687,0.2164867874,0.1703763684,0.1913767077,0.2142146444,0.2112856854,0.2073417783,0.2081476062,0.202693633,0.201298939,0.1853780276,0.1975171824,0.1754509787,0.1954930217,0.1858809787,0.1939757457,0.1901292426,0.1822685804,0.1855174502],
			"inflationq": [1,-0.08148323498,0.1493969345,0.1226844907,0.1369117353,0.1149802942,0.137731872,0.1315157508,0.125483977,0.131266143,0.1210576448,0.1299819972,0.1187952012,0.1417117668,0.1099250482,0.1372159853,0.1215153158,0.1283398511,0.1170508502,0.114327608,0.1238624057],
			"outputgap": [1,-0.1100542478,0.01554034508,0.00239486564,0.01620172219,0.01020263149,0.01896713027,0.02561178485,0.02319039363,0.02335115478,0.01332777109,0.01499514605,0.00858330944,0.02688521176,-0.005930230407,0.02203939434,0.009889991342,0.01298267426,0.005202767213,0.01459232545,0.01139441717],
			"output": [1,-0.1100542478,0.01554034508,0.00239486564,0.01620172219,0.01020263149,0.01896713027,0.02561178485,0.02319039363,0.02335115478,0.01332777109,0.01499514605,0.00858330944,0.02688521176,-0.005930230407,0.02203939434,0.009889991342,0.01298267426,0.005202767213,0.01459232545,0.01139441717],
			"inflationql": [1,0.09595886231,-0.0006296506194,0.1209883321,0.09498750368,0.1012160458,0.1082141373,0.1048238372,0.1066442416,0.1002893377,0.1065877747,0.1034397094,0.09153278022,0.1062477018,0.09057416863,0.09207947586,0.1035520143,0.09813840603,0.09495714205,0.09692639783,0.09125519436],
			"inflationql2": [1,0.1864672624,0.1152697947,0.05898530161,0.107419403,0.123059229,0.133278169,0.1409723273,0.1337796727,0.1171019798,0.13019905,0.1162762159,0.1194029676,0.1164051366,0.1038415131,0.1121353854,0.1193832041,0.128749865,0.1244912665,0.1072700983,0.1156182546],
			"inflationqls": [1,0.4463418584,0.07963238548,0.1275284128,0.1580275356,0.1644534825,0.1839583358,0.1850503933,0.1798129141,0.1738810585,0.1699253957,0.1693275525,0.1628279813,0.1640077382,0.1534966706,0.1533134511,0.1685918015,0.1690499499,0.1679160761,0.1575819932,0.1560161854],
			"pinf4": [1,0.3707603617,0.2856510687,0.2164867874,0.1703763684,0.1913767077,0.2142146444,0.2112856854,0.2073417783,0.2081476062,0.202693633,0.201298939,0.1853780276,0.1975171824,0.1754509787,0.1954930217,0.1858809787,0.1939757457,0.1901292426,0.1822685804,0.1855174502]
		},
		"VAR": {
			"x": 0.5255640397,
			"pi": 0.08611758904,
			"R": 0.0009799722693,
			"interest": 0.01567955631,
			"inflation": 0.2439689674,
			"inflationq": 1.377881425,
			"outputgap": 0.5255640397,
			"output": 0.5255640397,
			"inflationql": 0.6940227557,
			"inflationql2": 0.4546383273,
			"inflationqls": 1.386007081,
			"pinf4": 0.2439689674
		},
		"IRF": {
			"interest_": {
				"x": [0,-0.594332287,-0.3718150298,-0.2316773805,-0.1438476275,-0.09079309052,-0.05904369315,-0.04019445965,-0.02908628689,-0.02259831948,-0.01885828432,-0.01674931867,-0.01560769008,-0.01503991145,-0.01481306449,-0.01478940977,-0.01488754572,-0.0150593905,-0.01527655962,-0.01552231055,-0.01578678124],
				"pi": [0,-0.2759339044,-0.1747632138,-0.1108672658,-0.06992093033,-0.04500490554,-0.03002390558,-0.02110642844,-0.01584460495,-0.01277125255,-0.01100214545,-0.01000832364,-0.009474895798,-0.009214994381,-0.009117944314,-0.009118277627,-0.009177299233,-0.009272152459,-0.009389344751,-0.009520918266,-0.009662186173],
				"R": [0,0.1882472955,0.1130168199,0.06708120495,0.03950706681,0.02304381112,0.01324841471,0.007430714229,0.003977206776,0.001925518759,0.0007037440715,-2.718648866e-05,-0.0004680089713,-0.0007374629902,-0.0009057535288,-0.001014380953,-0.001087876621,-0.001140742699,-0.001181554264,-0.001215383549,-0.001245232534],
				"interest": [0,0.7529891819,0.4520672795,0.2683248198,0.1580282672,0.0921752445,0.05299365884,0.02972285692,0.0159088271,0.007702075036,0.002814976286,-0.0001087459546,-0.001872035885,-0.002949851961,-0.003623014115,-0.004057523811,-0.004351506483,-0.004562970797,-0.004726217056,-0.004861534197,-0.004980930134],
				"inflation": [0,-0.2759339044,-0.4506971182,-0.5615643839,-0.6314853143,-0.4005563155,-0.2558170072,-0.1660561699,-0.1119798445,-0.07974619151,-0.06072443138,-0.04962632658,-0.04325661743,-0.03970035926,-0.03781615813,-0.03692611212,-0.03662851556,-0.03668567363,-0.03695707407,-0.03735971471,-0.03784460165],
				"inflationq": [0,-1.103735617,-0.6990528553,-0.4434690631,-0.2796837213,-0.1800196221,-0.1200956223,-0.08442571375,-0.06337841981,-0.05108501019,-0.04400858179,-0.04003329455,-0.03789958319,-0.03685997753,-0.03647177726,-0.03647311051,-0.03670919693,-0.03708860984,-0.037557379,-0.03808367306,-0.03864874469],
				"outputgap": [0,-0.594332287,-0.3718150298,-0.2316773805,-0.1438476275,-0.09079309052,-0.05904369315,-0.04019445965,-0.02908628689,-0.02259831948,-0.01885828432,-0.01674931867,-0.01560769008,-0.01503991145,-0.01481306449,-0.01478940977,-0.01488754572,-0.0150593905,-0.01527655962,-0.01552231055,-0.01578678124],
				"output": [0,-0.594332287,-0.3718150298,-0.2316773805,-0.1438476275,-0.09079309052,-0.05904369315,-0.04019445965,-0.02908628689,-0.02259831948,-0.01885828432,-0.01674931867,-0.01560769008,-0.01503991145,-0.01481306449,-0.01478940977,-0.01488754572,-0.0150593905,-0.01527655962,-0.01552231055,-0.01578678124],
				"inflationql": [0,0,-1.103735617,-0.6990528553,-0.4434690631,-0.2796837213,-0.1800196221,-0.1200956223,-0.08442571375,-0.06337841981,-0.05108501019,-0.04400858179,-0.04003329455,-0.03789958319,-0.03685997753,-0.03647177726,-0.03647311051,-0.03670919693,-0.03708860984,-0.037557379,-0.03808367306],
				"inflationql2": [0,0,0,-1.103735617,-0.6990528553,-0.4434690631,-0.2796837213,-0.1800196221,-0.1200956223,-0.08442571375,-0.06337841981,-0.05108501019,-0.04400858179,-0.04003329455,-0.03789958319,-0.03685997753,-0.03647177726,-0.03647311051,-0.03670919693,-0.03708860984,-0.037557379],
				"inflationqls": [0,0,-1.103735617,-1.802788473,-1.142521918,-0.7231527844,-0.4597033435,-0.3001152445,-0.2045213361,-0.1478041336,-0.11446343,-0.09509359199,-0.08404187634,-0.07793287774,-0.07475956072,-0.07333175478,-0.07294488776,-0.07318230744,-0.07379780677,-0.07464598884,-0.07564105207],
				"pinf4": [0,-0.2759339044,-0.4506971182,-0.5615643839,-0.6314853143,-0.4005563155,-0.2558170072,-0.1660561699,-0.1119798445,-0.07974619151,-0.06072443138,-0.04962632658,-0.04325661743,-0.03970035926,-0.03781615813,-0.03692611212,-0.03662851556,-0.03668567363,-0.03695707407,-0.03735971471,-0.03784460165]
			}
		}
	}
}
