{
	"model": "NK_RW06AL",
	"rule": "GR",
	"data": {
		"AC": {
			"x": [1,-0.08577416395,-0.06593436196,-0.005087012688,0.01260209141,0.004959275494,0.01572880464,0.01828322227,0.01502714524,0.01683599814,0.02456206996,0.02178732331,0.003269296716,0.02748834,0.008707274385,0.02636919333,0.01990796043,0.01003389929,-0.0005003913559,0.01643742702,0.01390627779],
			"pi": [1,0.03319873416,0.03324240856,0.132992957,0.1936755615,0.1614779854,0.1468561643,0.1544251426,0.1632306149,0.1659846087,0.156811185,0.1491547243,0.145594652,0.1686342844,0.1549331905,0.1533401556,0.1602724959,0.1502480322,0.1431407563,0.1442711467,0.1530984351],
			"R": [1,0.6760868273,0.4515264981,0.3771804032,0.3624633472,0.3161123902,0.2801172348,0.2774544475,0.2904562863,0.30148978,0.2965366532,0.2885752633,0.2772610299,0.2822769195,0.2743166982,0.2561005627,0.2623815722,0.2678927271,0.2654055886,0.2537294302,0.2560268355],
			"interest": [1,0.6760868273,0.4515264981,0.3771804032,0.3624633472,0.3161123902,0.2801172348,0.2774544475,0.2904562863,0.30148978,0.2965366532,0.2885752633,0.2772610299,0.2822769195,0.2743166982,0.2561005627,0.2623815722,0.2678927271,0.2654055886,0.2537294302,0.2560268355],
			"inflation": [1,0.539674377,0.2889632571,0.2465915254,0.2475329914,0.2863769773,0.272090493,0.2783292124,0.2993989889,0.3082186478,0.2966570429,0.2877307738,0.2754084171,0.2923714862,0.2888179242,0.2661612839,0.2764145564,0.2828039708,0.2771407597,0.2628394868,0.2688231227],
			"inflationq": [1,0.03319873416,0.03324240856,0.132992957,0.1936755615,0.1614779854,0.1468561643,0.1544251426,0.1632306149,0.1659846087,0.156811185,0.1491547243,0.145594652,0.1686342844,0.1549331905,0.1533401556,0.1602724959,0.1502480322,0.1431407563,0.1442711467,0.1530984351],
			"outputgap": [1,-0.08577416395,-0.06593436196,-0.005087012688,0.01260209141,0.004959275494,0.01572880464,0.01828322227,0.01502714524,0.01683599814,0.02456206996,0.02178732331,0.003269296716,0.02748834,0.008707274385,0.02636919333,0.01990796043,0.01003389929,-0.0005003913559,0.01643742702,0.01390627779],
			"output": [1,-0.08577416395,-0.06593436196,-0.005087012688,0.01260209141,0.004959275494,0.01572880464,0.01828322227,0.01502714524,0.01683599814,0.02456206996,0.02178732331,0.003269296716,0.02748834,0.008707274385,0.02636919333,0.01990796043,0.01003389929,-0.0005003913559,0.01643742702,0.01390627779],
			"inflationql": [1,-0.01303174286,-0.1187346258,0.07947181736,0.1615333333,0.1103436219,0.07436516429,0.08876572514,0.1061191891,0.1114976558,0.1038273278,0.08833295793,0.08794411146,0.1129853723,0.09761085748,0.09053963226,0.09824522821,0.09509780458,0.09429489507,0.09407598995,0.08877199496],
			"inflationql2": [1,-0.05595408006,-0.05214551728,-0.01655578718,0.1016759521,0.08609551076,0.05856097954,0.04506810198,0.06882323172,0.07818226094,0.06906037792,0.05912046798,0.06063572431,0.07097472557,0.06495706391,0.06048219241,0.06056156334,0.05777561403,0.06597471705,0.05473672155,0.05612409608],
			"inflationqls": [1,0.3483541749,-0.1488569425,0.03856792773,0.212974339,0.1787207027,0.1247302475,0.1266591557,0.1562593627,0.172643122,0.1566762816,0.1354816199,0.1377426953,0.1576041448,0.1526849562,0.1359404334,0.1393686282,0.1448017699,0.1424038757,0.134915591,0.1293002143],
			"pinf4": [1,0.539674377,0.2889632571,0.2465915254,0.2475329914,0.2863769773,0.272090493,0.2783292124,0.2993989889,0.3082186478,0.2966570429,0.2877307738,0.2754084171,0.2923714862,0.2888179242,0.2661612839,0.2764145564,0.2828039708,0.2771407597,0.2628394868,0.2688231227]
		},
		"VAR": {
			"x": 0.6399727825,
			"pi": 0.04005301561,
			"R": 0.01690430188,
			"interest": 0.27046883,
			"inflation": 0.1470605449,
			"inflationq": 0.6408482497,
			"outputgap": 0.6399727825,
			"output": 0.6399727825,
			"inflationql": 0.5768572796,
			"inflationql2": 0.4659474951,
			"inflationqls": 1.127250937,
			"pinf4": 0.1470605449
		},
		"IRF": {
			"interest_": {
				"x": [0,-0.3271071608,-0.1557215531,-0.0613786155,-0.0167459637,-0.002638316381,0.001040863509,0.001767046911,0.001819277302,0.001758495809,0.001692782179,0.001633650791,0.001578784192,0.001526191337,0.001475054839,0.001425105475,0.001376255515,0.00132846591,0.001281708427,0.001235956924,0.001191185851],
				"pi": [0,-0.08245955257,-0.03526913475,-0.0127952063,-0.004640108643,-0.002342216235,-0.001811607787,-0.001724496503,-0.001723867609,-0.001733126298,-0.001741034934,-0.00174773576,-0.001754118668,-0.001760604848,-0.001767332484,-0.001774336317,-0.001781621488,-0.001789186354,-0.001797028194,-0.001805144318,-0.001813532189],
				"R": [0,0.2285935217,0.1274086019,0.06092498118,0.01744769027,0.002356122094,-0.001980897046,-0.002995331555,-0.003181575416,-0.003205309374,-0.003210880676,-0.003219792105,-0.003231956418,-0.003245751581,-0.003260391251,-0.003275608583,-0.003291328692,-0.003307532272,-0.003324213136,-0.003341367521,-0.003358991977],
				"interest": [0,0.9143740867,0.5096344076,0.2436999247,0.06979076107,0.009424488375,-0.007923588183,-0.01198132622,-0.01272630166,-0.0128212375,-0.01284352271,-0.01287916842,-0.01292782567,-0.01298300632,-0.01304156501,-0.01310243433,-0.01316531477,-0.01323012909,-0.01329685255,-0.01336547008,-0.01343596791],
				"inflation": [0,-0.08245955257,-0.1177286873,-0.1305238936,-0.1351640023,-0.05504666593,-0.02158913897,-0.01051842917,-0.007602188134,-0.006993098197,-0.006922525343,-0.006945764601,-0.00697601566,-0.00700349421,-0.007029791761,-0.007056392317,-0.007083895138,-0.007112476643,-0.007142172353,-0.007172980354,-0.007204891055],
				"inflationq": [0,-0.3298382103,-0.141076539,-0.05118082521,-0.01856043457,-0.00936886494,-0.007246431147,-0.00689798601,-0.006895470438,-0.00693250519,-0.006964139734,-0.006990943042,-0.007016474673,-0.007042419393,-0.007069329936,-0.007097345268,-0.007126485953,-0.007156745416,-0.007188112775,-0.007220577271,-0.007254128756],
				"outputgap": [0,-0.3271071608,-0.1557215531,-0.0613786155,-0.0167459637,-0.002638316381,0.001040863509,0.001767046911,0.001819277302,0.001758495809,0.001692782179,0.001633650791,0.001578784192,0.001526191337,0.001475054839,0.001425105475,0.001376255515,0.00132846591,0.001281708427,0.001235956924,0.001191185851],
				"output": [0,-0.3271071608,-0.1557215531,-0.0613786155,-0.0167459637,-0.002638316381,0.001040863509,0.001767046911,0.001819277302,0.001758495809,0.001692782179,0.001633650791,0.001578784192,0.001526191337,0.001475054839,0.001425105475,0.001376255515,0.00132846591,0.001281708427,0.001235956924,0.001191185851],
				"inflationql": [0,0,-0.3298382103,-0.141076539,-0.05118082521,-0.01856043457,-0.00936886494,-0.007246431147,-0.00689798601,-0.006895470438,-0.00693250519,-0.006964139734,-0.006990943042,-0.007016474673,-0.007042419393,-0.007069329936,-0.007097345268,-0.007126485953,-0.007156745416,-0.007188112775,-0.007220577271],
				"inflationql2": [0,0,0,-0.3298382103,-0.141076539,-0.05118082521,-0.01856043457,-0.00936886494,-0.007246431147,-0.00689798601,-0.006895470438,-0.00693250519,-0.006964139734,-0.006990943042,-0.007016474673,-0.007042419393,-0.007069329936,-0.007097345268,-0.007126485953,-0.007156745416,-0.007188112775],
				"inflationqls": [0,0,-0.3298382103,-0.4709147493,-0.1922573642,-0.06974125978,-0.02792929951,-0.01661529609,-0.01414441716,-0.01379345645,-0.01382797563,-0.01389664492,-0.01395508278,-0.01400741771,-0.01405889407,-0.01411174933,-0.0141666752,-0.01422383122,-0.01428323137,-0.01434485819,-0.01440869005],
				"pinf4": [0,-0.08245955257,-0.1177286873,-0.1305238936,-0.1351640023,-0.05504666593,-0.02158913897,-0.01051842917,-0.007602188134,-0.006993098197,-0.006922525343,-0.006945764601,-0.00697601566,-0.00700349421,-0.007029791761,-0.007056392317,-0.007083895138,-0.007112476643,-0.007142172353,-0.007172980354,-0.007204891055]
			}
		}
	}
}
