{
	"model": "US_MI07",
	"rule": "LWW",
	"data": {
		"AC": {
			"i": [1,0.9669077563,0.9023129158,0.822545522,0.7375822394,0.654288713,0.5761772959,0.5048179378,0.440691619,0.3836871109,0.3333882807,0.2892388055,0.2506352251,0.2169781891,0.187699404,0.1622745448,0.14022815,0.1211340249,0.1046132177,0.09033076942,0.07799193546],
			"pi": [1,0.8410828127,0.6969299977,0.5725261966,0.4661992353,0.3760826177,0.3003272429,0.2371607373,0.1849237192,0.142090947,0.1072815059,0.07926112793,0.05693899347,0.03936079763,0.02569943349,0.01524430683,0.007390034982,0.001625076829,-0.002479319776,-0.005279591118,-0.007069585172],
			"pi_tilde": [1,-0.006597941191,-0.02805005764,-0.02861155584,-0.02777736977,-0.02626752487,-0.02434334958,-0.02219340836,-0.01995576699,-0.01772952778,-0.01558367318,-0.01356401642,-0.01169870619,-0.01000259854,-0.008480725751,-0.007131037368,-0.005946551195,-0.004917025192,-0.00403024082,-0.003272972594,-0.002631705695],
			"x": [1,0.9816702908,0.9377458674,0.8767750763,0.8054645157,0.7290006932,0.6512834565,0.5751498786,0.5025778862,0.4348644861,0.3727776148,0.3166828726,0.2666474864,0.222524273,0.1840184266,0.1507398162,0.1222432305,0.09805873386,0.07771400528,0.06075026063,0.04673310639],
			"x_tilde": [1,0.6341789657,0.3867065789,0.2226206238,0.1198210215,0.05535730538,0.01507951211,-0.009728799805,-0.02451551741,-0.0327447394,-0.03666085511,-0.03774605555,-0.03699689156,-0.03509359025,-0.03250543746,-0.02955772212,-0.02647529812,-0.02341169691,-0.02046912763,-0.01771258589,-0.01518004263],
			"r_n": [1,0.87,0.7569,0.658503,0.57289761,0.4984209207,0.433626201,0.3772547949,0.3282116715,0.2855441542,0.2484234142,0.2161283703,0.1880316822,0.1635875635,0.1423211803,0.1238194268,0.1077229013,0.09371892416,0.08153546402,0.0709358537,0.06171419272],
			"u": [1,0.02,0.0004,8e-06,1.6e-07,3.2e-09,6.400000136e-11,1.280002094e-12,2.560256446e-14,5.148237592e-16,1.316191792e-17,3.105591081e-18,2.798745227e-18,2.631049754e-18,2.431338521e-18,2.212372132e-18,1.986565934e-18,1.763049626e-18,1.548256765e-18,1.346489271e-18,1.160392286e-18],
			"interest": [1,0.9669077563,0.9023129158,0.822545522,0.7375822394,0.654288713,0.5761772959,0.5048179378,0.440691619,0.3836871109,0.3333882807,0.2892388055,0.2506352251,0.2169781891,0.187699404,0.1622745448,0.14022815,0.1211340249,0.1046132177,0.09033076942,0.07799193546],
			"inflation": [1,0.9588728183,0.8612280627,0.7330266749,0.5996779371,0.4857852444,0.3896908206,0.3092796386,0.2425414798,0.187613754,0.1427991955,0.1065724598,0.0775790118,0.0546287212,0.03668598744,0.02285776259,0.01238049089,0.004606710245,-0.001008151184,-0.004918415249,-0.007499989883],
			"inflationq": [1,0.8410828127,0.6969299977,0.5725261966,0.4661992353,0.3760826177,0.3003272429,0.2371607373,0.1849237192,0.142090947,0.1072815059,0.07926112793,0.05693899347,0.03936079763,0.02569943349,0.01524430683,0.007390034982,0.001625076829,-0.002479319776,-0.005279591118,-0.007069585172],
			"outputgap": [1,0.9816702908,0.9377458674,0.8767750763,0.8054645157,0.7290006932,0.6512834565,0.5751498786,0.5025778862,0.4348644861,0.3727776148,0.3166828726,0.2666474864,0.222524273,0.1840184266,0.1507398162,0.1222432305,0.09805873386,0.07771400528,0.06075026063,0.04673310639],
			"AUX_ENDO_LEAD_70": [1,0.8305820713,0.6840994996,0.5586684421,0.4521561445,0.3624378598,0.2874686894,0.2253279136,0.1742453166,0.1326144272,0.09899633653,0.07211687201,0.05085924232,0.03425375609,0.02146582236,0.01178313081,0.004602666919,-0.0005819719301,-0.004192641168,-0.0065778897,-0.008023258232],
			"AUX_ENDO_LEAD_74": [1,0.8258774742,0.6764899427,0.5493809073,0.4420887933,0.3522344943,0.2775759016,0.2160408285,0.1657441956,0.1249938455,0.09228830018,0.06630898717,0.04590885032,0.03009879474,0.01803304465,0.008994205875,0.002378598583,-0.002317749932,-0.005512198449,-0.007547520666,-0.008702797323],
			"AUX_ENDO_LEAD_78": [1,0.8218068285,0.669851093,0.5412877792,0.4333536593,0.3434345807,0.2691067807,0.2081592342,0.1586022485,0.1186662633,0.08679387378,0.06162737468,0.04199356339,0.02688710302,0.0154534034,0.006971708568,0.0008388695003,-0.003445881846,-0.006294965619,-0.008045196629,-0.008969208226],
			"AUX_ENDO_LEAD_105": [1,0.9726827765,0.9236240297,0.8599932689,0.7876554516,0.7112328989,0.6342403218,0.5592487781,0.4880513371,0.4218166627,0.3612244404,0.3065808587,0.2579146565,0.215055381,0.1776959855,0.1454420019,0.117849438,0.0944533605,0.07478889848,0.05840616623,0.04488037756],
			"AUX_ENDO_LEAD_109": [1,0.9625579987,0.9069342526,0.8393676846,0.7650231916,0.6879882814,0.6113677006,0.5374186764,0.4676953954,0.4031864904,0.3444379473,0.2916586872,0.2448086997,0.2036709387,0.1679087967,0.1371111577,0.1108269959,0.088591335,0.06994418093,0.05444382901,0.04167573277],
			"AUX_ENDO_LEAD_113": [1,0.9519359996,0.8889492101,0.8166538611,0.7396490914,0.6615326928,0.584998806,0.5119688297,0.4437281078,0.3810543891,0.324331686,0.2736474151,0.2288729822,0.1897291188,0.1558377721,0.1267624847,0.1020391362,0.08119875955,0.06378394794,0.04936015526,0.03752299541],
			"AUX_ENDO_LAG_9_1": [1,0.8410828127,0.6969299977,0.5725261966,0.4661992353,0.3760826177,0.3003272429,0.2371607373,0.1849237192,0.142090947,0.1072815059,0.07926112793,0.05693899347,0.03936079763,0.02569943349,0.01524430683,0.007390034982,0.001625076829,-0.002479319776,-0.005279591118,-0.007069585172],
			"AUX_ENDO_LAG_9_2": [1,0.8410828127,0.6969299977,0.5725261966,0.4661992353,0.3760826177,0.3003272429,0.2371607373,0.1849237192,0.142090947,0.1072815059,0.07926112793,0.05693899347,0.03936079763,0.02569943349,0.01524430683,0.007390034982,0.001625076829,-0.002479319776,-0.005279591118,-0.007069585172],
			"AUX_ENDO_LAG_10_1": [1,0.9816702908,0.9377458674,0.8767750763,0.8054645157,0.7290006932,0.6512834565,0.5751498786,0.5025778862,0.4348644861,0.3727776148,0.3166828726,0.2666474864,0.222524273,0.1840184266,0.1507398162,0.1222432305,0.09805873386,0.07771400528,0.06075026063,0.04673310639],
			"AUX_ENDO_LAG_10_2": [1,0.9816702908,0.9377458674,0.8767750763,0.8054645157,0.7290006932,0.6512834565,0.5751498786,0.5025778862,0.4348644861,0.3727776148,0.3166828726,0.2666474864,0.222524273,0.1840184266,0.1507398162,0.1222432305,0.09805873386,0.07771400528,0.06075026063,0.04673310639],
			"AUX_ENDO_LAG_10_3": [1,0.9816702908,0.9377458674,0.8767750763,0.8054645157,0.7290006932,0.6512834565,0.5751498786,0.5025778862,0.4348644861,0.3727776148,0.3166828726,0.2666474864,0.222524273,0.1840184266,0.1507398162,0.1222432305,0.09805873386,0.07771400528,0.06075026063,0.04673310639],
			"AUX_ENDO_LAG_7_1": [1,0.9669077563,0.9023129158,0.822545522,0.7375822394,0.654288713,0.5761772959,0.5048179378,0.440691619,0.3836871109,0.3333882807,0.2892388055,0.2506352251,0.2169781891,0.187699404,0.1622745448,0.14022815,0.1211340249,0.1046132177,0.09033076942,0.07799193546],
			"AUX_ENDO_LAG_7_2": [1,0.9669077563,0.9023129158,0.822545522,0.7375822394,0.654288713,0.5761772959,0.5048179378,0.440691619,0.3836871109,0.3333882807,0.2892388055,0.2506352251,0.2169781891,0.187699404,0.1622745448,0.14022815,0.1211340249,0.1046132177,0.09033076942,0.07799193546],
			"AUX_ENDO_LAG_7_3": [1,0.9669077563,0.9023129158,0.822545522,0.7375822394,0.654288713,0.5761772959,0.5048179378,0.440691619,0.3836871109,0.3333882807,0.2892388055,0.2506352251,0.2169781891,0.187699404,0.1622745448,0.14022815,0.1211340249,0.1046132177,0.09033076942,0.07799193546],
			"AUX_ENDO_LAG_9_3": [1,0.8410828127,0.6969299977,0.5725261966,0.4661992353,0.3760826177,0.3003272429,0.2371607373,0.1849237192,0.142090947,0.1072815059,0.07926112793,0.05693899347,0.03936079763,0.02569943349,0.01524430683,0.007390034982,0.001625076829,-0.002479319776,-0.005279591118,-0.007069585172]
		},
		"VAR": {
			"i": 8.011621872,
			"pi": 4.39101089,
			"pi_tilde": 1.293189686,
			"x": 228.9854271,
			"x_tilde": 1.47644348,
			"r_n": 11.47223365,
			"u": 1.323029212,
			"interest": 128.1859499,
			"inflation": 56.99211267,
			"inflationq": 70.25617425,
			"outputgap": 228.9854271,
			"AUX_ENDO_LEAD_70": 49.81962496,