{
	"model": "US_MI07",
	"rule": "Taylor",
	"data": {
		"AC": {
			"i": [1,0.9640643482,0.8965077282,0.8086587397,0.7153730376,0.6314501992,0.5565435209,0.4899233541,0.4308363522,0.3785479442,0.3323607201,0.2916245781,0.2557415026,0.2241668041,0.1964080884,0.1720228302,0.1506151465,0.1318321758,0.1153603292,0.1009215868,0.08826994832],
			"pi": [1,0.8671652494,0.7467843621,0.6425287842,0.5525569033,0.4750105339,0.4082384308,0.3507873146,0.3013852341,0.2589237201,0.2224400546,0.1911003641,0.1641839307,0.1410689069,0.1212194858,0.1041744983,0.08953735644,0.07696723875,0.06617140091,0.05689849315,0.04893277011],
			"pi_tilde": [1,0.001798288517,-0.01769602661,-0.01668513684,-0.01485453563,-0.01309969556,-0.01147657048,-0.01000325837,-0.008683900433,-0.007514338647,-0.006485591952,-0.005586157165,-0.00480350681,-0.004125037442,-0.00353864522,-0.003033051556,-0.002597963836,-0.002224129639,-0.001903324363,-0.001628299195,-0.001392707436],
			"x": [1,0.9727481359,0.9116583704,0.8321035832,0.7449905094,0.6575043562,0.5739478269,0.4966976965,0.4268718202,0.3647856816,0.3102619527,0.2628380049,0.2219029196,0.1867860842,0.1568127962,0.1313376041,0.1097628202,0.09154732734,0.07620918651,0.06332442497,0.05252360234],
			"x_tilde": [1,0.6895565785,0.4550252892,0.2840299693,0.1670594769,0.08950385237,0.03909936101,0.007231368865,-0.01210029011,-0.02305654436,-0.02850818892,-0.03042327092,-0.03014002479,-0.02855888587,-0.02627733329,-0.02368437888,-0.02102660383,-0.01845416106,-0.01605269349,-0.01386537034,-0.01190800617],
			"r_n": [1,0.87,0.7569,0.658503,0.57289761,0.4984209207,0.433626201,0.3772547949,0.3282116715,0.2855441542,0.2484234142,0.2161283703,0.1880316822,0.1635875635,0.1423211803,0.1238194268,0.1077229013,0.09371892416,0.08153546402,0.0709358537,0.06171419272],
			"u": [1,0.02,0.0004,8e-06,1.6e-07,3.199999996e-09,6.399999621e-11,1.279996801e-12,2.559729948e-14,5.097192525e-16,8.313229993e-18,-1.423315876e-18,-1.37193169e-18,-1.163084085e-18,-9.833691456e-19,-8.31465436e-19,-7.030953735e-19,-5.945939252e-19,-5.028715853e-19,-4.253233743e-19,-3.597516822e-19],
			"interest": [1,0.9640643482,0.8965077282,0.8086587397,0.7153730376,0.6314501992,0.5565435209,0.4899233541,0.4308363522,0.3785479442,0.3323607201,0.2916245781,0.2557415026,0.2241668041,0.1964080884,0.1720228302,0.1506151465,0.1318321758,0.1153603292,0.1009215868,0.08826994832],
			"inflation": [1,0.966795035,0.8878177031,0.7837167166,0.6746358359,0.5801203511,0.4986709491,0.4285570158,0.3682429111,0.3163866015,0.2718201354,0.2335302285,0.2006399564,0.1723919005,0.1481328911,0.1273003636,0.1094102712,0.09404645083,0.08085132147,0.06951778117,0.05978217422],
			"inflationq": [1,0.8671652494,0.7467843621,0.6425287842,0.5525569033,0.4750105339,0.4082384308,0.3507873146,0.3013852341,0.2589237201,0.2224400546,0.1911003641,0.1641839307,0.1410689069,0.1212194858,0.1041744983,0.08953735644,0.07696723875,0.06617140091,0.05689849315,0.04893277011],
			"outputgap": [1,0.9727481359,0.9116583704,0.8321035832,0.7449905094,0.6575043562,0.5739478269,0.4966976965,0.4268718202,0.3647856816,0.3102619527,0.2628380049,0.2219029196,0.1867860842,0.1568127962,0.1313376041,0.1097628202,0.09154732734,0.07620918651,0.06332442497,0.05252360234],
			"AUX_ENDO_LEAD_70": [1,0.8635885766,0.745140304,0.6426487062,0.5540706507,0.4775868094,0.4115926279,0.3546806218,0.3056213197,0.2633442823,0.2269199631,0.195542836,0.1685159991,0.1452373138,0.1251870571,0.1079170044,0.09304083834,0.0802257588,0.06918517425,0.05967235143,0.05147491156],
			"AUX_ENDO_LEAD_74": [1,0.8653767394,0.7485598895,0.6473090358,0.5596249152,0.4837402979,0.418101217,0.3613467236,0.3122886848,0.2698924392,0.2332587635,0.2016073758,0.1742620491,0.1506373125,0.1302266633,0.1125921797,0.09735540983,0.08418941025,0.07281180794,0.06297876868,0.0544797626],
			"AUX_ENDO_LEAD_78": [1,0.8675814849,0.7524621858,0.6524637016,0.5656556064,0.4903358207,0.4250093937,0.368367291,0.3192660345,0.2767086727,0.2398273252,0.2078673829,0.1801733522,0.1561762651,0.1353825507,0.1173642413,0.1017503839,0.08821953098,0.07649318929,0.06633011384,0.05752134611],
			"AUX_ENDO_LEAD_105": [1,0.9529036168,0.8801106137,0.7947886681,0.7060380198,0.6194532002,0.5382639145,0.4641392363,0.3977402667,0.3390965746,0.2878600454,0.243473824,0.2052827701,0.1726038964,0.1447696655,0.1211530862,0.1011807846,0.08433829581,0.07017046756,0.05827892922,0.04831792747],
			"AUX_ENDO_LEAD_109": [1,0.9310138479,0.8455885687,0.7543994357,0.6640963647,0.5785985076,0.500013782,0.4292722291,0.3665584866,0.311604352,0.2638843122,0.2227441177,0.1874834468,0.1574073469,0.1318566586,0.1102244906,0.09196360565,0.07658804218,0.06367121939,0.05284203369,0.04377993713],
			"AUX_ENDO_LEAD_113": [1,0.9118494259,0.8159200049,0.7198967299,0.6283619842,0.5438340252,0.4674832984,0.3996222915,0.340037554,0.2882121619,0.2434725048,0.2050831177,0.1723061151,0.1444367486,0.1208230695,0.1008751943,0.0840679356,0.0699393536,0.05808693869,0.04816255899,0.03986690505],
			"AUX_ENDO_LAG_9_1": [1,0.8671652494,0.7467843621,0.6425287842,0.5525569033,0.4750105339,0.4082384308,0.3507873146,0.3013852341,0.2589237201,0.2224400546,0.1911003641,0.1641839307,0.1410689069,0.1212194858,0.1041744983,0.08953735644,0.07696723875,0.06617140091,0.05689849315,0.04893277011],
			"AUX_ENDO_LAG_9_2": [1,0.8671652494,0.7467843621,0.6425287842,0.5525569033,0.4750105339,0.4082384308,0.3507873146,0.3013852341,0.2589237201,0.2224400546,0.1911003641,0.1641839307,0.1410689069,0.1212194858,0.1041744983,0.08953735644,0.07696723875,0.06617140091,0.05689849315,0.04893277011],
			"AUX_ENDO_LAG_10_1": [1,0.9727481359,0.9116583704,0.8321035832,0.7449905094,0.6575043562,0.5739478269,0.4966976965,0.4268718202,0.3647856816,0.3102619527,0.2628380049,0.2219029196,0.1867860842,0.1568127962,0.1313376041,0.1097628202,0.09154732734,0.07620918651,0.06332442497,0.05252360234],
			"AUX_ENDO_LAG_10_2": [1,0.9727481359,0.9116583704,0.8321035832,0.7449905094,0.6575043562,0.5739478269,0.4966976965,0.4268718202,0.3647856816,0.3102619527,0.2628380049,0.2219029196,0.1867860842,0.1568127962,0.1313376041,0.1097628202,0.09154732734,0.07620918651,0.06332442497,0.05252360234],
			"AUX_ENDO_LAG_10_3": [1,0.9727481359,0.9116583704,0.8321035832,0.7449905094,0.6575043562,0.5739478269,0.4966976965,0.4268718202,0.3647856816,0.3102619527,0.2628380049,0.2219029196,0.1867860842,0.1568127962,0.1313376041,0.1097628202,0.09154732734,0.07620918651,0.06332442497,0.05252360234],
			"AUX_ENDO_LAG_7_1": [1,0.9640643482,0.8965077282,0.8086587397,0.7153730376,0.6314501992,0.5565435209,0.4899233541,0.4308363522,0.3785479442,0.3323607201,0.2916245781,0.2557415026,0.2241668041,0.1964080884,0.1720228302,0.1506151465,0.1318321758,0.1153603292,0.1009215868,0.08826994832],
			"AUX_ENDO_LAG_7_2": [1,0.9640643482,0.8965077282,0.8086587397,0.7153730376,0.6314501992,0.5565435209,0.4899233541,0.4308363522,0.3785479442,0.3323607201,0.2916245781,0.2557415026,0.2241668041,0.1964080884,0.1720228302,0.1506151465,0.1318321758,0.1153603292,0.1009215868,0.08826994832],
			"AUX_ENDO_LAG_7_3": [1,0.9640643482,0.8965077282,0.8086587397,0.7153730376,0.6314501992,0.5565435209,0.4899233541,0.4308363522,0.3785479442,0.3323607201,0.2916245781,0.2557415026,0.2241668041,0.1964080884,0.1720228302,0.1506151465,0.1318321758,0.1153603292,0.1009215868,0.08826994832],
			"AUX_ENDO_LAG_9_3": [1,0.8671652494,0.7467843621,0.6425287842,0.5525569033,0.4750105339,0.4082384308,0.3507873146,0.3013852341,0.2589237201,0.2224400546,0.1911003641,0.1641839307,0.1410689069,0.1212194858,0.1041744983,0.08953735644,0.07696723875,0.06617140091,0.05689849315,0.04893277011]
		},
		"VAR": {
			"i": 10.06533692,
			"pi": 5.286921116,
			"pi_tilde": 1.312967252,
			"x": 267.6383741,
			"x_tilde": 2.647173217,
			"r_n": 11.47223365,
			"u": 1.323029212,
			"interest": 161.0453906,
			"inflation": 71.24224812,
			"inflationq": 84.59073786,
			"outputgap": 267.6383741,
			"AUX_ENDO_LEAD_70": 63.78818525,
			"AUX_ENDO_LEAD_74": 47.71013258,