{
	"model": "US_MI07",
	"rule": "OW08",
	"data": {
		"AC": {
			"i": [1,0.892578661,0.7965101686,0.7090627049,0.629943887,0.5586945294,0.4947773594,0.4376196137,0.3866418935,0.341277449,0.3009845772,0.2652541016,0.2336133772,0.2056278781,0.1809011366,0.1590735918,0.1398207484,0.1228509307,0.1079028342,0.09474301259,0.08316339498],
			"pi": [1,0.8745536431,0.760297248,0.6605437817,0.5736260455,0.4979626912,0.4321468465,0.3749337506,0.3252259322,0.2820585597,0.244585433,0.212065874,0.1838526481,0.1593809658,0.1381585601,0.1197567991,0.1038027711,0.08997226907,0.07798359693,0.06759211704,0.05858546422],
			"pi_tilde": [1,0.007068010409,-0.01181714397,-0.01115307845,-0.01009042153,-0.009051447777,-0.008068732213,-0.007156489273,-0.006321302533,-0.005564715396,-0.004884980386,-0.004278296279,-0.003739674715,-0.003263538494,-0.002844126573,-0.002475760708,-0.002153013893,-0.001870809812,-0.001624474503,-0.001409755501,-0.001222819429],
			"x": [1,0.975739703,0.9218244012,0.8513223562,0.7731299026,0.6931625655,0.6152234072,0.5416334983,0.4736876827,0.4119823092,0.3566493783,0.3075224877,0.2642532574,0.2263919529,0.1934423614,0.1648982715,0.1402669135,0.1190832499,0.1009179288,0.08538092434,0.07212230803],
			"x_tilde": [1,0.6951835023,0.4767274765,0.3201920523,0.2088587186,0.1304009495,0.07575727331,0.03828005563,0.01310406043,-0.003321458321,-0.01357924499,-0.01954041501,-0.02255397536,-0.02358677589,-0.02332672801,-0.02225882161,-0.0207210138,-0.01894523752,-0.01708742107,-0.01524940234,-0.01349487331],
			"r_n": [1,0.87,0.7569,0.658503,0.57289761,0.4984209207,0.433626201,0.3772547949,0.3282116715,0.2855441542,0.2484234142,0.2161283703,0.1880316822,0.1635875635,0.1423211803,0.1238194268,0.1077229013,0.09371892416,0.08153546402,0.0709358537,0.06171419272],
			"u": [1,0.02,0.0004,8e-06,1.6e-07,3.199999989e-09,6.399999074e-11,1.279992023e-12,2.559313084e-14,5.060885345e-16,5.15553451e-18,-4.166266595e-18,-3.752115082e-18,-3.226609608e-18,-2.770961967e-18,-2.378965821e-18,-2.041950508e-18,-1.752327576e-18,-1.503523038e-18,-1.28985127e-18,-1.106401185e-18],
			"interest": [1,0.892578661,0.7965101686,0.7090627049,0.629943887,0.5586945294,0.4947773594,0.4376196137,0.3866418935,0.341277449,0.3009845772,0.2652541016,0.2336133772,0.2056278781,0.1809011366,0.1590735918,0.1398207484,0.1228509307,0.1079028342,0.09474301259,0.08316339498],
			"inflation": [1,0.9686710848,0.8939462666,0.7951097595,0.6910122472,0.5999918173,0.520778262,0.4518948415,0.3920302144,0.3400296568,0.2948791572,0.2556902252,0.2216857813,0.1921872313,0.1666027496,0.1444167451,0.1251804524,0.1085035717,0.09404687265,0.08151567341,0.0706541083],
			"inflationq": [1,0.8745536431,0.760297248,0.6605437817,0.5736260455,0.4979626912,0.4321468465,0.3749337506,0.3252259322,0.2820585597,0.244585433,0.212065874,0.1838526481,0.1593809658,0.1381585601,0.1197567991,0.1038027711,0.08997226907,0.07798359693,0.06759211704,0.05858546422],
			"outputgap": [1,0.975739703,0.9218244012,0.8513223562,0.7731299026,0.6931625655,0.6152234072,0.5416334983,0.4736876827,0.4119823092,0.3566493783,0.3075224877,0.2642532574,0.2263919529,0.1934423614,0.1648982715,0.1402669135,0.1190832499,0.1009179288,0.08538092434,0.07212230803],
			"AUX_ENDO_LEAD_70": [1,0.8711267173,0.7584036002,0.6599972168,0.5741630395,0.4993478503,0.4341760319,0.3774332319,0.3280503229,0.2850881265,0.247723148,0.2152344494,0.1869917005,0.1624443961,0.1411121921,0.1225762908,0.1064717954,0.09248094999,0.08032717943,0.06976984767,0.06059965783],
			"AUX_ENDO_LEAD_74": [1,0.8724735658,0.7609183825,0.663411332,0.5782389613,0.5038821656,0.4389981505,0.382402867,0.3330543692,0.2900373208,0.2525487602,0.2198851529,0.1914307063,0.1666468912,0.1450630905,0.1262682904,0.10990372,0.09565635189,0.08325317371,0.07245615074,0.06305780239],
			"AUX_ENDO_LEAD_78": [1,0.8740525121,0.7637261528,0.6671418732,0.5826318843,0.5087198423,0.4441017362,0.3876278831,0.3382862277,0.2951870275,0.2575489347,0.2246864347,0.1959985738,0.1709588901,0.1491064504,0.130037899,0.1134004192,0.09888551821,0.08622354776,0.07517888033,0.06554566878],
			"AUX_ENDO_LEAD_105": [1,0.9574710078,0.89275564,0.8165888136,0.7361934702,0.6562938329,0.5798523943,0.5086038107,0.4434398083,0.3846850477,0.3322934098,0.2859863955,0.2453495881,0.2098988789,0.1791250181,0.1525227442,0.1296090362,0.1099337851,0.09308525902,0.07869206684,0.06642283027],
			"AUX_ENDO_LEAD_109": [1,0.9381774865,0.862050958,0.779893552,0.6971628699,0.6173261886,0.5424589493,0.4736768274,0.4114459249,0.355803942,0.3065165354,0.2631866659,0.2253300041,0.1924259664,0.1639513728,0.1394018174,0.1183044453,0.100224802,0.0847696709,0.07158726379,0.06036573103],
			"AUX_ENDO_LEAD_113": [1,0.9217434038,0.8358907931,0.7486216148,0.6638918429,0.5840993607,0.5105647374,0.4438767487,0.3841390579,0.3311448912,0.2844994479,0.2437045431,0.2082161056,0.1774822926,0.1509678791,0.1281690262,0.108621396,0.0919037468,0.07763853042,0.06549057237,0.05516458954],
			"AUX_ENDO_LAG_9_1": [1,0.8745536431,0.760297248,0.6605437817,0.5736260455,0.4979626912,0.4321468465,0.3749337506,0.3252259322,0.2820585597,0.244585433,0.212065874,0.1838526481,0.1593809658,0.1381585601,0.1197567991,0.1038027711,0.08997226907,0.07798359693,0.06759211704,0.05858546422],
			"AUX_ENDO_LAG_9_2": [1,0.8745536431,0.760297248,0.6605437817,0.5736260455,0.4979626912,0.4321468465,0.3749337506,0.3252259322,0.2820585597,0.244585433,0.212065874,0.1838526481,0.1593809658,0.1381585601,0.1197567991,0.1038027711,0.08997226907,0.07798359693,0.06759211704,0.05858546422],
			"AUX_ENDO_LAG_10_1": [1,0.975739703,0.9218244012,0.8513223562,0.7731299026,0.6931625655,0.6152234072,0.5416334983,0.4736876827,0.4119823092,0.3566493783,0.3075224877,0.2642532574,0.2263919529,0.1934423614,0.1648982715,0.1402669135,0.1190832499,0.1009179288,0.08538092434,0.07212230803],
			"AUX_ENDO_LAG_10_2": [1,0.975739703,0.9218244012,0.8513223562,0.7731299026,0.6931625655,0.6152234072,0.5416334983,0.4736876827,0.4119823092,0.3566493783,0.3075224877,0.2642532574,0.2263919529,0.1934423614,0.1648982715,0.1402669135,0.1190832499,0.1009179288,0.08538092434,0.07212230803],
			"AUX_ENDO_LAG_10_3": [1,0.975739703,0.9218244012,0.8513223562,0.7731299026,0.6931625655,0.6152234072,0.5416334983,0.4736876827,0.4119823092,0.3566493783,0.3075224877,0.2642532574,0.2263919529,0.1934423614,0.1648982715,0.1402669135,0.1190832499,0.1009179288,0.08538092434,0.07212230803],
			"AUX_ENDO_LAG_7_1": [1,0.892578661,0.7965101686,0.7090627049,0.629943887,0.5586945294,0.4947773594,0.4376196137,0.3866418935,0.341277449,0.3009845772,0.2652541016,0.2336133772,0.2056278781,0.1809011366,0.1590735918,0.1398207484,0.1228509307,0.1079028342,0.09474301259,0.08316339498],
			"AUX_ENDO_LAG_7_2": [1,0.892578661,0.7965101686,0.7090627049,0.629943887,0.5586945294,0.4947773594,0.4376196137,0.3866418935,0.341277449,0.3009845772,0.2652541016,0.2336133772,0.2056278781,0.1809011366,0.1590735918,0.1398207484,0.1228509307,0.1079028342,0.09474301259,0.08316339498],
			"AUX_ENDO_LAG_7_3": [1,0.892578661,0.7965101686,0.7090627049,0.629943887,0.5586945294,0.4947773594,0.4376196137,0.3866418935,0.341277449,0.3009845772,0.2652541016,0.2336133772,0.2056278781,0.1809011366,0.1590735918,0.1398207484,0.1228509307,0.1079028342,0.09474301259,0.08316339498],
			"AUX_ENDO_LAG_9_3": [1,0.8745536431,0.760297248,0.6605437817,0.5736260455,0.4979626912,0.4321468465,0.3749337506,0.3252259322,0.2820585597,0.244585433,0.212065874,0.1838526481,0.1593809658,0.1381585601,0.1197567991,0.1038027711,0.08997226907,0.07798359693,0.06759211704,0.05858546422]
		},
		"VAR": {
			"i": 14.88805323,
			"pi": 5.640471156,
			"pi_tilde": 1.327005738,
			"x": 168.6086694,
			"x_tilde": 1.416978474,
			"r_n": 11.47223365,
			"u": 1.323029212,
			"interest": 238.2088517,
			"inflation": 76.7645473,
			"inflationq": 90.2475385,
			"outputgap": 168.6086694,
			"AUX_ENDO_LEAD_70": 69.16670328,
			"AUX_ENDO_LEAD_74": 52.59904765,
			"AUX_ENDO_LEAD_78": 40.1261193,
			"AUX_ENDO_LEAD_105": 163.7472295,