{
	"model": "NK_CGG02AL",
	"rule": "CEE",
	"data": {
		"AC": {
			"ytilde": [1,0.2872218455,0.2331719786,0.2080303911,0.1881618797,0.1714086415,0.1552148281,0.1564323117,0.1301561242,0.1352619083,0.1381245848,0.1347529768,0.1143377344,0.129211987,0.1201513644,0.1210708386,0.1100525511,0.103868244,0.1011536737,0.1058223293,0.09344694187],
			"ybar": [1,0.3960044706,0.3146666106,0.2620304202,0.2132433968,0.1928810946,0.1555652607,0.1426890924,0.1181129189,0.1153991968,0.1043055023,0.08042849959,0.05908250546,0.06947481536,0.06209975176,0.05625747955,0.04807442447,0.03431817306,0.03240382886,0.03296259656,0.01872442871],
			"y": [1,0.3165764657,0.2450270254,0.2033544867,0.1647425137,0.1490583542,0.118404003,0.1104113414,0.08904720842,0.09283753819,0.08570265822,0.06549385447,0.04347895086,0.05972638404,0.04937101892,0.04615167311,0.04022499477,0.02546837469,0.02749780432,0.03267790934,0.01690011407],
			"infl": [1,0.5277019902,0.4359187809,0.3713251149,0.3290019632,0.2971639095,0.2703088109,0.2581364783,0.2271135335,0.2320086621,0.2305309242,0.2239900448,0.2049073578,0.2051998958,0.1959542252,0.1908114446,0.1727863457,0.1773583546,0.1646090746,0.1646960582,0.1574135423],
			"r": [1,0.8635437729,0.7672449099,0.6864761919,0.6153489094,0.5519242446,0.4985931427,0.4560801698,0.4128921661,0.3888698231,0.3608074623,0.3323170517,0.3046065436,0.2815447127,0.2608830026,0.2419927104,0.2276706273,0.2146161551,0.1995363392,0.1882774565,0.1742391675],
			"rr": [1,0.1227350847,0.09764974289,0.08141870631,0.07993155648,0.06994777507,0.06577219438,0.07501735968,0.050825712,0.05060934163,0.0594626505,0.06160956226,0.04200026515,0.05339270993,0.05629330609,0.04942287372,0.04579860195,0.04329375662,0.04292691049,0.0413373518,0.03379014511],
			"u": [1,-0.03170829881,-0.02649718363,-0.001906522457,-0.00218253792,-0.004171206678,-0.01245704099,-0.004990854661,-0.01369569627,-0.0007577638524,0.01626949456,0.01248690497,0.001567051641,-0.0204988048,0.01091905702,0.0266140556,-0.01820169518,-0.0008285471669,-0.003379188694,-0.001347697115,-0.003618680817],
			"a": [1,0.8656525439,0.7523530282,0.6581391262,0.5712489249,0.4927195526,0.4242685396,0.3649280402,0.3104779211,0.2631107436,0.226671753,0.1953217944,0.1663283598,0.1435073107,0.1271453287,0.1060543927,0.08190278645,0.06222066141,0.04702393056,0.03173993685,0.02224087706],
			"ytildestar": [1,0.2738849993,0.2035538674,0.1675935931,0.1258767056,0.1212231584,0.09766217277,0.1046612648,0.08958621154,0.0934314159,0.09514351564,0.07894041839,0.06315062216,0.08531245644,0.07937040574,0.07805499738,0.07462857137,0.07162955056,0.06542054118,0.07116610698,0.06387151143],
			"ybarstar": [1,0.5014240175,0.4169982224,0.3582925878,0.3068467415,0.2704617276,0.2293025334,0.2013152929,0.1678536645,0.1585668632,0.1409330369,0.115839892,0.09063871111,0.0872468253,0.06872900131,0.06080986179,0.05449389494,0.03999452661,0.0348489159,0.03557724461,0.01890996337],
			"ystar": [1,0.3020598227,0.2307657511,0.191802755,0.1517341365,0.1392267709,0.1099275504,0.107596959,0.08854606985,0.09231813862,0.08733208417,0.06852680879,0.04889005952,0.06591596071,0.05596748029,0.05296881922,0.05072939453,0.04195293747,0.04055860422,0.04701908017,0.03403047018],
			"infstar": [1,0.3602661798,0.2461624983,0.1800594351,0.1289261153,0.09799602733,0.08824697355,0.07346255341,0.05949171156,0.06948354104,0.0483448195,0.05092188232,0.03745045161,0.04805640242,0.05270357735,0.04481129799,0.04296712034,0.04415563262,0.0317238187,0.01934322565,0.02997070064],
			"rstar": [1,0.6647075458,0.4568608377,0.3395020918,0.2659987376,0.2148246883,0.1755402592,0.1512641493,0.1423972749,0.1440294954,0.1313181438,0.1245659894,0.1098754386,0.1023354727,0.1008870368,0.1037438541,0.09735037564,0.08771533268,0.08414903943,0.07828768834,0.06889277372],
			"rrstar": [1,0.2641125714,0.2485792938,0.227052244,0.2189485094,0.2188579054,0.2037169454,0.2112150249,0.1919323921,0.1963872859,0.1918739657,0.188921455,0.1692209611,0.1925980258,0.1894039309,0.1814078941,0.1781594469,0.1786319853,0.1650595774,0.1611141411,0.1526870675],
			"ustar": [1,-0.007206493649,-0.009577181923,-0.006462737214,0.001528120616,-0.004442125567,0.0137055596,0.0006359729002,-0.002967142776,-0.003211562715,-0.01621962482,0.009260732556,-0.006354448415,-0.01205025295,0.0162824131,-0.01430309545,-0.01404540557,0.003087462688,-0.00858688524,-0.01217992652,0.005539514857],
			"astar": [1,0.8596782625,0.746303935,0.6535516036,0.5743132575,0.5046951749,0.4397360747,0.3790023777,0.3292828071,0.2901266386,0.2566653468,0.2250107951,0.1967232504,0.1653116805,0.135174136,0.1162633395,0.09746639681,0.08198681268,0.06469943662,0.05287869673,0.04402213513],
			"interest": [1,0.8635437729,0.7672449099,0.6864761919,0.6153489094,0.5519242446,0.4985931427,0.4560801698,0.4128921661,0.3888698231,0.3608074623,0.3323170517,0.3046065436,0.2815447127,0.2608830026,0.2419927104,0.2276706273,0.2146161551,0.1995363392,0.1882774565,0.1742391675],
			"inflation": [1,0.8433204121,0.703697695,0.5763625329,0.4694750714,0.4076927876,0.3635293747,0.336045251,0.3098495278,0.3017198272,0.2891041726,0.2760885321,0.2603749132,0.2470196991,0.2344278364,0.2203343537,0.2116904674,0.2041879683,0.1954760995,0.1869137837,0.1760834262],
			"inflationq": [1,0.5277019902,0.4359187809,0.3713251149,0.3290019632,0.2971639095,0.2703088109,0.2581364783,0.2271135335,0.2320086621,0.2305309242,0.2239900448,0.2049073578,0.2051998958,0.1959542252,0.1908114446,0.1727863457,0.1773583546,0.1646090746,0.1646960582,0.1574135423],
			"outputgap": [1,0.2872218455,0.2331719786,0.2080303911,0.1881618797,0.1714086415,0.1552148281,0.1564323117,0.1301561242,0.1352619083,0.1381245848,0.1347529768,0.1143377344,0.129211987,0.1201513644,0.1210708386,0.1100525511,0.103868244,0.1011536737,0.1058223293,0.09344694187],
			"output": [1,0.3165764657,0.2450270254,0.2033544867,0.1647425137,0.1490583542,0.118404003,0.1104113414,0.08904720842,0.09283753819,0.08570265822,0.06549385447,0.04347895086,0.05972638404,0.04937101892,0.04615167311,0.04022499477,0.02546837469,0.02749780432,0.03267790934,0.01690011407],
			"inflationql": [1,0.5835415972,0.4144568961,0.3560496296,0.3047591715,0.27142969,0.2422839448,0.2209025407,0.2019218691,0.2030023895,0.2032244914,0.1942333295,0.1797842885,0.1798207202,0.1620529222,0.1553194116,0.1506744,0.1403967117,0.1330152315,0.1354910478,0.1209838423],
			"inflationql2": [1,0.6015291281,0.4467971588,0.345607529,0.2997467339,0.2559411019,0.2275916015,0.2098463951,0.1989944577,0.1925415801,0.1822204514,0.1817047785,0.1619486443,0.1591830196,0.1439527132,0.1385471032,0.1313722335,0.1233328131,0.1183178935,0.1172841875,0.1023095438],
			"inflationqls": [1,0.7782152416,0.5331267229,0.4282172909,0.3688722318,0.3207845028,0.2851412035,0.2614085652,0.2435840161,0.2393457532,0.2330107333,0.2225742718,0.2106832971,0.1992728937,0.186843793,0.1736925544,0.1685269881,0.1591437148,0.1517397925,0.1483381905,0.1363470338],
			"infstarl": [1,0.3626756409,0.2401468161,0.1717972243,0.1180107304,0.08953267398,0.07976538421,0.06487956912,0.0554311386,0.06407236272,0.0425259483,0.04762478086,0.03594102624,0.05006734498,0.05025880523,0.03694125544,0.0386039643,0.04112621617,0.03130199993,0.01990720593,0.02855724553],
			"infstarl2": [1,0.3596652612,0.2377520298,0.1616786389,0.116506,0.08208373657,0.07002719636,0.05864956722,0.05060154885,0.05959889397,0.03668065805,0.04498643242,0.03175510919,0.04832907156,0.04589674533,0.03473399031,0.03914064063,0.04410713866,0.03194214684,0.01888060277,0.03483839003]
		},
		"VAR": {
			"ytilde": 0.00399245682,
			"ybar": 0.0574861575,
			"y": 0.07580929307,
			"infl": 0.003745294455,
			"r": 0.001954045941,
			"rr": 0.03565116299,
			"u": 5.295652663e-14,
			"a": 0.03472569417,
			"ytildestar": 0.04038356405,
			"ybarstar": 0.04015693477,
			"ystar": 0.1324362731,
			"infstar": 0.04132400338,
			"rstar": 0.01724590408,
			"rrstar": 0.0268441192,
			"ustar": 0.01125901866,
			"astar": 0.04333993552,
			"interest": 0.001954045941,