{
	"model": "NK_CGG02AL",
	"rule": "SW",
	"data": {
		"AC": {
			"ytilde": [1,0.2444667692,0.1846362784,0.1362002456,0.1114870666,0.08820247979,0.07263930582,0.06503059852,0.05120020439,0.04339822979,0.06419350354,0.06043790288,0.0457263768,0.04899023544,0.04221627129,0.04418718377,0.03526516105,0.03626540141,0.03462321135,0.04202942433,0.02247173386],
			"ybar": [1,0.5079407436,0.4253075193,0.3506290111,0.2968171011,0.256746686,0.2113790184,0.1876407351,0.1557985774,0.1342277205,0.1262796597,0.1016458954,0.07982407456,0.06808421795,0.06106328472,0.05249433567,0.04020907428,0.02708587157,0.02455760499,0.02922092582,0.009041653856],
			"y": [1,0.4210729791,0.3487053199,0.2819652381,0.2385533452,0.2065208725,0.1681394083,0.1511961484,0.1242452109,0.1068592283,0.1053233583,0.08321195312,0.06270241854,0.05480165051,0.04899064579,0.0428087128,0.03129980969,0.02022646231,0.0188871643,0.02590035227,0.003625455096],
			"infl": [1,0.646145123,0.5058160563,0.4157404757,0.3409742457,0.2882608695,0.2423796947,0.2068193105,0.1803233275,0.1684132256,0.1721193992,0.1632615954,0.153833077,0.1437536395,0.1258349131,0.1138211732,0.1074952646,0.1034028435,0.1013880932,0.09325284612,0.07950445962],
			"r": [1,0.6517327175,0.5931612712,0.5375765591,0.4891683572,0.442997558,0.4009243912,0.3682674094,0.3345428693,0.3060028669,0.2944091363,0.2699194197,0.2455851889,0.227125614,0.2075478943,0.1940614431,0.1807334155,0.1685596313,0.159925033,0.1521292709,0.133394927],
			"rr": [1,0.09884701742,0.09256791421,0.04660733422,0.05727601115,0.0397045715,0.03825851452,0.04069892513,0.02763089137,0.02485980787,0.04050233243,0.03384353384,0.02170116805,0.02167419032,0.02710801219,0.02654463535,0.01842165884,0.01511513124,0.01650179525,0.0250469459,0.008696270753],
			"u": [1,-0.0241908502,-0.02279158744,-0.000349728243,-0.006416136459,-0.01087450628,-0.00933361075,-0.0146115678,-0.00914392674,-0.001558539363,0.02241522844,0.005231900815,0.001726336271,-0.0117556645,0.0127925924,0.01847540016,-0.01687577119,0.002323160934,0.004679174462,-0.005397384888,0.003536095751],
			"a": [1,0.8854851549,0.7839366349,0.6930473218,0.6095942552,0.5342510755,0.468327227,0.4114979508,0.359529759,0.3156996371,0.2805207769,0.247270908,0.2167814694,0.1896342709,0.1663904794,0.1428534089,0.1210004067,0.1027233024,0.08658290184,0.07254198167,0.06214311805],
			"ytildestar": [1,0.1879874634,0.1229391918,0.06470091994,0.04154775401,0.03309855935,0.009243038559,0.01501802064,0.001466987659,-0.004701251763,0.01375484979,0.001300212994,-0.01362213329,-0.006993379789,-0.006477120675,-0.005026690581,-0.01408720939,-0.01900104245,-0.01766419102,-0.001386430605,-0.02348635435],
			"ybarstar": [1,0.6512315383,0.5627308324,0.4833072779,0.42100995,0.3642458476,0.3128807069,0.2729118301,0.2320751344,0.2021550254,0.1800584581,0.1521237457,0.1246480049,0.1051350511,0.08857580349,0.07515462646,0.06275377512,0.04936181792,0.04511595021,0.04561512261,0.03062095347],
			"ystar": [1,0.3449100361,0.2728462095,0.2073562054,0.1710879012,0.1423302964,0.1085431836,0.09596683872,0.07216698389,0.06019365555,0.06324075106,0.04431951145,0.02375904634,0.02199822413,0.01713139072,0.01356187573,0.004804369949,-0.00430611883,-0.00392923059,0.008350616653,-0.01364506288],
			"infstar": [1,0.3020829224,0.2161758418,0.1569360863,0.1068733352,0.07465665041,0.067680571,0.05393676389,0.0446750807,0.03781485955,0.02802695063,0.0367602262,0.02936329752,0.02726490062,0.0335011041,0.03283910795,0.02739338302,0.03641859831,0.02598765021,0.02092035513,0.02636887585],
			"rstar": [1,0.281569586,0.2559308532,0.2298292499,0.2122687361,0.2100790074,0.1933138693,0.1928331004,0.1768149348,0.1672279495,0.1819240049,0.1720268568,0.1501016491,0.1387975997,0.1408923413,0.1417420469,0.1366997986,0.1339428132,0.1324152278,0.1260669182,0.1024922622],
			"rrstar": [1,0.1792777715,0.1582439746,0.1245308085,0.1240127735,0.1204571927,0.1067137166,0.1087528919,0.0888098202,0.08337914417,0.09198084185,0.08319010074,0.06510369141,0.06764567964,0.06933770704,0.07006742498,0.06395088712,0.05764561502,0.05289940301,0.06396236707,0.03926275271],
			"ustar": [1,-0.004846797302,-0.01349457689,-0.007436019098,-0.008638694459,-0.01302457671,0.007997123367,-0.002987062357,-0.008871050892,-0.006180540608,-0.01324220919,0.005269286855,-0.0001805181634,-0.01195787314,0.001139179495,-0.01421000189,-0.01193982365,-3.024688058e-05,-0.005338859937,-0.01105679861,0.009332002441],
			"astar": [1,0.884159097,0.7815587681,0.6928918846,0.6142388246,0.5434558921,0.4801806016,0.423115686,0.3730522028,0.3275701706,0.2889121995,0.2548173391,0.2223045247,0.1896341843,0.1610112128,0.1409595712,0.121239304,0.1056131594,0.09327466391,0.08150112848,0.07274243393],
			"interest": [1,0.6517327175,0.5931612712,0.5375765591,0.4891683572,0.442997558,0.4009243912,0.3682674094,0.3345428693,0.3060028669,0.2944091363,0.2699194197,0.2455851889,0.227125614,0.2075478943,0.1940614431,0.1807334155,0.1685596313,0.159925033,0.1521292709,0.133394927],
			"inflation": [1,0.9209439758,0.7935978704,0.6483364398,0.5095421775,0.4180217976,0.3499072451,0.3003777597,0.2642269051,0.2419144489,0.2294166371,0.2184780091,0.2084122154,0.1935034227,0.1749091466,0.1585925413,0.1460448629,0.1359304259,0.1270489707,0.1168048449,0.1063564728],
			"inflationq": [1,0.646145123,0.5058160563,0.4157404757,0.3409742457,0.2882608695,0.2423796947,0.2068193105,0.1803233275,0.1684132256,0.1721193992,0.1632615954,0.153833077,0.1437536395,0.1258349131,0.1138211732,0.1074952646,0.1034028435,0.1013880932,0.09325284612,0.07950445962],
			"outputgap": [1,0.2444667692,0.1846362784,0.1362002456,0.1114870666,0.08820247979,0.07263930582,0.06503059852,0.05120020439,0.04339822979,0.06419350354,0.06043790288,0.0457263768,0.04899023544,0.04221627129,0.04418718377,0.03526516105,0.03626540141,0.03462321135,0.04202942433,0.02247173386],
			"output": [1,0.4210729791,0.3487053199,0.2819652381,0.2385533452,0.2065208725,0.1681394083,0.1511961484,0.1242452109,0.1068592283,0.1053233583,0.08321195312,0.06270241854,0.05480165051,0.04899064579,0.0428087128,0.03129980969,0.02022646231,0.0188871643,0.02590035227,0.003625455096],
			"inflationql": [1,0.6491617653,0.4989871747,0.4089527817,0.3299565858,0.2777848127,0.236249527,0.1993685526,0.1726140765,0.1616122813,0.1654008228,0.1613369823,0.1482097921,0.1404944846,0.1211738976,0.1096439922,0.09939508438,0.09600856892,0.09200220485,0.08633645631,0.07454214921],
			"inflationql2": [1,0.6522630319,0.5042282552,0.4007553257,0.322035065,0.2718531223,0.2293091454,0.1926045488,0.1673589125,0.1558917812,0.159368622,0.1593067744,0.146212011,0.1391789899,0.1229234241,0.1055156783,0.0941382152,0.08943847344,0.08630898587,0.08196482314,0.06934175988],
			"inflationqls": [1,0.8407491092,0.6153505471,0.4886788083,0.3971015599,0.3303042141,0.2785248507,0.2358816875,0.2050592841,0.1917420347,0.1907563246,0.1866720944,0.17660715,0.1633391766,0.1458274215,0.1277144529,0.1159387835,0.1106194967,0.1053860994,0.09834263727,0.0856947208],
			"infstarl": [1,0.2994700161,0.2108241185,0.1530863515,0.1016457459,0.06802471624,0.06302533383,0.04905452313,0.03677476596,0.03198799053,0.0252564326,0.03263404307,0.02416537727,0.02435379325,0.02874024726,0.02688439342,0.02248202224,0.03177825766,0.02027848483,0.0135536243,0.02170167072],
			"infstarl2": [1,0.2987223412,0.2117855382,0.1493516797,0.09787298864,0.06550317358,0.05787226411,0.04388640867,0.03291643075,0.02818187794,0.02344100384,0.02918727241,0.02145720902,0.0227936708,0.02777058556,0.02398357978,0.01810551769,0.0284255908,0.0162669818,0.009839845789,0.01885835628]
		},
		"VAR": {
			"ytilde": 0.001220025355,
			"ybar": 0.04771715388,
			"y": 0.05558819186,
			"infl": 0.001329350498,
			"r": 0.003962411865,
			"rr": 0.02286010367,
			"u": 6.825786913e-14,
			"a": 0.0477933588,
			"ytildestar": 0.02304875096,
			"ybarstar": 0.0394264917,
			"ystar": 0.09185883525,
			"infstar": 0.02344890747,
			"rstar": 0.03013391427,
			"rrstar": 0.01472533906,
			"ustar": 0.01469628675,