{
	"model": "NK_CGG99",
	"rule": "OW13",
	"data": {
		"AC": {
			"x": [1,0.7459725949,0.4228141768,0.2680924816,0.2450436911,0.1326596495,-0.02697170253,-0.1029701167,-0.07849145433,-0.05492669697,-0.07005075182,-0.07818229244,-0.04950347464,-0.01482423587,-0.004356654849,-0.007341733303,-0.001900600491,0.009750501504,0.01330722736,0.007825193142,0.003595000314],
			"i": [1,0.8071178118,0.4772713966,0.1792989061,-0.01803655404,-0.07632677202,-0.1166809804,-0.1565557045,-0.1651461151,-0.1246502056,-0.07702220716,-0.05024537227,-0.03498559073,-0.01370745148,0.007802376641,0.01689622634,0.01502916982,0.01279815067,0.01334808182,0.0121491578,0.007421656383],
			"pi": [1,0.5311319857,0.1744785963,-0.04784063037,-0.1716797395,-0.2389854782,-0.2547950759,-0.2233401516,-0.1679143498,-0.1149877857,-0.07193175155,-0.03468222982,-0.003611390474,0.01598219707,0.02356866195,0.0245387396,0.02328702743,0.02009842362,0.01466768974,0.008730036315,0.004289883619],
			"interest": [1,0.8071178118,0.4772713966,0.1792989061,-0.01803655404,-0.07632677202,-0.1166809804,-0.1565557045,-0.1651461151,-0.1246502056,-0.07702220716,-0.05024537227,-0.03498559073,-0.01370745148,0.007802376641,0.01689622634,0.01502916982,0.01279815067,0.01334808182,0.0121491578,0.007421656383],
			"inflation": [1,0.849572991,0.5259420094,0.1471983955,-0.1797450132,-0.3557779905,-0.4170193023,-0.3996709327,-0.3355699283,-0.2508581839,-0.1652512967,-0.09086056431,-0.03308769508,0.007044385897,0.03089024933,0.04133246017,0.04214192848,0.03705905963,0.02905972786,0.02024934068,0.01207720469],
			"inflationq": [1,0.5311319857,0.1744785963,-0.04784063037,-0.1716797395,-0.2389854782,-0.2547950759,-0.2233401516,-0.1679143498,-0.1149877857,-0.07193175155,-0.03468222982,-0.003611390474,0.01598219707,0.02356866195,0.0245387396,0.02328702743,0.02009842362,0.01466768974,0.008730036315,0.004289883619],
			"outputgap": [1,0.7459725949,0.4228141768,0.2680924816,0.2450436911,0.1326596495,-0.02697170253,-0.1029701167,-0.07849145433,-0.05492669697,-0.07005075182,-0.07818229244,-0.04950347464,-0.01482423587,-0.004356654849,-0.007341733303,-0.001900600491,0.009750501504,0.01330722736,0.007825193142,0.003595000314],
			"AUX_ENDO_LEAD_71": [1,0.6329342134,0.3475583879,0.1386554881,-0.02463526703,-0.1324795107,-0.1737157183,-0.1664904061,-0.1429179024,-0.1160987273,-0.08372605929,-0.04799982186,-0.01885139221,-0.001293150718,0.008486922973,0.01501788362,0.01819431235,0.01689418827,0.01287456547,0.009011283979,0.006148478079],
			"AUX_ENDO_LEAD_75": [1,0.8936057672,0.7188578557,0.5117215081,0.3092403459,0.1439657225,0.02798312008,-0.04643535208,-0.08900661339,-0.1044689663,-0.0982761197,-0.0801897318,-0.05925468751,-0.03945309022,-0.02164088331,-0.00706396207,0.002767821215,0.007938312853,0.009992211843,0.01024223948,0.009146689416],
			"AUX_ENDO_LEAD_79": [1,0.9296853187,0.769137276,0.5664036423,0.3616086526,0.1870849767,0.05782323893,-0.02853375791,-0.07961351068,-0.1013936767,-0.1002855804,-0.0853417161,-0.06519806126,-0.04479373416,-0.02613302932,-0.01068432555,0.0002648266804,0.006645259557,0.00959385019,0.01031696166,0.009486898465],
			"AUX_ENDO_LEAD_106": [1,0.8234792167,0.5195820856,0.341386983,0.2760450454,0.158926382,0.002069797424,-0.08576052343,-0.08219123461,-0.06540653889,-0.07553214876,-0.0811647562,-0.0563753615,-0.02342813013,-0.009193911299,-0.008124583682,-0.002324970963,0.0083884397,0.01274315622,0.008917343652,0.005012955064],
			"AUX_ENDO_LEAD_110": [1,0.6802858254,0.3729060821,0.298706959,0.2417941926,0.0850446066,-0.07009389545,-0.102988723,-0.0684861365,-0.06240421052,-0.08408669954,-0.07727570204,-0.03862996765,-0.00988870458,-0.007086836986,-0.007954866514,0.002475818846,0.01320977044,0.01252513212,0.006081643746,0.003970315369],
			"AUX_ENDO_LEAD_114": [1,0.5549366824,0.3816457968,0.3057252215,0.1482558101,-0.05465910346,-0.1360731501,-0.1079233409,-0.0830793258,-0.1001150383,-0.101505543,-0.06163712263,-0.0194065194,-0.006949253209,-0.008228168836,0.0004295358352,0.01421746662,0.01718630142,0.01024366224,0.005507787162,0.006373807139],
			"AUX_ENDO_LAG_2_1": [1,0.5311319857,0.1744785963,-0.04784063037,-0.1716797395,-0.2389854782,-0.2547950759,-0.2233401516,-0.1679143498,-0.1149877857,-0.07193175155,-0.03468222982,-0.003611390474,0.01598219707,0.02356866195,0.0245387396,0.02328702743,0.02009842362,0.01466768974,0.008730036315,0.004289883619],
			"AUX_ENDO_LAG_2_2": [1,0.5311319857,0.1744785963,-0.04784063037,-0.1716797395,-0.2389854782,-0.2547950759,-0.2233401516,-0.1679143498,-0.1149877857,-0.07193175155,-0.03468222982,-0.003611390474,0.01598219707,0.02356866195,0.0245387396,0.02328702743,0.02009842362,0.01466768974,0.008730036315,0.004289883619],
			"AUX_ENDO_LAG_6_1": [1,0.7459725949,0.4228141768,0.2680924816,0.2450436911,0.1326596495,-0.02697170253,-0.1029701167,-0.07849145433,-0.05492669697,-0.07005075182,-0.07818229244,-0.04950347464,-0.01482423587,-0.004356654849,-0.007341733303,-0.001900600491,0.009750501504,0.01330722736,0.007825193142,0.003595000314],
			"AUX_ENDO_LAG_6_2": [1,0.7459725949,0.4228141768,0.2680924816,0.2450436911,0.1326596495,-0.02697170253,-0.1029701167,-0.07849145433,-0.05492669697,-0.07005075182,-0.07818229244,-0.04950347464,-0.01482423587,-0.004356654849,-0.007341733303,-0.001900600491,0.009750501504,0.01330722736,0.007825193142,0.003595000314],
			"AUX_ENDO_LAG_6_3": [1,0.7459725949,0.4228141768,0.2680924816,0.2450436911,0.1326596495,-0.02697170253,-0.1029701167,-0.07849145433,-0.05492669697,-0.07005075182,-0.07818229244,-0.04950347464,-0.01482423587,-0.004356654849,-0.007341733303,-0.001900600491,0.009750501504,0.01330722736,0.007825193142,0.003595000314],
			"AUX_ENDO_LAG_3_1": [1,0.8071178118,0.4772713966,0.1792989061,-0.01803655404,-0.07632677202,-0.1166809804,-0.1565557045,-0.1651461151,-0.1246502056,-0.07702220716,-0.05024537227,-0.03498559073,-0.01370745148,0.007802376641,0.01689622634,0.01502916982,0.01279815067,0.01334808182,0.0121491578,0.007421656383],
			"AUX_ENDO_LAG_3_2": [1,0.8071178118,0.4772713966,0.1792989061,-0.01803655404,-0.07632677202,-0.1166809804,-0.1565557045,-0.1651461151,-0.1246502056,-0.07702220716,-0.05024537227,-0.03498559073,-0.01370745148,0.007802376641,0.01689622634,0.01502916982,0.01279815067,0.01334808182,0.0121491578,0.007421656383],
			"AUX_ENDO_LAG_3_3": [1,0.8071178118,0.4772713966,0.1792989061,-0.01803655404,-0.07632677202,-0.1166809804,-0.1565557045,-0.1651461151,-0.1246502056,-0.07702220716,-0.05024537227,-0.03498559073,-0.01370745148,0.007802376641,0.01689622634,0.01502916982,0.01279815067,0.01334808182,0.0121491578,0.007421656383],
			"AUX_ENDO_LAG_5_1": [1,0.5311319857,0.1744785963,-0.04784063037,-0.1716797395,-0.2389854782,-0.2547950759,-0.2233401516,-0.1679143498,-0.1149877857,-0.07193175155,-0.03468222982,-0.003611390474,0.01598219707,0.02356866195,0.0245387396,0.02328702743,0.02009842362,0.01466768974,0.008730036315,0.004289883619],
			"AUX_ENDO_LAG_5_2": [1,0.5311319857,0.1744785963,-0.04784063037,-0.1716797395,-0.2389854782,-0.2547950759,-0.2233401516,-0.1679143498,-0.1149877857,-0.07193175155,-0.03468222982,-0.003611390474,0.01598219707,0.02356866195,0.0245387396,0.02328702743,0.02009842362,0.01466768974,0.008730036315,0.004289883619],
			"AUX_ENDO_LAG_5_3": [1,0.5311319857,0.1744785963,-0.04784063037,-0.1716797395,-0.2389854782,-0.2547950759,-0.2233401516,-0.1679143498,-0.1149877857,-0.07193175155,-0.03468222982,-0.003611390474,0.01598219707,0.02356866195,0.0245387396,0.02328702743,0.02009842362,0.01466768974,0.008730036315,0.004289883619]
		},
		"VAR": {
			"x": 6.820008594,
			"i": 0.1339736601,
			"pi": 0.4705336901,
			"interest": 2.143578561,
			"inflation": 3.664998694,
			"inflationq": 7.528539042,
			"outputgap": 6.820008594,
			"AUX_ENDO_LEAD_71": 2.910795006,
			"AUX_ENDO_LEAD_75": 1.903425675,
			"AUX_ENDO_LEAD_79": 1.883236528,
			"AUX_ENDO_LEAD_106": 6.62359189,
			"AUX_ENDO_LEAD_110": 5.553056014,
			"AUX_ENDO_LEAD_114": 2.922955315,
			"AUX_ENDO_LAG_2_1": 0.4705336901,