{
	"model": "NK_CGG99",
	"rule": "CMR",
	"data": {
		"AC": {
			"x": [1,0.7699644975,0.3553489782,0.005671382443,-0.157699848,-0.1545639571,-0.0728867352,0.005960532089,0.04329677032,0.04074476706,0.01921410184,-0.001196848278,-0.01087663935,-0.01032096075,-0.004884225341,0.0002982391104,0.002764113624,0.002628160727,0.001247512046,-7.172586591e-05,-0.000701346767],
			"i": [1,0.5464097238,-0.03387272646,-0.3434672764,-0.3426685867,-0.1774169387,-0.008159914531,0.08013971707,0.08417321154,0.04396929445,0.001645245641,-0.02056463347,-0.02151715641,-0.01126179821,-0.0004690899234,0.00520786705,0.005470697585,0.002871621698,0.0001267412357,-0.001321163511,-0.001391909262],
			"pi": [1,0.3257277545,-0.08498009057,-0.21017885,-0.1514052734,-0.03886618955,0.04044194263,0.06160214992,0.04209795396,0.01148962254,-0.009579610199,-0.01537860663,-0.01060580993,-0.002894568053,0.002443995322,0.00391821485,0.002706232311,0.0007440033336,-0.0006171309938,-0.0009955438991,-0.0006893464507],
			"interest": [1,0.5464097238,-0.03387272646,-0.3434672764,-0.3426685867,-0.1774169387,-0.008159914531,0.08013971707,0.08417321154,0.04396929445,0.001645245641,-0.02056463347,-0.02151715641,-0.01126179821,-0.0004690899234,0.00520786705,0.005470697585,0.002871621698,0.0001267412357,-0.001321163511,-0.001391909262],
			"inflation": [1,0.7783239001,0.3832775246,0.01237822212,-0.203019762,-0.1594871348,-0.03606565733,0.05357826954,0.07607629415,0.05117293294,0.01380540153,-0.01161678879,-0.01850298792,-0.0126793908,-0.003385933253,0.003003312716,0.004731378886,0.00324278421,0.0008737112888,-0.0007571579006,-0.001201612527],
			"inflationq": [1,0.3257277545,-0.08498009057,-0.21017885,-0.1514052734,-0.03886618955,0.04044194263,0.06160214992,0.04209795396,0.01148962254,-0.009579610199,-0.01537860663,-0.01060580993,-0.002894568053,0.002443995322,0.00391821485,0.002706232311,0.0007440033336,-0.0006171309938,-0.0009955438991,-0.0006893464507],
			"outputgap": [1,0.7699644975,0.3553489782,0.005671382443,-0.157699848,-0.1545639571,-0.0728867352,0.005960532089,0.04329677032,0.04074476706,0.01921410184,-0.001196848278,-0.01087663935,-0.01032096075,-0.004884225341,0.0002982391104,0.002764113624,0.002628160727,0.001247512046,-7.172586591e-05,-0.000701346767],
			"AUX_ENDO_LEAD_71": [1,0.1511389052,-0.2909156857,-0.3421887053,-0.1858357528,-0.009299607158,0.08649071888,0.09252801995,0.04976335477,0.003512472665,-0.02149973391,-0.02335136762,-0.01261331978,-0.0008935644245,0.005466719862,0.005946617008,0.003220113959,0.0002372604782,-0.001385734714,-0.001512505762,-0.0008212735991],
			"AUX_ENDO_LEAD_75": [1,0.6800575737,0.1370591146,-0.2233483651,-0.3013987566,-0.1936234051,-0.04402032885,0.05280545264,0.07501730944,0.0486531998,0.01101416571,-0.01349194447,-0.01912614569,-0.01242274593,-0.002840641365,0.003410348332,0.004860465269,0.003165074774,0.0007295679237,-0.0008632395506,-0.00123570044],
			"AUX_ENDO_LEAD_79": [1,0.5789388655,0.0473521778,-0.2573838589,-0.2881567058,-0.1621987667,-0.01870714022,0.06257218388,0.07214076212,0.04086753435,0.004653302524,-0.01595230652,-0.01838804194,-0.01043868525,-0.001218220618,0.004040511101,0.004675570406,0.002661397993,0.0003165818586,-0.001024276804,-0.001189243445],
			"AUX_ENDO_LEAD_106": [1,0.7484975104,0.3175252705,-0.02849829878,-0.1759648859,-0.1569753219,-0.06665071341,0.01320717054,0.04733292198,0.04110241499,0.01751880482,-0.003089372257,-0.01192723158,-0.01042381988,-0.004458313459,0.0007779499943,0.003031333569,0.002654727051,0.00113940132,-0.0001938026891,-0.0007695219984],
			"AUX_ENDO_LEAD_110": [1,0.5703095526,0.108984606,-0.16087613,-0.2092642808,-0.1260059261,-0.01972795594,0.0443187271,0.05475047597,0.03278521475,0.005383076673,-0.01110681252,-0.0138706778,-0.008335792681,-0.001380392871,0.002817952626,0.003529040609,0.002125878031,0.0003567379417,-0.0007137450859,-0.0008973527478],
			"AUX_ENDO_LEAD_114": [1,0.3517630326,-0.1257282234,-0.293018907,-0.2264687353,-0.07783592173,0.03685562518,0.07667510839,0.05863663716,0.02032943043,-0.009114498711,-0.01940347372,-0.01490032782,-0.005187099103,0.002303279058,0.004932042513,0.003795766317,0.001327533542,-0.0005802753684,-0.001252883315,-0.0009666168747],
			"AUX_ENDO_LAG_2_1": [1,0.3257277545,-0.08498009057,-0.21017885,-0.1514052734,-0.03886618955,0.04044194263,0.06160214992,0.04209795396,0.01148962254,-0.009579610199,-0.01537860663,-0.01060580993,-0.002894568053,0.002443995322,0.00391821485,0.002706232311,0.0007440033336,-0.0006171309938,-0.0009955438991,-0.0006893464507],
			"AUX_ENDO_LAG_2_2": [1,0.3257277545,-0.08498009057,-0.21017885,-0.1514052734,-0.03886618955,0.04044194263,0.06160214992,0.04209795396,0.01148962254,-0.009579610199,-0.01537860663,-0.01060580993,-0.002894568053,0.002443995322,0.00391821485,0.002706232311,0.0007440033336,-0.0006171309938,-0.0009955438991,-0.0006893464507],
			"AUX_ENDO_LAG_6_1": [1,0.7699644975,0.3553489782,0.005671382443,-0.157699848,-0.1545639571,-0.0728867352,0.005960532089,0.04329677032,0.04074476706,0.01921410184,-0.001196848278,-0.01087663935,-0.01032096075,-0.004884225341,0.0002982391104,0.002764113624,0.002628160727,0.001247512046,-7.172586591e-05,-0.000701346767],
			"AUX_ENDO_LAG_6_2": [1,0.7699644975,0.3553489782,0.005671382443,-0.157699848,-0.1545639571,-0.0728867352,0.005960532089,0.04329677032,0.04074476706,0.01921410184,-0.001196848278,-0.01087663935,-0.01032096075,-0.004884225341,0.0002982391104,0.002764113624,0.002628160727,0.001247512046,-7.172586591e-05,-0.000701346767],
			"AUX_ENDO_LAG_6_3": [1,0.7699644975,0.3553489782,0.005671382443,-0.157699848,-0.1545639571,-0.0728867352,0.005960532089,0.04329677032,0.04074476706,0.01921410184,-0.001196848278,-0.01087663935,-0.01032096075,-0.004884225341,0.0002982391104,0.002764113624,0.002628160727,0.001247512046,-7.172586591e-05,-0.000701346767],
			"AUX_ENDO_LAG_3_1": [1,0.5464097238,-0.03387272646,-0.3434672764,-0.3426685867,-0.1774169387,-0.008159914531,0.08013971707,0.08417321154,0.04396929445,0.001645245641,-0.02056463347,-0.02151715641,-0.01126179821,-0.0004690899234,0.00520786705,0.005470697585,0.002871621698,0.0001267412357,-0.001321163511,-0.001391909262],
			"AUX_ENDO_LAG_3_2": [1,0.5464097238,-0.03387272646,-0.3434672764,-0.3426685867,-0.1774169387,-0.008159914531,0.08013971707,0.08417321154,0.04396929445,0.001645245641,-0.02056463347,-0.02151715641,-0.01126179821,-0.0004690899234,0.00520786705,0.005470697585,0.002871621698,0.0001267412357,-0.001321163511,-0.001391909262],
			"AUX_ENDO_LAG_3_3": [1,0.5464097238,-0.03387272646,-0.3434672764,-0.3426685867,-0.1774169387,-0.008159914531,0.08013971707,0.08417321154,0.04396929445,0.001645245641,-0.02056463347,-0.02151715641,-0.01126179821,-0.0004690899234,0.00520786705,0.005470697585,0.002871621698,0.0001267412357,-0.001321163511,-0.001391909262],
			"AUX_ENDO_LAG_5_1": [1,0.3257277545,-0.08498009057,-0.21017885,-0.1514052734,-0.03886618955,0.04044194263,0.06160214992,0.04209795396,0.01148962254,-0.009579610199,-0.01537860663,-0.01060580993,-0.002894568053,0.002443995322,0.00391821485,0.002706232311,0.0007440033336,-0.0006171309938,-0.0009955438991,-0.0006893464507],
			"AUX_ENDO_LAG_5_2": [1,0.3257277545,-0.08498009057,-0.21017885,-0.1514052734,-0.03886618955,0.04044194263,0.06160214992,0.04209795396,0.01148962254,-0.009579610199,-0.01537860663,-0.01060580993,-0.002894568053,0.002443995322,0.00391821485,0.002706232311,0.0007440033336,-0.0006171309938,-0.0009955438991,-0.0006893464507],
			"AUX_ENDO_LAG_5_3": [1,0.3257277545,-0.08498009057,-0.21017885,-0.1514052734,-0.03886618955,0.04044194263,0.06160214992,0.04209795396,0.01148962254,-0.009579610199,-0.01537860663,-0.01060580993,-0.002894568053,0.002443995322,0.00391821485,0.002706232311,0.0007440033336,-0.0006171309938,-0.0009955438991,-0.0006893464507]
		},
		"VAR": {
			"x": 14.67337553,
			"i": 0.007450237312,
			"pi": 0.2755833832,
			"interest": 0.119203797,
			"inflation": 1.431404472,
			"inflationq": 4.409334131,
			"outputgap": 14.67337553,