{
	"model": "NK_CGG99AL",
	"rule": "CMR",
	"data": {
		"AC": {
			"x": [1,0.7782103866,0.3921455641,0.0599129326,-0.1074239648,-0.1290895732,-0.08012225784,-0.02371979187,0.007723271356,0.01123346847,-0.00312058572,-0.01857133156,-0.02398835213,-0.02095556451,-0.01551890938,-0.01171563515,-0.01017250735,-0.01239083402,-0.02106460346,-0.02751783505,-0.02557495578],
			"i": [1,0.498459096,-0.09039854526,-0.397070721,-0.3641168,-0.1817642604,-0.0214405819,0.06117775514,0.07027477103,0.04716681485,0.003819167003,-0.02263078632,-0.02381646958,-0.01605508235,0.001713740736,0.00640630706,0.01379409919,0.01660434012,-0.002263697514,-0.01479745854,-0.02444296495],
			"pi": [1,0.3703488034,-0.04568966253,-0.2105455652,-0.1836844184,-0.0861834241,-0.008679657635,0.02676051229,0.02391415736,0.01890645406,-0.007050526174,-0.01146759631,-0.01140304454,-0.01457544875,0.0005295455411,-0.004632981641,0.002310035106,0.007039426588,-0.01611867844,-0.009727740862,-0.01740878078],
			"interest": [1,0.498459096,-0.09039854526,-0.397070721,-0.3641168,-0.1817642604,-0.0214405819,0.06117775514,0.07027477103,0.04716681485,0.003819167003,-0.02263078632,-0.02381646958,-0.01605508235,0.001713740736,0.00640630706,0.01379409919,0.01660434012,-0.002263697514,-0.01479745854,-0.02444296495],
			"inflation": [1,0.7888149554,0.3932228132,0.004610442945,-0.2386618781,-0.2334474848,-0.1284184882,-0.02998084083,0.01923027884,0.02510269077,0.00612977034,-0.01232882951,-0.02277114271,-0.02433905617,-0.01580647761,-0.01143958768,-0.008702845515,-0.01128302992,-0.02083458295,-0.02320865255,-0.02163165308],
			"inflationq": [1,0.3703488034,-0.04568966253,-0.2105455652,-0.1836844184,-0.0861834241,-0.008679657635,0.02676051229,0.02391415736,0.01890645406,-0.007050526174,-0.01146759631,-0.01140304454,-0.01457544875,0.0005295455411,-0.004632981641,0.002310035106,0.007039426588,-0.01611867844,-0.009727740862,-0.01740878078],
			"outputgap": [1,0.7782103866,0.3921455641,0.0599129326,-0.1074239648,-0.1290895732,-0.08012225784,-0.02371979187,0.007723271356,0.01123346847,-0.00312058572,-0.01857133156,-0.02398835213,-0.02095556451,-0.01551890938,-0.01171563515,-0.01017250735,-0.01239083402,-0.02106460346,-0.02751783505,-0.02557495578],
			"output": [1,0.7782103866,0.3921455641,0.0599129326,-0.1074239648,-0.1290895732,-0.08012225784,-0.02371979187,0.007723271356,0.01123346847,-0.00312058572,-0.01857133156,-0.02398835213,-0.02095556451,-0.01551890938,-0.01171563515,-0.01017250735,-0.01239083402,-0.02106460346,-0.02751783505,-0.02557495578],
			"inflationql": [1,0.3697415743,-0.04526309457,-0.209889141,-0.1833902552,-0.0861999472,-0.008797849542,0.02625975596,0.02331476324,0.01850344555,-0.006965095721,-0.01165437981,-0.01183608852,-0.01473123713,0.0004852932809,-0.004932193671,0.001779046487,0.007280248557,-0.01531746256,-0.008611141035,-0.01647471514],
			"inflationql2": [1,0.369671526,-0.0452909966,-0.209900959,-0.182890907,-0.08621466129,-0.008734959955,0.02609095206,0.02408812475,0.01861307929,-0.006888630097,-0.01275189713,-0.01269943357,-0.01582380191,0.0001219802081,-0.005246049469,0.001485291059,0.007841899975,-0.01446346371,-0.008203533648,-0.01577554404]
		},
		"VAR": {
			"x": 13.37486311,
			"i": 0.01080907325,
			"pi": 0.3094697791,
			"interest": 0.172945172,
			"inflation": 1.732296314,
			"inflationq": 4.951516466,
			"outputgap": 13.37486311,
			"output": 13.37486311,
			"inflationql": 4.940213215,
			"inflationql2": 4.927869119
		},
		"IRF": {
			"interest_": {
				"x": [0,-6.028443404,-5.259274541,-2.024782064,0.734559639,1.905914975,1.696204729,0.8530746822,0.05192960285,-0.3754421686,-0.4231360135,-0.255804175,-0.05281824476,0.07830530716,0.1144589371,0.08596794573,0.03704471179,-0.0006097853423,-0.0157659848,-0.01265694776,-0.001553568237],
				"i": [0,-0.01909375462,-0.1411870966,-0.1288059034,-0.06101311687,0.001898756265,0.0331269246,0.0337709962,0.01826979258,0.001300402863,-0.008923177109,-0.01116888628,-0.008337317696,-0.004162663404,-0.001151096893,-6.901713495e-05,-0.0004524885552,-0.001413711573,-0.002241847073,-0.002632045742,-0.0026225554],
				"pi": [0,-0.4133446663,-0.520262372,-0.3749928721,-0.1468385829,0.02988624923,0.1048486743,0.09566073315,0.04795817738,0.001900181224,-0.02280211643,-0.02557974559,-0.0158870272,-0.004103739988,0.003526085681,0.005647597331,0.00401059895,0.001178162163,-0.001007360115,-0.001889912319,-0.001711778949],
				"interest": [0,-0.0763750185,-0.5647483862,-0.5152236134,-0.2440524675,0.007595025061,0.1325076984,0.1350839848,0.07307917031,0.005201611453,-0.03569270844,-0.04467554512,-0.03334927079,-0.01665065362,-0.004604387574,-0.0002760685398,-0.001809954221,-0.00565484629,-0.008967388292,-0.01052818297,-0.0104902216],
				"inflation": [0,-0.4133446663,-0.9336070383,-1.30859991,-1.455438493,-1.012207578,-0.3870965315,0.08355707375,0.278353834,0.250367766,0.1227169753,0.001476496586,-0.06236870799,-0.0683726292,-0.04204442709,-0.01081708417,0.009080541974,0.01436244413,0.00982899833,0.00229148868,-0.003430889219],
				"inflationq": [0,-1.653378665,-2.081049488,-1.499971488,-0.5873543317,0.1195449969,0.4193946971,0.3826429326,0.1918327095,0.007600724898,-0.09120846573,-0.1023189824,-0.06354810878,-0.01641495995,0.01410434272,0.02259038932,0.0160423958,0.004712648652,-0.004029440459,-0.007559649274,-0.006847115796],
				"outputgap": [0,-6.028443404,-5.259274541,-2.024782064,0.734559639,1.905914975,1.696204729,0.8530746822,0.05192960285,-0.3754421686,-0.4231360135,-0.255804175,-0.05281824476,0.07830530716,0.1144589371,0.08596794573,0.03704471179,-0.0006097853423,-0.0157659848,-0.01265694776,-0.001553568237],
				"output": [0,-6.028443404,-5.259274541,-2.024782064,0.734559639,1.905914975,1.696204729,0.8530746822,0.05192960285,-0.3754421686,-0.4231360135,-0.255804175,-0.05281824476,0.07830530716,0.1144589371,0.08596794573,0.03704471179,-0.0006097853423,-0.0157659848,-0.01265694776,-0.001553568237],
				"inflationql": [0,0,-1.653378665,-2.081049488,-1.499971488,-0.5873543317,0.1195449969,0.4193946971,0.3826429326,0.1918327095,0.007600724898,-0.09120846573,-0.1023189824,-0.06354810878,-0.01641495995,0.01410434272,0.02259038932,0.0160423958,0.004712648652,-0.004029440459,-0.007559649274],
				"inflationql2": [0,0,0,-1.653378665,-2.081049488,-1.499971488,-0.5873543317,0.1195449969,0.4193946971,0.3826429326,0.1918327095,0.007600724898,-0.09120846573,-0.1023189824,-0.06354810878,-0.01641495995,0.01410434272,0.02259038932,0.0160423958,0.004712648652,-0.004029440459]
			}
		}
	}
}
