{
	"model": "NK_CGG99",
	"rule": "Model",
	"data": {
		"AC": {
			"x": [1,0.734132822,0.331392634,0.02702723527,-0.1037238633,-0.1034629198,-0.05020506845,-0.001561904989,0.02070393097,0.02044080756,0.01046009956,0.001099108364,-0.003454147597,-0.003724260909,-0.002020322711,-0.0002982875101,0.0005906634259,0.000686302679,0.00039295897,7.484552008e-05,-9.882893413e-05],
			"i": [1,0.6342655086,0.1513629704,-0.1377257019,-0.1983239403,-0.1290957131,-0.03687781127,0.02061378396,0.03523634173,0.0243039951,0.007711605347,-0.003216057516,-0.006364933798,-0.004620531273,-0.001615428624,0.00046816178,0.001138268865,0.0008720126384,0.0003318236745,-6.301413138e-05,-0.000202574278],
			"pi": [1,0.4286813212,0.06158055343,-0.08767633888,-0.09198461971,-0.04132356456,0.004067533763,0.02315828173,0.0207592487,0.009892519977,0.000510509312,-0.003727440384,-0.00371177342,-0.001883375092,-0.0001712291996,0.0006529125516,0.0006908704855,0.0003707011919,5.199807105e-05,-0.0001107321948,-0.000126869047],
			"interest": [1,0.6342655086,0.1513629704,-0.1377257019,-0.1983239403,-0.1290957131,-0.03687781127,0.02061378396,0.03523634173,0.0243039951,0.007711605347,-0.003216057516,-0.006364933798,-0.004620531273,-0.001615428624,0.00046816178,0.001138268865,0.0008720126384,0.0003318236745,-6.301413138e-05,-0.000202574278],
			"inflation": [1,0.8356201755,0.5227601443,0.2012425002,-0.02586194879,-0.07161488982,-0.03890682503,0.00192340271,0.02202216102,0.02146553718,0.01142653569,0.001820359898,-0.003079236853,-0.003632391294,-0.002073570725,-0.0003785228563,0.000542183121,0.0006770486224,0.0004059700836,9.148203712e-05,-8.858005951e-05],
			"inflationq": [1,0.4286813212,0.06158055343,-0.08767633888,-0.09198461971,-0.04132356456,0.004067533763,0.02315828173,0.0207592487,0.009892519977,0.000510509312,-0.003727440384,-0.00371177342,-0.001883375092,-0.0001712291996,0.0006529125516,0.0006908704855,0.0003707011919,5.199807105e-05,-0.0001107321948,-0.000126869047],
			"outputgap": [1,0.734132822,0.331392634,0.02702723527,-0.1037238633,-0.1034629198,-0.05020506845,-0.001561904989,0.02070393097,0.02044080756,0.01046009956,0.001099108364,-0.003454147597,-0.003724260909,-0.002020322711,-0.0002982875101,0.0005906634259,0.000686302679,0.00039295897,7.484552008e-05,-9.882893413e-05],
			"AUX_ENDO_LEAD_71": [1,0.2254838836,-0.1396312902,-0.1940884019,-0.1074654063,-0.01085764697,0.03912655529,0.04293750679,0.02423008934,0.004605398603,-0.005988951296,-0.007585831116,-0.004551909173,-0.001013207743,0.001011614511,0.001393444451,0.0008793419594,0.0002291034091,-0.0001629108026,-0.0002524469622,-0.0001678991049],
			"AUX_ENDO_LEAD_75": [1,0.1354511437,-0.2606954227,-0.2854647917,-0.1485378968,-0.01332895929,0.0531252783,0.05659961029,0.03081255936,0.004804126615,-0.00869338069,-0.01024672504,-0.005906556358,-0.001148351238,0.001466312705,0.00187985754,0.001141789055,0.0002667730952,-0.0002406358096,-0.0003420644493,-0.0002189501806],
			"AUX_ENDO_LEAD_79": [1,0.7085928934,0.1816025858,-0.1588982086,-0.2391508239,-0.1619403375,-0.05178811505,0.02003468849,0.04082145108,0.02969119205,0.01032730817,-0.003097368103,-0.007392523531,-0.005646361632,-0.00214239676,0.0004123816811,0.001312473735,0.00106024486,0.000434209985,-4.762874467e-05,-0.0002322322739],
			"AUX_ENDO_LEAD_106": [1,0.7937941093,0.4009788292,0.0728345768,-0.08791256247,-0.1071493421,-0.05999330155,-0.008982280008,0.01802372955,0.02115634209,0.01231068075,0.002545235403,-0.002883982789,-0.003808294467,-0.002344769055,-0.0005678422285,0.0004764037028,0.000694814312,0.0004502974157,0.0001252883234,-7.595788268e-05],
			"AUX_ENDO_LEAD_110": [1,0.6297020478,0.2129656989,-0.04847422814,-0.1277799607,-0.09532051542,-0.0329093673,0.01090841287,0.02486159839,0.0189194545,0.007202299869,-0.001331530516,-0.004348218614,-0.003522077,-0.001445071264,0.0001567908844,0.0007717304463,0.0006607802713,0.0002907428424,-1.061091256e-05,-0.0001353843457],
			"AUX_ENDO_LEAD_114": [1,0.4212397686,-0.000864187823,-0.1679059064,-0.1516006785,-0.06777093121,0.002701798605,0.03233672103,0.02959291656,0.01408503634,0.0005751269861,-0.005510635273,-0.005438077703,-0.002750185919,-0.0002476827724,0.0009532413548,0.00100660614,0.0005388124994,7.432563942e-05,-0.0001622223101,-0.0001851049681],
			"AUX_ENDO_LAG_2_1": [1,0.4286813212,0.06158055343,-0.08767633888,-0.09198461971,-0.04132356456,0.004067533763,0.02315828173,0.0207592487,0.009892519977,0.000510509312,-0.003727440384,-0.00371177342,-0.001883375092,-0.0001712291996,0.0006529125516,0.0006908704855,0.0003707011919,5.199807105e-05,-0.0001107321948,-0.000126869047],
			"AUX_ENDO_LAG_2_2": [1,0.4286813212,0.06158055343,-0.08767633888,-0.09198461971,-0.04132356456,0.004067533763,0.02315828173,0.0207592487,0.009892519977,0.000510509312,-0.003727440384,-0.00371177342,-0.001883375092,-0.0001712291996,0.0006529125516,0.0006908704855,0.0003707011919,5.199807105e-05,-0.0001107321948,-0.000126869047],
			"AUX_ENDO_LAG_6_1": [1,0.734132822,0.331392634,0.02702723527,-0.1037238633,-0.1034629198,-0.05020506845,-0.001561904989,0.02070393097,0.02044080756,0.01046009956,0.001099108364,-0.003454147597,-0.003724260909,-0.002020322711,-0.0002982875101,0.0005906634259,0.000686302679,0.00039295897,7.484552008e-05,-9.882893413e-05],
			"AUX_ENDO_LAG_6_2": [1,0.734132822,0.331392634,0.02702723527,-0.1037238633,-0.1034629198,-0.05020506845,-0.001561904989,0.02070393097,0.02044080756,0.01046009956,0.001099108364,-0.003454147597,-0.003724260909,-0.002020322711,-0.0002982875101,0.0005906634259,0.000686302679,0.00039295897,7.484552008e-05,-9.882893413e-05],
			"AUX_ENDO_LAG_6_3": [1,0.734132822,0.331392634,0.02702723527,-0.1037238633,-0.1034629198,-0.05020506845,-0.001561904989,0.02070393097,0.02044080756,0.01046009956,0.001099108364,-0.003454147597,-0.003724260909,-0.002020322711,-0.0002982875101,0.0005906634259,0.000686302679,0.00039295897,7.484552008e-05,-9.882893413e-05],
			"AUX_ENDO_LAG_3_1": [1,0.6342655086,0.1513629704,-0.1377257019,-0.1983239403,-0.1290957131,-0.03687781127,0.02061378396,0.03523634173,0.0243039951,0.007711605347,-0.003216057516,-0.006364933798,-0.004620531273,-0.001615428624,0.00046816178,0.001138268865,0.0008720126384,0.0003318236745,-6.301413138e-05,-0.000202574278],
			"AUX_ENDO_LAG_3_2": [1,0.6342655086,0.1513629704,-0.1377257019,-0.1983239403,-0.1290957131,-0.03687781127,0.02061378396,0.03523634173,0.0243039951,0.007711605347,-0.003216057516,-0.006364933798,-0.004620531273,-0.001615428624,0.00046816178,0.001138268865,0.0008720126384,0.0003318236745,-6.301413138e-05,-0.000202574278],
			"AUX_ENDO_LAG_3_3": [1,0.6342655086,0.1513629704,-0.1377257019,-0.1983239403,-0.1290957131,-0.03687781127,0.02061378396,0.03523634173,0.0243039951,0.007711605347,-0.003216057516,-0.006364933798,-0.004620531273,-0.001615428624,0.00046816178,0.001138268865,0.0008720126384,0.0003318236745,-6.301413138e-05,-0.000202574278],
			"AUX_ENDO_LAG_5_1": [1,0.4286813212,0.06158055343,-0.08767633888,-0.09198461971,-0.04132356456,0.004067533763,0.02315828173,0.0207592487,0.009892519977,0.000510509312,-0.003727440384,-0.00371177342,-0.001883375092,-0.0001712291996,0.0006529125516,0.0006908704855,0.0003707011919,5.199807105e-05,-0.0001107321948,-0.000126869047],
			"AUX_ENDO_LAG_5_2": [1,0.4286813212,0.06158055343,-0.08767633888,-0.09198461971,-0.04132356456,0.004067533763,0.02315828173,0.0207592487,0.009892519977,0.000510509312,-0.003727440384,-0.00371177342,-0.001883375092,-0.0001712291996,0.0006529125516,0.0006908704855,0.0003707011919,5.199807105e-05,-0.0001107321948,-0.000126869047],
			"AUX_ENDO_LAG_5_3": [1,0.4286813212,0.06158055343,-0.08767633888,-0.09198461971,-0.04132356456,0.004067533763,0.02315828173,0.0207592487,0.009892519977,0.000510509312,-0.003727440384,-0.00371177342,-0.001883375092,-0.0001712291996,0.0006529125516,0.0006908704855,0.0003707011919,5.199807105e-05,-0.0001107321948,-0.000126869047]
		},
		"VAR": {
			"x": 8.844125121,
			"i": 0.0291891283,
			"pi": 0.3643931506,
			"interest": 0.4670260528,