{
	"model": "NK_CGG99AL",
	"rule": "SW",
	"data": {
		"AC": {
			"x": [1,0.9011755119,0.6865774292,0.4277651619,0.183586166,-0.007630548178,-0.1301939939,-0.1862185279,-0.1890917519,-0.1570534885,-0.1091030143,-0.05968070368,-0.01897525716,0.007300131186,0.01853166616,0.0161233614,0.004112538633,-0.01288091499,-0.02999634923,-0.04023491531,-0.04112156689],
			"i": [1,0.7214826991,0.3914647663,0.1062774933,-0.1011572087,-0.218062459,-0.2578862589,-0.2399567364,-0.1892742218,-0.1201285958,-0.05630218134,-0.00492256235,0.02991593101,0.04644576676,0.05221473113,0.04163715574,0.0239065159,0.003403904993,-0.02463880854,-0.03762212448,-0.0424466006],
			"pi": [1,0.5521594993,0.180608665,-0.08641860194,-0.2494070807,-0.314679637,-0.3044101101,-0.244288201,-0.1647698767,-0.07645979898,-0.01178407634,0.03732324826,0.0619530643,0.06465042124,0.06384482827,0.04338217426,0.02425697758,0.004419614123,-0.02842481924,-0.03456854323,-0.04311431953],
			"interest": [1,0.7214826991,0.3914647663,0.1062774933,-0.1011572087,-0.218062459,-0.2578862589,-0.2399567364,-0.1892742218,-0.1201285958,-0.05630218134,-0.00492256235,0.02991593101,0.04644576676,0.05221473113,0.04163715574,0.0239065159,0.003403904993,-0.02463880854,-0.03762212448,-0.0424466006],
			"inflation": [1,0.8386350046,0.4852373812,0.071935759,-0.2775979358,-0.4538017907,-0.4885237732,-0.4257163767,-0.3094991217,-0.1776857053,-0.06049616391,0.02703447807,0.07915803452,0.0982144557,0.09286665347,0.06797434003,0.0343933469,-0.001364297794,-0.03367638475,-0.05189045979,-0.05658689555],
			"inflationq": [1,0.5521594993,0.180608665,-0.08641860194,-0.2494070807,-0.314679637,-0.3044101101,-0.244288201,-0.1647698767,-0.07645979898,-0.01178407634,0.03732324826,0.0619530643,0.06465042124,0.06384482827,0.04338217426,0.02425697758,0.004419614123,-0.02842481924,-0.03456854323,-0.04311431953],
			"outputgap": [1,0.9011755119,0.6865774292,0.4277651619,0.183586166,-0.007630548178,-0.1301939939,-0.1862185279,-0.1890917519,-0.1570534885,-0.1091030143,-0.05968070368,-0.01897525716,0.007300131186,0.01853166616,0.0161233614,0.004112538633,-0.01288091499,-0.02999634923,-0.04023491531,-0.04112156689],
			"output": [1,0.9011755119,0.6865774292,0.4277651619,0.183586166,-0.007630548178,-0.1301939939,-0.1862185279,-0.1890917519,-0.1570534885,-0.1091030143,-0.05968070368,-0.01897525716,0.007300131186,0.01853166616,0.0161233614,0.004112538633,-0.01288091499,-0.02999634923,-0.04023491531,-0.04112156689],
			"inflationql": [1,0.5523278194,0.1816751331,-0.08624267955,-0.2498509399,-0.3138307735,-0.3040593388,-0.2439572203,-0.1641401688,-0.07461978212,-0.01036503719,0.03900537543,0.062805366,0.06428216904,0.06330956352,0.04114175606,0.02174906885,0.00316182427,-0.0290180048,-0.03450234868,-0.04226445835],
			"inflationql2": [1,0.5519171473,0.1806565004,-0.08775907867,-0.249932613,-0.3144263312,-0.3033523555,-0.2429593664,-0.1614416972,-0.07280351033,-0.00866505695,0.03967485463,0.06243212479,0.06350173403,0.06248261986,0.04026837736,0.02031720575,0.002709117642,-0.0289242348,-0.03452382949,-0.04211554715]
		},
		"VAR": {
			"x": 8.207409822,
			"i": 0.1674720215,
			"pi": 0.4791492661,
			"interest": 2.679552344,
			"inflation": 3.806302113,
			"inflationq": 7.666388257,
			"outputgap": 8.207409822,
			"output": 8.207409822,
			"inflationql": 7.634056949,
			"inflationql2": 7.603682326
		},
		"IRF": {
			"interest_": {
				"x": [0,-1.269227167,-1.238305065,-0.8891689227,-0.4884837383,-0.1433742296,0.1005787899,0.2354079689,0.276687103,0.2516136352,0.1895818924,0.1158961398,0.04859287259,-0.002201015491,-0.0332011137,-0.04602491884,-0.04506396847,-0.03563382388,-0.02264202887,-0.009828430424,0.0004943602957],
				"i": [0,-0.1087130886,-0.1804626145,-0.1636774303,-0.1183851858,-0.06749701798,-0.02317960909,0.008681931495,0.02679578304,0.03291978702,0.03038635138,0.02289442112,0.01368529862,0.005111007154,-0.001471178034,-0.005580069155,-0.007373376891,-0.007380241669,-0.006264463036,-0.004650972689,-0.003024215688],
				"pi": [0,-0.1348146439,-0.2026846119,-0.2089260558,-0.1743620237,-0.1204649046,-0.06442913334,-0.01745853759,0.01510040014,0.03257134551,0.03733327761,0.0332395693,0.02435242236,0.01411028975,0.004921563794,-0.001898890571,-0.005966376165,-0.007551085867,-0.007283771317,-0.005904144353,-0.004082825823],
				"interest": [0,-0.4348523545,-0.7218504579,-0.6547097214,-0.473540743,-0.2699880719,-0.09271843635,0.03472772598,0.1071831322,0.1316791481,0.1215454055,0.09157768447,0.05474119447,0.02044402862,-0.005884712135,-0.02232027662,-0.02949350757,-0.02952096668,-0.02505785214,-0.01860389076,-0.01209686275],
				"inflation": [0,-0.1348146439,-0.3374992558,-0.5464253116,-0.7207873353,-0.706437596,-0.5681821174,-0.3767145992,-0.1872521753,-0.03421592528,0.06754648567,0.1182445926,0.1274966148,0.109035559,0.07662384521,0.04148538534,0.01116658681,-0.01049478881,-0.02270012392,-0.0267053777,-0.02482182736],
				"inflationq": [0,-0.5392585754,-0.8107384477,-0.8357042232,-0.6974480947,-0.4818596182,-0.2577165334,-0.06983415034,0.06040160056,0.130285382,0.1493331104,0.1329582772,0.09740968945,0.05644115901,0.01968625518,-0.007595562283,-0.02386550466,-0.03020434347,-0.02913508527,-0.02361657741,-0.01633130329],
				"outputgap": [0,-1.269227167,-1.238305065,-0.8891689227,-0.4884837383,-0.1433742296,0.1005787899,0.2354079689,0.276687103,0.2516136352,0.1895818924,0.1158961398,0.04859287259,-0.002201015491,-0.0332011137,-0.04602491884,-0.04506396847,-0.03563382388,-0.02264202887,-0.009828430424,0.0004943602957],
				"output": [0,-1.269227167,-1.238305065,-0.8891689227,-0.4884837383,-0.1433742296,0.1005787899,0.2354079689,0.276687103,0.2516136352,0.1895818924,0.1158961398,0.04859287259,-0.002201015491,-0.0332011137,-0.04602491884,-0.04506396847,-0.03563382388,-0.02264202887,-0.009828430424,0.0004943602957],
				"inflationql": [0,0,-0.5392585754,-0.8107384477,-0.8357042232,-0.6974480947,-0.4818596182,-0.2577165334,-0.06983415034,0.06040160056,0.130285382,0.1493331104,0.1329582772,0.09740968945,0.05644115901,0.01968625518,-0.007595562283,-0.02386550466,-0.03020434347,-0.02913508527,-0.02361657741],
				"inflationql2": [0,0,0,-0.5392585754,-0.8107384477,-0.8357042232,-0.6974480947,-0.4818596182,-0.2577165334,-0.06983415034,0.06040160056,0.130285382,0.1493331104,0.1329582772,0.09740968945,0.05644115901,0.01968625518,-0.007595562283,-0.02386550466,-0.03020434347,-0.02913508527]
			}
		}
	}
}
