{
	"model": "NK_CGG99AL",
	"rule": "GR",
	"data": {
		"AC": {
			"x": [1,0.7846682644,0.3438639225,-0.02825857136,-0.1718880233,-0.1222897478,-0.01859396705,0.03655169375,0.02962442309,-0.003915904044,-0.02788716598,-0.03075119487,-0.02165246067,-0.01155609283,-0.00609695306,-0.005580923741,-0.009104453032,-0.01707259108,-0.02651960765,-0.03029039023,-0.02571356486],
			"i": [1,0.6006467692,0.1342548274,-0.1752723946,-0.4053058286,-0.2705705249,-0.01014244571,0.141911062,0.134392311,0.05292140761,-0.02306674551,-0.03813853717,-0.01344160278,0.0102295343,0.03211480494,0.02566381007,0.02154403572,0.01607204457,-0.003333979673,-0.001761197498,-0.002937850508],
			"pi": [1,0.1949781723,-0.2211765176,-0.2555910509,-0.09368819326,0.05918571212,0.09128936214,0.0453635132,-0.01744236183,-0.02614578141,-0.029005464,-0.002554020645,0.008252003382,-0.003476347289,0.005304514999,-0.00801511826,0.0008053270464,0.01109260557,-0.01708602045,-0.004463013805,-0.01451919939],
			"interest": [1,0.6006467692,0.1342548274,-0.1752723946,-0.4053058286,-0.2705705249,-0.01014244571,0.141911062,0.134392311,0.05292140761,-0.02306674551,-0.03813853717,-0.01344160278,0.0102295343,0.03211480494,0.02566381007,0.02154403572,0.01607204457,-0.003333979673,-0.001761197498,-0.002937850508],
			"inflation": [1,0.7079659778,0.2626110427,-0.09875643934,-0.2614731399,-0.1133518409,0.04625270223,0.09069480928,0.04391481522,-0.01496594624,-0.04568659516,-0.03757859451,-0.01898717385,-0.008468430482,0.001016357466,-0.003782142024,-0.005915134161,-0.009944257079,-0.0237537038,-0.0236966978,-0.02129968593],
			"inflationq": [1,0.1949781723,-0.2211765176,-0.2555910509,-0.09368819326,0.05918571212,0.09128936214,0.0453635132,-0.01744236183,-0.02614578141,-0.029005464,-0.002554020645,0.008252003382,-0.003476347289,0.005304514999,-0.00801511826,0.0008053270464,0.01109260557,-0.01708602045,-0.004463013805,-0.01451919939],
			"outputgap": [1,0.7846682644,0.3438639225,-0.02825857136,-0.1718880233,-0.1222897478,-0.01859396705,0.03655169375,0.02962442309,-0.003915904044,-0.02788716598,-0.03075119487,-0.02165246067,-0.01155609283,-0.00609695306,-0.005580923741,-0.009104453032,-0.01707259108,-0.02651960765,-0.03029039023,-0.02571356486],
			"output": [1,0.7846682644,0.3438639225,-0.02825857136,-0.1718880233,-0.1222897478,-0.01859396705,0.03655169375,0.02962442309,-0.003915904044,-0.02788716598,-0.03075119487,-0.02165246067,-0.01155609283,-0.00609695306,-0.005580923741,-0.009104453032,-0.01707259108,-0.02651960765,-0.03029039023,-0.02571356486],
			"inflationql": [1,0.1940748063,-0.221516713,-0.2542418256,-0.09209157087,0.05964186365,0.09094804215,0.0442251017,-0.01787499275,-0.02672932751,-0.02804193326,-0.00252875148,0.008032903114,-0.004192021529,0.005503036835,-0.008219663644,0.0002446902809,0.01097345281,-0.0161593533,-0.003074036692,-0.0133724954],
			"inflationql2": [1,0.1938322412,-0.2205502016,-0.2533975047,-0.09132030193,0.05941091006,0.09013560589,0.04306966007,-0.01808996765,-0.02643342305,-0.02729063817,-0.002575653998,0.007638210385,-0.00510552228,0.004425756,-0.008627200154,0.0004390511844,0.01237309038,-0.01551880638,-0.003166741055,-0.0126079552]
		},
		"VAR": {
			"x": 24.00843564,
			"i": 0.004295486149,
			"pi": 0.1863309393,
			"interest": 0.06872777838,
			"inflation": 0.7007424582,
			"inflationq": 2.981295029,
			"outputgap": 24.00843564,
			"output": 24.00843564,
			"inflationql": 2.970761543,
			"inflationql2": 2.962463885
		},
		"IRF": {
			"interest_": {
				"x": [0,-2.612841276,-1.530653391,0.1416390599,0.9450837557,0.7496448251,0.1562140364,-0.2566432544,-0.3041342951,-0.1293102543,0.04705783156,0.1084567288,0.06940960418,0.003460959134,-0.03324930219,-0.0305449665,-0.008979012809,0.008311845968,0.01202914781,0.006219341827,-0.0007457148589],
				"i": [0,0.1672439752,0.03404540813,-0.02009727391,-0.03220122059,-0.01752766384,0.0008740500284,0.009003785669,0.006392346277,-0.0001292491133,-0.004414571831,-0.004714876067,-0.002731277502,-0.0008532079961,-0.0002615192553,-0.0007294758884,-0.001442762201,-0.001814270781,-0.001761225103,-0.001519058193,-0.001335118662],
				"pi": [0,-0.1231796998,-0.1165165527,-0.03888290543,0.0263575557,0.04260039879,0.02261466505,-0.003188686172,-0.01509134828,-0.0119056472,-0.002916777921,0.003207206033,0.003812090412,0.001132663107,-0.001505585497,-0.00238980273,-0.001775408492,-0.0007799262486,-0.0002382373457,-0.0002892168959,-0.0006164144862],
				"interest": [0,0.668975901,0.1361816325,-0.08038909565,-0.1288048824,-0.07011065535,0.003496200113,0.03601514268,0.02556938511,-0.0005169964531,-0.01765828732,-0.01885950427,-0.01092511001,-0.003412831985,-0.001046077021,-0.002917903554,-0.005771048803,-0.007257083125,-0.007044900413,-0.00607623277,-0.005340474647],
				"inflation": [0,-0.1231796998,-0.2396962525,-0.2785791579,-0.2522216022,-0.08644150368,0.05268971411,0.08838393337,0.04693502939,-0.007571016609,-0.03310245958,-0.02670656737,-0.007803128679,0.005235181632,0.006646374055,0.001049365293,-0.004538133612,-0.006450722968,-0.005183374816,-0.003082788982,-0.001923794976],
				"inflationq": [0,-0.4927187991,-0.466066211,-0.1555316217,0.1054302228,0.1704015952,0.0904586602,-0.01275474469,-0.06036539314,-0.04762258881,-0.01166711168,0.01282882413,0.01524836165,0.00453065243,-0.006022341989,-0.00955921092,-0.007101633968,-0.003119704994,-0.0009529493826,-0.001156867584,-0.002465657945],
				"outputgap": [0,-2.612841276,-1.530653391,0.1416390599,0.9450837557,0.7496448251,0.1562140364,-0.2566432544,-0.3041342951,-0.1293102543,0.04705783156,0.1084567288,0.06940960418,0.003460959134,-0.03324930219,-0.0305449665,-0.008979012809,0.008311845968,0.01202914781,0.006219341827,-0.0007457148589],
				"output": [0,-2.612841276,-1.530653391,0.1416390599,0.9450837557,0.7496448251,0.1562140364,-0.2566432544,-0.3041342951,-0.1293102543,0.04705783156,0.1084567288,0.06940960418,0.003460959134,-0.03324930219,-0.0305449665,-0.008979012809,0.008311845968,0.01202914781,0.006219341827,-0.0007457148589],
				"inflationql": [0,0,-0.4927187991,-0.466066211,-0.1555316217,0.1054302228,0.1704015952,0.0904586602,-0.01275474469,-0.06036539314,-0.04762258881,-0.01166711168,0.01282882413,0.01524836165,0.00453065243,-0.006022341989,-0.00955921092,-0.007101633968,-0.003119704994,-0.0009529493826,-0.001156867584],
				"inflationql2": [0,0,0,-0.4927187991,-0.466066211,-0.1555316217,0.1054302228,0.1704015952,0.0904586602,-0.01275474469,-0.06036539314,-0.04762258881,-0.01166711168,0.01282882413,0.01524836165,0.00453065243,-0.006022341989,-0.00955921092,-0.007101633968,-0.003119704994,-0.0009529493826]
			}
		}
	}
}
