{
	"model": "NK_CGG02AL",
	"rule": "LWW",
	"data": {
		"AC": {
			"ytilde": [1,0.1812026792,0.1051545028,0.05078430282,0.0490172184,0.04160232466,0.04355107662,0.04160231279,0.03022596551,0.03257470664,0.05009365009,0.04564459336,0.02459768215,0.03436814899,0.02821219679,0.03371274359,0.02440140343,0.02518020191,0.01851565915,0.03273724499,0.01351488507],
			"ybar": [1,0.5268594125,0.4408066672,0.3630368231,0.3088350454,0.2730749366,0.232552087,0.2061274053,0.1743036319,0.1543988981,0.1433916968,0.1178918071,0.09348567079,0.08116663321,0.07365416907,0.06498180271,0.05271153791,0.03888858445,0.03307616345,0.03619555844,0.01666348275],
			"y": [1,0.4424724022,0.3646205821,0.293382781,0.2508083859,0.223986896,0.1915095497,0.1710182751,0.1433828985,0.1282449655,0.1229471008,0.09985597002,0.07614255052,0.06780509569,0.06160180308,0.05566367823,0.04450859729,0.03276822336,0.02738427559,0.03352008418,0.01207370911],
			"infl": [1,0.5610921424,0.4152322186,0.3353853674,0.2825632383,0.2483321767,0.2207531699,0.1971483445,0.1732688638,0.1664189947,0.1678337093,0.1590724179,0.1401128495,0.13873532,0.1223390888,0.115067224,0.09943883343,0.09472448915,0.08767805294,0.08810145709,0.07598893083],
			"r": [1,0.5896400261,0.5607514425,0.5287776967,0.4884988319,0.4439844418,0.4053204828,0.3730285575,0.3373540116,0.3094327276,0.2938337983,0.2667835188,0.236537446,0.2221071894,0.2036955078,0.1914376063,0.1763643243,0.1646712574,0.1518987872,0.1491650238,0.1337678935],
			"rr": [1,0.09209968982,0.07374516442,0.01750734731,0.03530333112,0.02776810467,0.03651594653,0.03429199815,0.02187367108,0.02404682323,0.03881187863,0.02914318127,0.01087164781,0.01352697385,0.01864167875,0.01977398754,0.0144691909,0.01219160204,0.01018130152,0.01934523335,0.003608609019],
			"u": [1,-0.02365436507,-0.02327842184,0.001822665914,-0.004882872582,-0.01346401046,-0.008185284727,-0.01119108215,-0.01156284302,-0.001739915683,0.02125500777,0.003672385422,-0.000727686906,-0.01289489094,0.0116250203,0.01619613825,-0.01512244223,0.001427171772,0.004479767914,-0.005358364776,0.002248800557],
			"a": [1,0.8883855759,0.7874084163,0.696561913,0.6126774448,0.5373152171,0.470567048,0.4142386362,0.3620369684,0.3186225351,0.2824839469,0.2489154385,0.2177875138,0.1906213047,0.1681733893,0.1452013139,0.1231623216,0.1046821596,0.08847169346,0.07365546283,0.06203214574],
			"ytildestar": [1,0.1319920042,0.06584278172,0.007505619665,-0.005319488199,0.0016003456,-0.005187003458,0.004285109758,-0.003936761465,-0.002978736785,0.01579821524,0.004430694773,-0.01658365644,-0.007171326964,-0.004747157266,-0.001677861409,-0.01112105992,-0.01473230942,-0.01750475883,0.00388406484,-0.01926262652],
			"ybarstar": [1,0.6758218375,0.5855027664,0.5032588553,0.4398050545,0.3848211725,0.3351533123,0.2924609261,0.25147056,0.2228710787,0.198851531,0.1698016598,0.1408068479,0.1206096597,0.1027978543,0.08890693159,0.07541978934,0.06088474284,0.05223969052,0.04944048379,0.03480021723],
			"ystar": [1,0.3495570237,0.2737990208,0.2051217937,0.1720728148,0.1509449797,0.1263340318,0.1119659463,0.08938645451,0.08082641426,0.08140756115,0.06193810624,0.03692184991,0.03491576595,0.02953785885,0.02638691901,0.01690799462,0.007973760659,0.003694081576,0.0159138839,-0.005327226013],
			"infstar": [1,0.04866145102,0.01642292485,0.01570807225,0.01128883995,0.009479894863,0.03625443095,0.02432264597,0.01971003059,0.02549943573,0.01373916816,0.0285944149,0.0154169958,0.01262033752,0.02500480899,0.02001400029,0.0170078879,0.03181248999,0.01524580668,0.01056664806,0.0317944468],
			"rstar": [1,0.2153368923,0.1842889753,0.1624090422,0.1354007152,0.1323860099,0.1162636693,0.1153173427,0.1005230595,0.09602817703,0.1079209498,0.09917119048,0.07851923398,0.07095771335,0.07844324661,0.08475717692,0.08658328241,0.08551730228,0.0808465842,0.08030736056,0.05860364652],
			"rrstar": [1,0.1787151904,0.1563539737,0.1115834216,0.1136478151,0.1142083845,0.1091123533,0.1043619759,0.08997770045,0.08230292638,0.09020919967,0.08616186205,0.05862443871,0.06264216519,0.06833912683,0.06920577825,0.06065750974,0.05936390433,0.05127175402,0.06190451717,0.03820094033],
			"ustar": [1,-0.002907853969,-0.01404308125,-0.007066078361,-0.006916149719,-0.01013130154,0.0102519868,-0.002293146544,-0.0067141875,-0.005808566482,-0.01041085351,0.007545230365,-0.0006062458677,-0.01253861846,0.001355636858,-0.01477529934,-0.01244707692,-0.001115891395,-0.007224237446,-0.009101854273,0.009950448369],
			"astar": [1,0.8891651308,0.7902353746,0.7033122811,0.6247976035,0.5531597387,0.4892324163,0.4312816578,0.3806987035,0.3361732689,0.2968976805,0.2618255986,0.2288919318,0.1958660552,0.1672058545,0.1466126106,0.1267286154,0.1100212228,0.09487662026,0.08125042573,0.07055580029],
			"interest": [1,0.5896400261,0.5607514425,0.5287776967,0.4884988319,0.4439844418,0.4053204828,0.3730285575,0.3373540116,0.3094327276,0.2938337983,0.2667835188,0.236537446,0.2221071894,0.2036955078,0.1914376063,0.1763643243,0.1646712574,0.1518987872,0.1491650238,0.1337678935],
			"inflation": [1,0.9166244571,0.7802514661,0.6279515878,0.4880383034,0.4119994613,0.3599492654,0.3212600633,0.291133475,0.2690341069,0.2546537062,0.242885658,0.2300805189,0.2146095836,0.1956162725,0.1771643393,0.1613379835,0.1486578596,0.1382458631,0.1291010548,0.1208547974],
			"inflationq": [1,0.5610921424,0.4152322186,0.3353853674,0.2825632383,0.2483321767,0.2207531699,0.1971483445,0.1732688638,0.1664189947,0.1678337093,0.1590724179,0.1401128495,0.13873532,0.1223390888,0.115067224,0.09943883343,0.09472448915,0.08767805294,0.08810145709,0.07598893083],
			"outputgap": [1,0.1812026792,0.1051545028,0.05078430282,0.0490172184,0.04160232466,0.04355107662,0.04160231279,0.03022596551,0.03257470664,0.05009365009,0.04564459336,0.02459768215,0.03436814899,0.02821219679,0.03371274359,0.02440140343,0.02518020191,0.01851565915,0.03273724499,0.01351488507],
			"output": [1,0.4424724022,0.3646205821,0.293382781,0.2508083859,0.223986896,0.1915095497,0.1710182751,0.1433828985,0.1282449655,0.1229471008,0.09985597002,0.07614255052,0.06780509569,0.06160180308,0.05566367823,0.04450859729,0.03276822336,0.02738427559,0.03352008418,0.01207370911],
			"inflationql": [1,0.5590077571,0.4083249305,0.3309147353,0.277041245,0.2466693473,0.2201846061,0.1939041433,0.171627943,0.1617828262,0.1642086059,0.1593557423,0.1407883452,0.1391016306,0.1205070287,0.1129494688,0.09666672775,0.09092266681,0.08501868872,0.08694451763,0.07554993077],
			"inflationql2": [1,0.5584508816,0.4091850544,0.3232047361,0.2729119554,0.2442378684,0.2183294066,0.1933140962,0.1677971163,0.1588614781,0.1612858738,0.1584429586,0.1417808495,0.137660473,0.1191661256,0.1086612846,0.09188738772,0.08780121627,0.08230373878,0.08521752426,0.07523491853],
			"inflationqls": [1,0.8056373411,0.5407378553,0.4239048213,0.3556611971,0.3126984034,0.2778570824,0.2450277097,0.218761298,0.2050271438,0.202356975,0.1961603875,0.1838860988,0.1704361486,0.1546835014,0.1377049559,0.1224978146,0.1121982573,0.1082166123,0.1048041131,0.09487959161],
			"infstarl": [1,0.04726006623,0.01545270754,0.01361092437,0.01084835854,0.0101978146,0.03580244163,0.02447672615,0.01864205963,0.02330771488,0.01334513135,0.02746469627,0.01625088911,0.01237472691,0.0242659705,0.01643241449,0.01448853473,0.03086854498,0.01434935818,0.008816144125,0.03089137685],
			"infstarl2": [1,0.04665832483,0.01423384598,0.01146115994,0.009944771109,0.01008517358,0.03713990124,0.02359905802,0.01820622813,0.02117971927,0.01328027311,0.02498340958,0.01509208677,0.011891534,0.02394687764,0.01507274152,0.01228548267,0.02928537722,0.01247875569,0.008983840499,0.03078106663]
		},
		"VAR": {
			"ytilde": 0.0009643572115,
			"ybar": 0.04562213945,
			"y": 0.05242412695,
			"infl": 0.0006065273404,
			"r": 0.003081043482,
			"rr": 0.02171598561,
			"u": 6.965848411e-14,
			"a": 0.04910587146,
			"ytildestar": 0.01966879305,
			"ybarstar": 0.03949567487,
			"ystar": 0.08446324532,
			"infstar": 0.01454171253,
			"rstar": 0.03111342974,