{
	"model": "NK_CGG99AL",
	"rule": "Model",
	"data": {
		"AC": {
			"x": [1,0.7462098945,0.367349634,0.0804963714,-0.04356596493,-0.05600873638,-0.03171037983,-0.01015045209,-0.003893725762,-0.006952973564,-0.01628281887,-0.02185145826,-0.02076241529,-0.01701631961,-0.01286133496,-0.01159802502,-0.011506293,-0.01345512032,-0.02245214491,-0.02645207447,-0.02305905596],
			"i": [1,0.6443655705,0.1795204402,-0.09441570644,-0.1375866846,-0.07573593789,-0.01700550643,0.01028957855,0.008846844986,0.0009304242898,-0.01356511028,-0.0180527466,-0.01469738732,-0.0117145032,-0.002490225439,-0.001768847811,-0.0005306131635,-0.002493847866,-0.01632452019,-0.01936405227,-0.02074008644],
			"pi": [1,0.4391561687,0.07988950285,-0.07053879446,-0.07820915132,-0.03911370799,-0.01278958965,-0.00323849365,-0.008641083956,-0.003720083177,-0.01557783313,-0.01149880126,-0.009793977412,-0.01468113346,-0.003315299624,-0.01043244173,-0.006458201825,-0.002720341773,-0.02323606478,-0.01454300555,-0.01923528614],
			"interest": [1,0.6443655705,0.1795204402,-0.09441570644,-0.1375866846,-0.07573593789,-0.01700550643,0.01028957855,0.008846844986,0.0009304242898,-0.01356511028,-0.0180527466,-0.01469738732,-0.0117145032,-0.002490225439,-0.001768847811,-0.0005306131635,-0.002493847866,-0.01632452019,-0.01936405227,-0.02074008644],
			"inflation": [1,0.8411066882,0.5370742524,0.2198082158,-0.01275578471,-0.07595715679,-0.06362464963,-0.03816518478,-0.02390090853,-0.02030026338,-0.02380424401,-0.02565761966,-0.02629430141,-0.02594647232,-0.02176184467,-0.02205229145,-0.02261190984,-0.02527527385,-0.03128314965,-0.03023183283,-0.02536720521],
			"inflationq": [1,0.4391561687,0.07988950285,-0.07053879446,-0.07820915132,-0.03911370799,-0.01278958965,-0.00323849365,-0.008641083956,-0.003720083177,-0.01557783313,-0.01149880126,-0.009793977412,-0.01468113346,-0.003315299624,-0.01043244173,-0.006458201825,-0.002720341773,-0.02323606478,-0.01454300555,-0.01923528614],
			"outputgap": [1,0.7462098945,0.367349634,0.0804963714,-0.04356596493,-0.05600873638,-0.03171037983,-0.01015045209,-0.003893725762,-0.006952973564,-0.01628281887,-0.02185145826,-0.02076241529,-0.01701631961,-0.01286133496,-0.01159802502,-0.011506293,-0.01345512032,-0.02245214491,-0.02645207447,-0.02305905596],
			"output": [1,0.7462098945,0.367349634,0.0804963714,-0.04356596493,-0.05600873638,-0.03171037983,-0.01015045209,-0.003893725762,-0.006952973564,-0.01628281887,-0.02185145826,-0.02076241529,-0.01701631961,-0.01286133496,-0.01159802502,-0.011506293,-0.01345512032,-0.02245214491,-0.02645207447,-0.02305905596],
			"inflationql": [1,0.4385032961,0.08021996522,-0.06997435365,-0.07811561642,-0.03922352878,-0.01311530795,-0.003785373462,-0.009325781052,-0.004233672274,-0.01562349805,-0.0117507533,-0.01021970184,-0.01487164294,-0.003453542986,-0.01050082414,-0.006709187882,-0.002362596151,-0.02225785854,-0.01324598407,-0.01826921875],
			"inflationql2": [1,0.4385175929,0.08023611573,-0.07006232416,-0.07763452452,-0.03930956632,-0.01308772794,-0.004117808021,-0.008917155177,-0.004473733859,-0.01591859859,-0.01285274303,-0.01114557918,-0.01596158757,-0.003632500472,-0.01066989959,-0.006932004522,-0.001588289327,-0.0212303633,-0.01279509926,-0.01767889679]
		},
		"VAR": {
			"x": 9.25678267,
			"i": 0.03010203457,
			"pi": 0.3605734789,
			"interest": 0.4816325531,
			"inflation": 2.44968109,
			"inflationq": 5.769175662,
			"outputgap": 9.25678267,
			"output": 9.25678267,
			"inflationql": 5.75590097,
			"inflationql2": 5.741961023
		},
		"IRF": {
			"interest_": {
				"x": [0,-3.888817937,-2.956512809,-0.7793707697,0.687295192,1.051205924,0.7263275555,0.2469780336,-0.07229566336,-0.1699889572,-0.1258749177,-0.04271708353,0.01648145754,0.03638794325,0.02961478743,0.01463710994,0.003433809257,-0.0006648842214,0.0003152754866,0.0030254456,0.005178475717],
				"i": [0,0.07318894347,-0.0659608425,-0.09350372462,-0.06029724538,-0.01743707719,0.008537299628,0.01450211273,0.008903981483,0.001038977813,-0.003972188737,-0.005309791702,-0.004410002857,-0.002982252156,-0.002020708838,-0.001726591779,-0.001861190529,-0.002112530187,-0.002289170513,-0.002344989902,-0.002319014534],
				"pi": [0,-0.2425616718,-0.2886889839,-0.1939872687,-0.07042814499,0.01167166568,0.03867742103,0.03000660061,0.01073220999,-0.00347211107,-0.008456016709,-0.006985429816,-0.003426324087,-0.0006911321598,0.0003609268663,0.0001777156393,-0.0004464127741,-0.0009544402439,-0.001163012868,-0.001139176326,-0.001025202069],
				"interest": [0,0.2927557739,-0.26384337,-0.3740148985,-0.2411889815,-0.06974830877,0.03414919851,0.05800845092,0.03561592593,0.004155911252,-0.01588875495,-0.02123916681,-0.01764001143,-0.01192900862,-0.008082835352,-0.006906367115,-0.007444762118,-0.008450120749,-0.009156682051,-0.009379959609,-0.009276058135],
				"inflation": [0,-0.2425616718,-0.5312506557,-0.7252379244,-0.7956660694,-0.5414327319,-0.214066327,0.009927542322,0.09108789731,0.07594412056,0.02881068282,-0.008181347604,-0.02233988168,-0.01955890277,-0.0107419592,-0.003578813741,-0.0005989024284,-0.0008622105125,-0.002386150247,-0.003703042212,-0.004281831507],
				"inflationq": [0,-0.9702466871,-1.154755936,-0.7759490747,-0.28171258,0.04668666272,0.1547096841,0.1200264024,0.04292883996,-0.01388844428,-0.03382406684,-0.02794171927,-0.01370529635,-0.002764528639,0.001443707465,0.000710862557,-0.001785651096,-0.003817760976,-0.004652051474,-0.004556705303,-0.004100808277],
				"outputgap": [0,-3.888817937,-2.956512809,-0.7793707697,0.687295192,1.051205924,0.7263275555,0.2469780336,-0.07229566336,-0.1699889572,-0.1258749177,-0.04271708353,0.01648145754,0.03638794325,0.02961478743,0.01463710994,0.003433809257,-0.0006648842214,0.0003152754866,0.0030254456,0.005178475717],
				"output": [0,-3.888817937,-2.956512809,-0.7793707697,0.687295192,1.051205924,0.7263275555,0.2469780336,-0.07229566336,-0.1699889572,-0.1258749177,-0.04271708353,0.01648145754,0.03638794325,0.02961478743,0.01463710994,0.003433809257,-0.0006648842214,0.0003152754866,0.0030254456,0.005178475717],
				"inflationql": [0,0,-0.9702466871,-1.154755936,-0.7759490747,-0.28171258,0.04668666272,0.1547096841,0.1200264024,0.04292883996,-0.01388844428,-0.03382406684,-0.02794171927,-0.01370529635,-0.002764528639,0.001443707465,0.000710862557,-0.001785651096,-0.003817760976,-0.004652051474,-0.004556705303],
				"inflationql2": [0,0,0,-0.9702466871,-1.154755936,-0.7759490747,-0.28171258,0.04668666272,0.1547096841,0.1200264024,0.04292883996,-0.01388844428,-0.03382406684,-0.02794171927,-0.01370529635,-0.002764528639,0.001443707465,0.000710862557,-0.001785651096,-0.003817760976,-0.004652051474]
			}
		}
	}
}
