{
	"model": "NK_CGG99",
	"rule": "GR",
	"data": {
		"AC": {
			"x": [1,0.7777359724,0.3188600753,-0.06887458193,-0.212930984,-0.1455086393,-0.01403792338,0.06411211529,0.06294068953,0.02101086653,-0.0147208496,-0.02375100444,-0.01288186417,0.001262738467,0.007834417922,0.006129130797,0.001212785927,-0.002155801009,-0.002502911492,-0.001041229812,0.0004071741762],
			"i": [1,0.5927172097,0.09587702229,-0.2431195814,-0.4882767339,-0.3460657504,-0.05548392034,0.1305509904,0.1416386743,0.05432852425,-0.02704945542,-0.05187429827,-0.03080612153,0.0004427648417,0.01650203108,0.01407006359,0.003559850738,-0.00427653255,-0.005568906474,-0.002588813697,0.0006701250199],
			"pi": [1,0.1943583098,-0.2332926034,-0.2771159627,-0.1122077698,0.04904472473,0.1015007973,0.0623691143,0.0009598477776,-0.03179781027,-0.02805960082,-0.007680904038,0.008024588662,0.01097343971,0.005311681489,-0.001138066371,-0.003765498034,-0.002667968539,-0.0003420541875,0.001099486602,0.001131856475],
			"interest": [1,0.5927172097,0.09587702229,-0.2431195814,-0.4882767339,-0.3460657504,-0.05548392034,0.1305509904,0.1416386743,0.05432852425,-0.02704945542,-0.05187429827,-0.03080612153,0.0004427648417,0.01650203108,0.01407006359,0.003559850738,-0.00427653255,-0.005568906474,-0.002588813697,0.0006701250199],
			"inflation": [1,0.6976667293,0.227670999,-0.1513172896,-0.309861162,-0.1353092237,0.05676798641,0.1226191382,0.07714569028,0.002830122532,-0.03788330636,-0.0343067481,-0.00990982758,0.009361754088,0.01329858991,0.006627190797,-0.001214520953,-0.004520058064,-0.003281916984,-0.0004793415484,0.00130173419],
			"inflationq": [1,0.1943583098,-0.2332926034,-0.2771159627,-0.1122077698,0.04904472473,0.1015007973,0.0623691143,0.0009598477776,-0.03179781027,-0.02805960082,-0.007680904038,0.008024588662,0.01097343971,0.005311681489,-0.001138066371,-0.003765498034,-0.002667968539,-0.0003420541875,0.001099486602,0.001131856475],
			"outputgap": [1,0.7777359724,0.3188600753,-0.06887458193,-0.212930984,-0.1455086393,-0.01403792338,0.06411211529,0.06294068953,0.02101086653,-0.0147208496,-0.02375100444,-0.01288186417,0.001262738467,0.007834417922,0.006129130797,0.001212785927,-0.002155801009,-0.002502911492,-0.001041229812,0.0004071741762],
			"AUX_ENDO_LEAD_71": [1,0.2873687938,-0.2547721734,-0.3668865453,-0.183724863,0.03294156092,0.1247234242,0.09086787991,0.0134965426,-0.03584637051,-0.03812835761,-0.01428898684,0.007565733914,0.01403323784,0.008203583241,-0.0002327013461,-0.004493948879,-0.003772996366,-0.0009186039529,0.001177982937,0.001501548614],
			"AUX_ENDO_LEAD_75": [1,0.6238974104,0.004195103599,-0.3257285835,-0.2851379395,-0.07683380989,0.08256920348,0.1117539245,0.05364992911,-0.01197562644,-0.03844962426,-0.02705709614,-0.003331861168,0.01126919039,0.01150991256,0.00407898347,-0.002487096569,-0.004289684349,-0.00241642383,0.000150215417,0.001394506566],
			"AUX_ENDO_LEAD_79": [1,0.340471089,-0.2325002483,-0.3806005128,-0.208416025,0.01846407375,0.1250392438,0.09870416988,0.02012002657,-0.03420672352,-0.04017299989,-0.01691893197,0.006356241628,0.01436104981,0.009120516183,0.0003904550775,-0.004433637938,-0.004046774549,-0.001187433907,0.001088243385,0.001564431516],
			"AUX_ENDO_LEAD_106": [1,0.6634041187,0.1638236475,-0.1804314527,-0.2366493023,-0.1094920622,0.02919056065,0.08264499555,0.05636530573,0.005611213371,-0.0246277601,-0.02427978813,-0.008156699271,0.005634535628,0.009151002914,0.004982759546,-0.0004695974752,-0.003014060822,-0.002366479837,-0.0004739309452,0.000827448805],
			"AUX_ENDO_LEAD_110": [1,0.4397941478,-0.1048403937,-0.3127698249,-0.2144056758,-0.0217727319,0.09339923199,0.09235712096,0.0311786825,-0.02130062164,-0.03477360092,-0.01899213269,0.001734410586,0.01144021,0.009007357864,0.001820625118,-0.003134952304,-0.003669541413,-0.001539996619,0.0005853137318,0.001313027443],
			"AUX_ENDO_LEAD_114": [1,0.1931743737,-0.3433093683,-0.3958548577,-0.1628412871,0.06612362558,0.1425382223,0.08894226558,0.002505840513,-0.04436428719,-0.03976003045,-0.01124636971,0.01105638626,0.01546650864,0.007619372082,-0.001488932216,-0.005277010114,-0.003794364009,-0.0005274096475,0.001528197495,0.001600386986],
			"AUX_ENDO_LAG_2_1": [1,0.1943583098,-0.2332926034,-0.2771159627,-0.1122077698,0.04904472473,0.1015007973,0.0623691143,0.0009598477776,-0.03179781027,-0.02805960082,-0.007680904038,0.008024588662,0.01097343971,0.005311681489,-0.001138066371,-0.003765498034,-0.002667968539,-0.0003420541875,0.001099486602,0.001131856475],
			"AUX_ENDO_LAG_2_2": [1,0.1943583098,-0.2332926034,-0.2771159627,-0.1122077698,0.04904472473,0.1015007973,0.0623691143,0.0009598477776,-0.03179781027,-0.02805960082,-0.007680904038,0.008024588662,0.01097343971,0.005311681489,-0.001138066371,-0.003765498034,-0.002667968539,-0.0003420541875,0.001099486602,0.001131856475],
			"AUX_ENDO_LAG_6_1": [1,0.7777359724,0.3188600753,-0.06887458193,-0.212930984,-0.1455086393,-0.01403792338,0.06411211529,0.06294068953,0.02101086653,-0.0147208496,-0.02375100444,-0.01288186417,0.001262738467,0.007834417922,0.006129130797,0.001212785927,-0.002155801009,-0.002502911492,-0.001041229812,0.0004071741762],
			"AUX_ENDO_LAG_6_2": [1,0.7777359724,0.3188600753,-0.06887458193,-0.212930984,-0.1455086393,-0.01403792338,0.06411211529,0.06294068953,0.02101086653,-0.0147208496,-0.02375100444,-0.01288186417,0.001262738467,0.007834417922,0.006129130797,0.001212785927,-0.002155801009,-0.002502911492,-0.001041229812,0.0004071741762],
			"AUX_ENDO_LAG_6_3": [1,0.7777359724,0.3188600753,-0.06887458193,-0.212930984,-0.1455086393,-0.01403792338,0.06411211529,0.06294068953,0.02101086653,-0.0147208496,-0.02375100444,-0.01288186417,0.001262738467,0.007834417922,0.006129130797,0.001212785927,-0.002155801009,-0.002502911492,-0.001041229812,0.0004071741762],
			"AUX_ENDO_LAG_3_1": [1,0.5927172097,0.09587702229,-0.2431195814,-0.4882767339,-0.3460657504,-0.05548392034,0.1305509904,0.1416386743,0.05432852425,-0.02704945542,-0.05187429827,-0.03080612153,0.0004427648417,0.01650203108,0.01407006359,0.003559850738,-0.00427653255,-0.005568906474,-0.002588813697,0.0006701250199],
			"AUX_ENDO_LAG_3_2": [1,0.5927172097,0.09587702229,-0.2431195814,-0.4882767339,-0.3460657504,-0.05548392034,0.1305509904,0.1416386743,0.05432852425,-0.02704945542,-0.05187429827,-0.03080612153,0.0004427648417,0.01650203108,0.01407006359,0.003559850738,-0.00427653255,-0.005568906474,-0.002588813697,0.0006701250199],
			"AUX_ENDO_LAG_3_3": [1,0.5927172097,0.09587702229,-0.2431195814,-0.4882767339,-0.3460657504,-0.05548392034,0.1305509904,0.1416386743,0.05432852425,-0.02704945542,-0.05187429827,-0.03080612153,0.0004427648417,0.01650203108,0.01407006359,0.003559850738,-0.00427653255,-0.005568906474,-0.002588813697,0.0006701250199],
			"AUX_ENDO_LAG_5_1": [1,0.1943583098,-0.2332926034,-0.2771159627,-0.1122077698,0.04904472473,0.1015007973,0.0623691143,0.0009598477776,-0.03179781027,-0.02805960082,-0.007680904038,0.008024588662,0.01097343971,0.005311681489,-0.001138066371,-0.003765498034,-0.002667968539,-0.0003420541875,0.001099486602,0.001131856475],
			"AUX_ENDO_LAG_5_2": [1,0.1943583098,-0.2332926034,-0.2771159627,-0.1122077698,0.04904472473,0.1015007973,0.0623691143,0.0009598477776,-0.03179781027,-0.02805960082,-0.007680904038,0.008024588662,0.01097343971,0.005311681489,-0.001138066371,-0.003765498034,-0.002667968539,-0.0003420541875,0.001099486602,0.001131856475],
			"AUX_ENDO_LAG_5_3": [1,0.1943583098,-0.2332926034,-0.2771159627,-0.1122077698,0.04904472473,0.1015007973,0.0623691143,0.0009598477776,-0.03179781027,-0.02805960082,-0.007680904038,0.008024588662,0.01097343971,0.005311681489,-0.001138066371,-0.003765498034,-0.002667968539,-0.0003420541875,0.001099486602,0.001131856475]
		},
		"VAR": {
			"x": 24.48620192,
			"i": 0.004120335248,
			"pi": 0.1903240736,
			"interest": 0.06592536396,
			"inflation": 0.7001542138,
			"inflationq": 3.045185178,
			"outputgap": 24.48620192,
			"AUX_ENDO_LEAD_71": 0.4640418663,
			"AUX_ENDO_LEAD_75": 0.3824897936,