{
	"model": "NK_CGG02AL",
	"rule": "Model",
	"data": {
		"AC": {
			"ytilde": [1,0.2092266033,0.2282129929,0.181558405,0.183367468,0.1753034247,0.1643569874,0.1628740439,0.1500628513,0.1458709822,0.1464990509,0.1392290625,0.1151911526,0.1265547535,0.111162926,0.1134350415,0.1125181832,0.1013748683,0.1006136556,0.1087955643,0.07359229911],
			"ybar": [1,0.4168570302,0.37354917,0.3165894668,0.2694517158,0.2450448209,0.2049197463,0.1832138505,0.1518598963,0.1362097469,0.12755458,0.1056929962,0.08474745062,0.07180394922,0.06929031399,0.06280139198,0.05902768531,0.04301387564,0.03873438026,0.04418974541,0.02036104266],
			"y": [1,0.3148021732,0.2845036118,0.2354798396,0.1981273237,0.1836672474,0.1517204956,0.1373142971,0.1110260951,0.1003202088,0.09916336194,0.07844500845,0.05916541595,0.05190958811,0.05166822755,0.0477643961,0.04660656018,0.03117687747,0.02911546237,0.037468234,0.01092447005],
			"infl": [1,0.7078629435,0.6622753774,0.5842927423,0.5409276211,0.4961080255,0.4633859049,0.4295552973,0.3982077403,0.3789999764,0.3505991425,0.3334822643,0.3097233068,0.2968924978,0.2694662855,0.2580880147,0.2392513611,0.2254738237,0.2062529201,0.2002498969,0.1808082591],
			"r": [1,0.7078629435,0.6622753774,0.5842927423,0.5409276211,0.4961080255,0.4633859049,0.4295552973,0.3982077403,0.3789999764,0.3505991425,0.3334822643,0.3097233068,0.2968924978,0.2694662855,0.2580880147,0.2392513611,0.2254738237,0.2062529201,0.2002498969,0.1808082591],
			"rr": [1,0.06340733126,0.08089027639,0.04449334138,0.05870654915,0.05262723514,0.050198001,0.05547548401,0.0415118597,0.0421542281,0.05108667864,0.0465088091,0.02430569036,0.03552123827,0.0312910776,0.03160405677,0.03692373803,0.02469377972,0.02439166164,0.04117701367,0.006639167886],
			"u": [1,-0.02068587176,-0.02030247068,0.0002006089031,-0.005846304684,-0.006404136016,-0.01123588807,-0.01239824524,-0.009036681139,-0.0004468097782,0.02403097845,0.006678684012,-0.003228644816,-0.01195713792,0.009424303836,0.01778072121,-0.01447205889,0.0002898809159,-0.000629903161,0.0007662743002,-0.0007898313705],
			"a": [1,0.8839637259,0.7828689196,0.6939906595,0.6110855996,0.5373417409,0.4708792369,0.4134553306,0.3601001971,0.3157808988,0.2786482248,0.2446002163,0.212945728,0.1841940978,0.1604086503,0.1363258518,0.1126363577,0.09411779517,0.07665293909,0.06266425571,0.05056760975],
			"ytildestar": [1,0.05280330797,0.07201801534,0.04859355766,0.04543594461,0.0640586325,0.05116935683,0.06161471347,0.04802338898,0.05217108439,0.06395585348,0.05464081274,0.03577984194,0.04222657285,0.04173086192,0.04568771178,0.04903455452,0.04417024015,0.04048650861,0.05732419046,0.0270184024],
			"ybarstar": [1,0.573221294,0.5042077203,0.4349493049,0.3751351967,0.3288700391,0.2829731157,0.2451024708,0.2084603511,0.1853458495,0.1661776429,0.14105796,0.1156617194,0.09904229395,0.08822882646,0.07887952135,0.07389168874,0.05527283563,0.04945162691,0.04930316739,0.03247719196],
			"ystar": [1,0.2238545753,0.2069216266,0.1673019217,0.1406952939,0.1338937305,0.1094019002,0.1001867833,0.07774037166,0.07497954602,0.07692243849,0.0613162359,0.03984907108,0.03939188782,0.03874146773,0.03957446656,0.04262016206,0.02918045185,0.0263432373,0.03870838798,0.01242151843],
			"infstar": [1,0.1964592183,0.1966829887,0.192498889,0.1593427624,0.1473805514,0.1440021542,0.126626423,0.1147800844,0.1063021837,0.09898379645,0.1013784674,0.08230988987,0.07371288012,0.08075439954,0.07382248472,0.05827960541,0.06574891669,0.05491063074,0.04834491514,0.06667626827],
			"rstar": [1,0.170483594,0.1534389684,0.1573675213,0.1351327308,0.1228149594,0.1208922246,0.09697231151,0.09108309265,0.09566933562,0.09485433682,0.08497330379,0.07362266262,0.06476449056,0.0710779831,0.06891127447,0.04730024686,0.04582618164,0.04756667665,0.04445690305,0.05784235169],
			"rrstar": [1,0.1748527297,0.186776799,0.1496790513,0.1529711601,0.1502501875,0.1472913008,0.1461084153,0.1352142016,0.1273826697,0.1346319624,0.1317665528,0.1059902913,0.1137456067,0.1101004594,0.1090396516,0.1042828427,0.1027447312,0.09294588956,0.1074836618,0.07368648681],
			"ustar": [1,-0.004514915112,-0.01369441273,-0.005029441845,-0.001232358218,-0.00667553379,0.01018334874,-0.006453782574,0.0002970618126,-0.005941986881,-0.009420364104,0.01001857095,0.000617802209,-0.0101255884,0.002897334349,-0.01050875724,-0.01338575957,0.003133068945,-0.003174650733,-0.008709887498,0.007735566148],
			"astar": [1,0.8745546414,0.7669861105,0.6770575642,0.5961593531,0.5244483946,0.4614108827,0.4049353384,0.3569446273,0.3160968201,0.2780061167,0.2446852632,0.2141236781,0.1836281458,0.1568795475,0.1388978112,0.1225960365,0.1070204948,0.092658423,0.08028270958,0.07048096162],
			"interest": [1,0.7078629435,0.6622753774,0.5842927423,0.5409276211,0.4961080255,0.4633859049,0.4295552973,0.3982077403,0.3789999764,0.3505991425,0.3334822643,0.3097233068,0.2968924978,0.2694662855,0.2580880147,0.2392513611,0.2254738237,0.2062529201,0.2002498969,0.1808082591],
			"inflation": [1,0.9156431507,0.8329439206,0.742133238,0.6616868514,0.6012187063,0.5470982922,0.5009788174,0.4614090155,0.4286507536,0.3966525171,0.367952757,0.342845795,0.3159881804,0.2886417998,0.2657546718,0.2470925426,0.229846299,0.2122795341,0.1977151887,0.1833472933],
			"inflationq": [1,0.7078629435,0.6622753774,0.5842927423,0.5409276211,0.4961080255,0.4633859049,0.4295552973,0.3982077403,0.3789999764,0.3505991425,0.3334822643,0.3097233068,0.2968924978,0.2694662855,0.2580880147,0.2392513611,0.2254738237,0.2062529201,0.2002498969,0.1808082591],
			"outputgap": [1,0.2092266033,0.2282129929,0.181558405,0.183367468,0.1753034247,0.1643569874,0.1628740439,0.1500628513,0.1458709822,0.1464990509,0.1392290625,0.1151911526,0.1265547535,0.111162926,0.1134350415,0.1125181832,0.1013748683,0.1006136556,0.1087955643,0.07359229911],
			"output": [1,0.3148021732,0.2845036118,0.2354798396,0.1981273237,0.1836672474,0.1517204956,0.1373142971,0.1110260951,0.1003202088,0.09916336194,0.07844500845,0.05916541595,0.05190958811,0.05166822755,0.0477643961,0.04660656018,0.03117687747,0.02911546237,0.037468234,0.01092447005],
			"inflationql": [1,0.7707509668,0.6576892796,0.5902426827,0.530223303,0.4863832217,0.4489538999,0.4096779089,0.3723171588,0.3525449886,0.3284049983,0.2995343752,0.2806723765,0.264881441,0.2400503899,0.2173141906,0.2051221076,0.1892263022,0.1699935368,0.1616296133,0.149001984],
			"inflationql2": [1,0.7862644728,0.6787967182,0.5919659182,0.5282775181,0.4788755985,0.4371827838,0.3952314572,0.3641275988,0.3379351983,0.3159516395,0.2950173452,0.2644633614,0.2465035216,0.2234771247,0.2009315264,0.1859314404,0.1719404277,0.1540776717,0.1467483306,0.136086232],
			"inflationqls": [1,0.8857399023,0.7406170771,0.6516620929,0.5864184465,0.5341536711,0.4870493779,0.4443061471,0.4073532749,0.379963039,0.3542660549,0.3266902801,0.3020683029,0.2803207861,0.2546602146,0.2319370892,0.2148732269,0.1989649991,0.1819403569,0.1685789619,0.1582763475],
			"infstarl": [1,0.1939111158,0.1814004343,0.1749584944,0.1446417569,0.1322530332,0.1303034239,0.1087799891,0.09816506624,0.09152448913,0.08078882062,0.08664021015,0.06699296222,0.05758518293,0.06307966414,0.05834280405,0.0460417336,0.05559019251,0.04486474357,0.03448271703,0.05687987848],
			"infstarl2": [1,0.1884474422,0.1783703944,0.1720022139,0.1357909119,0.1255658105,0.1226481723,0.1002048007,0.09347436581,0.07995470628,0.07625329623,0.07915687025,0.05970062619,0.04998015095,0.05661186289,0.05239844075,0.03964301416,0.04988518529,0.03968561351,0.02811429,0.04978523993]
		},
		"VAR": {
			"ytilde": 0.001897233025,
			"ybar": 0.04807266103,
			"y": 0.05850236184,
			"infl": 0.004355020277,
			"r": 0.009798795624,
			"rr": 0.03069771195,
			"u": 6.518235698e-14,
			"a": 0.04527629397,
			"ytildestar": 0.02370772062,
			"ybarstar": 0.03953764568,
			"ystar": 0.09422067573,
			"infstar": 0.01846069462,
			"rstar": 0.04931273832,
			"rrstar": 0.02019076747,
			"ustar": 0.01407887869,
			"astar": 0.05701325258,
			"interest": 0.009798795624,