{
	"model": "NK_CGG99",
	"rule": "Taylor",
	"data": {
		"AC": {
			"x": [1,0.8097219654,0.4153743347,0.06005595653,-0.1036588312,-0.1057686133,-0.04843724324,-0.001041030587,0.01670407698,0.01395399692,0.005288989969,-0.0007572838659,-0.002531908916,-0.001783491054,-0.0005321775493,0.000213684118,0.0003665064375,0.0002204630251,4.638852415e-05,-4.21785597e-05,-5.109021636e-05],
			"i": [1,0.3339413385,0.03669347756,0.000364081982,-0.2841777926,-0.1974677877,-0.06170189105,0.02191769706,0.04010701592,0.02466450845,0.005513512852,-0.004455503634,-0.005619115041,-0.002952700666,-0.0003638743983,0.0007741270028,0.0007610403222,0.0003380621907,-9.84022745e-07,-0.0001232926894,-9.985324021e-05],
			"pi": [1,0.3618765542,-0.02854546025,-0.1592433776,-0.118476309,-0.03867086177,0.01150701189,0.02336343635,0.01482003854,0.003579938939,-0.002460164526,-0.003296721109,-0.001788095857,-0.000258799456,0.0004375487672,0.0004494037028,0.0002067254886,5.186075794e-06,-7.068943512e-05,-5.933404874e-05,-2.261201446e-05],
			"interest": [1,0.3339413385,0.03669347756,0.000364081982,-0.2841777926,-0.1974677877,-0.06170189105,0.02191769706,0.04010701592,0.02466450845,0.005513512852,-0.004455503634,-0.005619115041,-0.002952700666,-0.0003638743983,0.0007741270028,0.0007610403222,0.0003380621907,-9.84022745e-07,-0.0001232926894,-9.985324021e-05],
			"inflation": [1,0.8050956477,0.4495826389,0.1010491262,-0.1248538002,-0.1326243112,-0.0632333312,-0.003255750996,0.0202552155,0.01764400514,0.007001286473,-0.0007025765561,-0.003107876975,-0.002271448437,-0.0007200841036,0.0002377631705,0.0004541631513,0.0002829838546,6.544279342e-05,-4.934533138e-05,-6.381931501e-05],
			"inflationq": [1,0.3618765542,-0.02854546025,-0.1592433776,-0.118476309,-0.03867086177,0.01150701189,0.02336343635,0.01482003854,0.003579938939,-0.002460164526,-0.003296721109,-0.001788095857,-0.000258799456,0.0004375487672,0.0004494037028,0.0002067254886,5.186075794e-06,-7.068943512e-05,-5.933404874e-05,-2.261201446e-05],
			"outputgap": [1,0.8097219654,0.4153743347,0.06005595653,-0.1036588312,-0.1057686133,-0.04843724324,-0.001041030587,0.01670407698,0.01395399692,0.005288989969,-0.0007572838659,-0.002531908916,-0.001783491054,-0.0005321775493,0.000213684118,0.0003665064375,0.0002204630251,4.638852415e-05,-4.21785597e-05,-5.109021636e-05],
			"AUX_ENDO_LEAD_71": [1,0.1353070979,-0.264749571,-0.2626735951,-0.1177574153,-0.0005104739627,0.04225019197,0.03452542446,0.01275265266,-0.00214478305,-0.006364011815,-0.004395402087,-0.00126656787,0.0005631821372,0.000916669092,0.0005409875021,0.0001075592703,-0.0001085985313,-0.000127239525,-6.406828465e-05,-5.969638943e-06],
			"AUX_ENDO_LEAD_75": [1,0.5343007825,0.07266485035,-0.1346282481,-0.1357410626,-0.06154799861,-0.0008405947502,0.02161796026,0.01787522065,0.00669559931,-0.001034830987,-0.003267161969,-0.002280523824,-0.0006697452935,0.0002819658869,0.0004718505391,0.0002813434642,5.770069864e-05,-5.504357217e-05,-6.564547136e-05,-3.341090648e-05],
			"AUX_ENDO_LEAD_79": [1,0.6143254508,0.1373030733,-0.1110374832,-0.1399940952,-0.07355184427,-0.009056135165,0.01929000164,0.01895990711,0.008420719265,-2.571211294e-05,-0.003072047792,-0.002487581456,-0.000908734873,0.0001627449396,0.0004615452683,0.0003161658709,8.973763705e-05,-4.162209375e-05,-6.634497811e-05,-3.884256765e-05],
			"AUX_ENDO_LEAD_106": [1,0.7636683923,0.3399054299,-0.0105538779,-0.1304839499,-0.1023862754,-0.03591883511,0.007901980527,0.01943763745,0.01293528882,0.003470542698,-0.001866165256,-0.002774291788,-0.001578704692,-0.0002779067489,0.0003461482988,0.0003820385668,0.0001850903713,1.20104648e-05,-5.730347795e-05,-5.092695294e-05],
			"AUX_ENDO_LEAD_110": [1,0.5886619318,0.09783896985,-0.1315063467,-0.1426176918,-0.06823208482,-0.003786118208,0.02164635776,0.01896550841,0.007571482107,-0.0007179854025,-0.003327002118,-0.002443966001,-0.0007809053873,0.0002508385927,0.0004868284725,0.0003047958361,7.133522969e-05,-5.245939642e-05,-6.848541934e-05,-3.665550439e-05],
			"AUX_ENDO_LEAD_114": [1,0.2937848032,-0.119076748,-0.2037882876,-0.1224199792,-0.02566870627,0.02349551133,0.02839729864,0.01456743812,0.001550685011,-0.004017975983,-0.003827601805,-0.001655130087,4.163085545e-05,0.0006335538136,0.0004998551939,0.0001767112893,-3.748936461e-05,-9.449986943e-05,-6.322373673e-05,-1.714604028e-05],
			"AUX_ENDO_LAG_2_1": [1,0.3618765542,-0.02854546025,-0.1592433776,-0.118476309,-0.03867086177,0.01150701189,0.02336343635,0.01482003854,0.003579938939,-0.002460164526,-0.003296721109,-0.001788095857,-0.000258799456,0.0004375487672,0.0004494037028,0.0002067254886,5.186075794e-06,-7.068943512e-05,-5.933404874e-05,-2.261201446e-05],
			"AUX_ENDO_LAG_2_2": [1,0.3618765542,-0.02854546025,-0.1592433776,-0.118476309,-0.03867086177,0.01150701189,0.02336343635,0.01482003854,0.003579938939,-0.002460164526,-0.003296721109,-0.001788095857,-0.000258799456,0.0004375487672,0.0004494037028,0.0002067254886,5.186075794e-06,-7.068943512e-05,-5.933404874e-05,-2.261201446e-05],
			"AUX_ENDO_LAG_6_1": [1,0.8097219654,0.4153743347,0.06005595653,-0.1036588312,-0.1057686133,-0.04843724324,-0.001041030587,0.01670407698,0.01395399692,0.005288989969,-0.0007572838659,-0.002531908916,-0.001783491054,-0.0005321775493,0.000213684118,0.0003665064375,0.0002204630251,4.638852415e-05,-4.21785597e-05,-5.109021636e-05],
			"AUX_ENDO_LAG_6_2": [1,0.8097219654,0.4153743347,0.06005595653,-0.1036588312,-0.1057686133,-0.04843724324,-0.001041030587,0.01670407698,0.01395399692,0.005288989969,-0.0007572838659,-0.002531908916,-0.001783491054,-0.0005321775493,0.000213684118,0.0003665064375,0.0002204630251,4.638852415e-05,-4.21785597e-05,-5.109021636e-05],
			"AUX_ENDO_LAG_6_3": [1,0.8097219654,0.4153743347,0.06005595653,-0.1036588312,-0.1057686133,-0.04843724324,-0.001041030587,0.01670407698,0.01395399692,0.005288989969,-0.0007572838659,-0.002531908916,-0.001783491054,-0.0005321775493,0.000213684118,0.0003665064375,0.0002204630251,4.638852415e-05,-4.21785597e-05,-5.109021636e-05],
			"AUX_ENDO_LAG_3_1": [1,0.3339413385,0.03669347756,0.000364081982,-0.2841777926,-0.1974677877,-0.06170189105,0.02191769706,0.04010701592,0.02466450845,0.005513512852,-0.004455503634,-0.005619115041,-0.002952700666,-0.0003638743983,0.0007741270028,0.0007610403222,0.0003380621907,-9.84022745e-07,-0.0001232926894,-9.985324021e-05],
			"AUX_ENDO_LAG_3_2": [1,0.3339413385,0.03669347756,0.000364081982,-0.2841777926,-0.1974677877,-0.06170189105,0.02191769706,0.04010701592,0.02466450845,0.005513512852,-0.004455503634,-0.005619115041,-0.002952700666,-0.0003638743983,0.0007741270028,0.0007610403222,0.0003380621907,-9.84022745e-07,-0.0001232926894,-9.985324021e-05],
			"AUX_ENDO_LAG_3_3": [1,0.3339413385,0.03669347756,0.000364081982,-0.2841777926,-0.1974677877,-0.06170189105,0.02191769706,0.04010701592,0.02466450845,0.005513512852,-0.004455503634,-0.005619115041,-0.002952700666,-0.0003638743983,0.0007741270028,0.0007610403222,0.0003380621907,-9.84022745e-07,-0.0001232926894,-9.985324021e-05],
			"AUX_ENDO_LAG_5_1": [1,0.3618765542,-0.02854546025,-0.1592433776,-0.118476309,-0.03867086177,0.01150701189,0.02336343635,0.01482003854,0.003579938939,-0.002460164526,-0.003296721109,-0.001788095857,-0.000258799456,0.0004375487672,0.0004494037028,0.0002067254886,5.186075794e-06,-7.068943512e-05,-5.933404874e-05,-2.261201446e-05],
			"AUX_ENDO_LAG_5_2": [1,0.3618765542,-0.02854546025,-0.1592433776,-0.118476309,-0.03867086177,0.01150701189,0.02336343635,0.01482003854,0.003579938939,-0.002460164526,-0.003296721109,-0.001788095857,-0.000258799456,0.0004375487672,0.0004494037028,0.0002067254886,5.186075794e-06,-7.068943512e-05,-5.933404874e-05,-2.261201446e-05],