{
	"model": "NK_CGG02AL",
	"rule": "Taylor",
	"data": {
		"AC": {
			"ytilde": [1,0.1147131983,0.1162963303,0.1027157015,0.1385838313,0.1254304438,0.1308201895,0.1125029253,0.0986228506,0.0986367238,0.1119395193,0.09477101191,0.0897365025,0.08564567995,0.07258700636,0.08680450521,0.07961936906,0.07278224875,0.07172223611,0.07682065604,0.0594610004],
			"ybar": [1,0.433240182,0.3885945473,0.3369765008,0.2944410259,0.262498822,0.2222018294,0.1988304954,0.1654299755,0.150180492,0.1402519332,0.1202223392,0.09179319732,0.07964904946,0.07589572352,0.06694394938,0.05604929278,0.04127850613,0.03845382307,0.03999804007,0.01891550664],
			"y": [1,0.3240837002,0.2971930853,0.2553805228,0.2299557127,0.2058713263,0.172288929,0.1558947342,0.1252795617,0.115394368,0.1133890238,0.09700017002,0.06897212369,0.06230403321,0.05855493952,0.05535614493,0.04541764111,0.03131597848,0.02958417752,0.03443698363,0.01130092443],
			"infl": [1,0.6619350841,0.5912659391,0.5501733253,0.5025622977,0.4569614375,0.4399433041,0.3929964346,0.3630363896,0.3419145932,0.3160821855,0.2834172191,0.2743192918,0.2491878633,0.2270679357,0.2191314575,0.2014409724,0.1883421871,0.1795698277,0.1635710255,0.1576649619],
			"r": [1,0.8061610974,0.7486411702,0.6870119733,0.5942915791,0.5437081533,0.5075424085,0.4608645746,0.422623567,0.3909535774,0.3593127795,0.3256436678,0.3058644991,0.2773239966,0.2523993261,0.2378757215,0.2200386855,0.2031331126,0.1909927496,0.1753970676,0.1645354144],
			"rr": [1,0.05987140302,0.07466813321,0.01510300614,0.07358936602,0.05844500306,0.06608648653,0.05575192863,0.04439245532,0.04613415106,0.05890897502,0.05202387368,0.03347693225,0.03844317907,0.03588386676,0.04424323333,0.03700223611,0.03258595131,0.03143598924,0.0386554293,0.01889226053],
			"u": [1,-0.01962293842,-0.02194950073,0.0004817314024,-0.007945394131,-0.01156305054,-0.01175031671,-0.0142941476,-0.006273606726,-0.00192259919,0.02232686145,0.009448793073,-0.0003400938603,-0.01354010625,0.01025319868,0.02145562352,-0.01048688667,-0.004857473742,0.00431629117,-0.002490460014,-0.001291506531],
			"a": [1,0.885712297,0.7845176659,0.6943779583,0.6111004385,0.5359946477,0.4695239985,0.4132409145,0.3597636281,0.3161059795,0.2796750373,0.2467968441,0.2150044584,0.1877491758,0.1647692988,0.1400123087,0.1170594918,0.09749189584,0.07974706661,0.0645211191,0.05326952526],
			"ytildestar": [1,0.01739264287,0.02878671973,0.02916114818,0.03124300108,0.03897691834,0.03513143583,0.04435646001,0.0279475888,0.02874438456,0.0441442388,0.0355893252,0.01445753749,0.02242968309,0.02463030843,0.02680213562,0.02090498329,0.02275263407,0.02214310855,0.03604725143,0.006637527926],
			"ybarstar": [1,0.5971685319,0.5311235616,0.4632068823,0.4085971098,0.3567372748,0.3087070106,0.269087106,0.2294036622,0.2063065304,0.185924427,0.1624158512,0.1325140765,0.1131118841,0.09967408425,0.0875919869,0.07475284901,0.05577541008,0.04941354153,0.04775301244,0.0330351646],
			"ystar": [1,0.2217840176,0.2059362897,0.1778368828,0.1596768711,0.1422096405,0.119944136,0.1092930999,0.08324110712,0.07935405149,0.08126665735,0.06931348037,0.0415180956,0.04039618883,0.03938135886,0.03837716908,0.03163571995,0.02105530578,0.01998310635,0.02998118634,0.005408842178],
			"infstar": [1,-0.003920624842,0.06432126135,0.1146035877,0.1061897012,0.08580524773,0.1004058543,0.07745539559,0.06609102484,0.06969431666,0.05981933936,0.07081762374,0.05117778255,0.04352342578,0.0555606043,0.04353774636,0.03341791923,0.04863715084,0.02940619486,0.02010706308,0.04855682902],
			"rstar": [1,0.2655753916,0.2064353204,0.2025105933,0.1145084668,0.1238386663,0.1094340871,0.09591171019,0.09542820954,0.09772751338,0.08761778578,0.08601322472,0.07448700727,0.0577610883,0.05739113189,0.06461158875,0.05600867391,0.04923970648,0.04950557708,0.04517776529,0.03339561101],
			"rrstar": [1,0.1381997326,0.131144478,0.1145836357,0.1312036849,0.1213584754,0.1191342827,0.1219909045,0.1013515795,0.0935596091,0.1003072896,0.10360106,0.07330689534,0.07810406781,0.07680138001,0.08074035966,0.07268153647,0.07002140027,0.06329359602,0.07525422799,0.04660166299],
			"ustar": [1,-0.001371283799,-0.01369146578,-0.005281448735,-0.005473755366,-0.005795046892,0.007075495789,-0.00625137608,-0.004038179506,-0.00826561134,-0.01116796337,0.0092871132,-4.629731739e-05,-0.009177134002,0.003892695704,-0.01214654175,-0.01209798715,0.002543413204,-0.000668749344,-0.01112626875,0.003530250709],
			"astar": [1,0.8789235141,0.7737704215,0.6842502328,0.6046424421,0.5327862217,0.4693044223,0.4132822153,0.3646284644,0.3224169301,0.2853429649,0.2515931006,0.2208656629,0.1888805432,0.1603234975,0.1400917982,0.120180073,0.103813459,0.08903999755,0.07597678309,0.06695824209],
			"interest": [1,0.8061610974,0.7486411702,0.6870119733,0.5942915791,0.5437081533,0.5075424085,0.4608645746,0.422623567,0.3909535774,0.3593127795,0.3256436678,0.3058644991,0.2773239966,0.2523993261,0.2378757215,0.2200386855,0.2031331126,0.1909927496,0.1753970676,0.1645354144],
			"inflation": [1,0.9228807587,0.8397443497,0.7549306158,0.6642658016,0.603822327,0.5568754568,0.5061877373,0.4637119746,0.426519479,0.3885782808,0.355019393,0.3297075429,0.2989081739,0.2739701998,0.2524255757,0.231660831,0.2143664743,0.1977814479,0.1795302281,0.1680602698],
			"inflationq": [1,0.6619350841,0.5912659391,0.5501733253,0.5025622977,0.4569614375,0.4399433041,0.3929964346,0.3630363896,0.3419145932,0.3160821855,0.2834172191,0.2743192918,0.2491878633,0.2270679357,0.2191314575,0.2014409724,0.1883421871,0.1795698277,0.1635710255,0.1576649619],
			"outputgap": [1,0.1147131983,0.1162963303,0.1027157015,0.1385838313,0.1254304438,0.1308201895,0.1125029253,0.0986228506,0.0986367238,0.1119395193,0.09477101191,0.0897365025,0.08564567995,0.07258700636,0.08680450521,0.07961936906,0.07278224875,0.07172223611,0.07682065604,0.0594610004],
			"output": [1,0.3240837002,0.2971930853,0.2553805228,0.2299557127,0.2058713263,0.172288929,0.1558947342,0.1252795617,0.115394368,0.1133890238,0.09700017002,0.06897212369,0.06230403321,0.05855493952,0.05535614493,0.04541764111,0.03131597848,0.02958417752,0.03443698363,0.01130092443],
			"inflationql": [1,0.6991411011,0.5974600561,0.54572027,0.4957781963,0.4532818962,0.4220646256,0.3809115586,0.3435042184,0.3214556747,0.292470661,0.2718182842,0.2473261011,0.2267316699,0.2076430076,0.1907555879,0.1733295566,0.162049277,0.1445972288,0.1345542371,0.1259949927],
			"inflationql2": [1,0.7190511444,0.6178007659,0.5425405395,0.4957536334,0.4479856412,0.4085564651,0.372667509,0.3331072382,0.3049426198,0.2826273169,0.2591304842,0.2309735811,0.2129510546,0.1890372606,0.1748480578,0.1560116934,0.1433850466,0.1257607932,0.1162739821,0.107168908],
			"inflationqls": [1,0.8694109217,0.7076029557,0.6307929627,0.5719410842,0.5225160648,0.4790614706,0.435168353,0.3944246034,0.3619332876,0.3327351408,0.305207456,0.2785654057,0.2527844939,0.2315788014,0.2100152634,0.1920936463,0.1770022812,0.1595075779,0.145477584,0.1360796659],
			"infstarl": [1,-0.01138927438,0.05692066972,0.1019673801,0.09686731659,0.07632864411,0.08530107569,0.0651750629,0.05523127855,0.05722893859,0.04933964379,0.06040717786,0.04069323322,0.03333442302,0.04519412637,0.03428095586,0.02161032994,0.03959566625,0.02403077562,0.01441201904,0.0412164815],
			"infstarl2": [1,-0.01383544546,0.05444732047,0.09676216627,0.08947657652,0.07009385748,0.07602420381,0.05931555508,0.04894112524,0.0509084091,0.04403707057,0.05634731178,0.03478090514,0.0252413737,0.03781263686,0.02877808122,0.01685778912,0.03252985025,0.01845435622,0.0133642944,0.0364062665]
		},
		"VAR": {
			"ytilde": 0.00154859137,
			"ybar": 0.04448595198,
			"y": 0.05285944542,
			"infl": 0.001809854436,
			"r": 0.003778892284,
			"rr": 0.02910964952,
			"u": 6.540526105e-14,
			"a": 0.04609418647,
			"ytildestar": 0.02058850222,
			"ybarstar": 0.03729227397,
			"ystar": 0.08403746476,
			"infstar": 0.01309724742,
			"rstar": 0.02169020577,
			"rrstar": 0.01849196236,
			"ustar": 0.01406797131,
			"astar": 0.0577746612,