{
	"model": "NK_CGG99",
	"rule": "LWW",
	"data": {
		"AC": {
			"x": [1,0.8532778381,0.5442993315,0.1983263881,-0.07544891486,-0.2307099371,-0.2694424102,-0.2235331537,-0.1355666741,-0.0437906724,0.02635054516,0.06426886429,0.07164805078,0.0575735659,0.03347870075,0.00929876406,-0.008594011971,-0.01777586091,-0.0189822534,-0.01477492523,-0.008210975289],
			"i": [1,0.6124750826,0.1995540311,-0.09921394963,-0.2832946531,-0.3287832056,-0.2718662651,-0.1642148988,-0.0523473077,0.03287875107,0.07872604334,0.08738124338,0.06999603891,0.04052723431,0.01106409132,-0.01066830504,-0.02176014497,-0.02314232856,-0.0179563143,-0.009932495454,-0.002199320514],
			"pi": [1,0.5114657877,0.08350228155,-0.2098670339,-0.3420975963,-0.336864183,-0.2451690996,-0.1222649248,-0.01164783591,0.06210531272,0.09295491787,0.08829297527,0.06215731529,0.02915167777,0.0004114518901,-0.01806510271,-0.02513613192,-0.02306310747,-0.01568955439,-0.006862111106,0.0005794297174],
			"interest": [1,0.6124750826,0.1995540311,-0.09921394963,-0.2832946531,-0.3287832056,-0.2718662651,-0.1642148988,-0.0523473077,0.03287875107,0.07872604334,0.08738124338,0.06999603891,0.04052723431,0.01106409132,-0.01066830504,-0.02176014497,-0.02314232856,-0.0179563143,-0.009932495454,-0.002199320514],
			"inflation": [1,0.8078069334,0.3908326687,-0.07320848651,-0.4214073323,-0.5300915508,-0.4601581263,-0.29473727,-0.1117087148,0.03456743535,0.1189906836,0.1417408429,0.1191075266,0.07340432782,0.02494286505,-0.01257177032,-0.03325124963,-0.03774744389,-0.03072127784,-0.0181735757,-0.005387725734],
			"inflationq": [1,0.5114657877,0.08350228155,-0.2098670339,-0.3420975963,-0.336864183,-0.2451690996,-0.1222649248,-0.01164783591,0.06210531272,0.09295491787,0.08829297527,0.06215731529,0.02915167777,0.0004114518901,-0.01806510271,-0.02513613192,-0.02306310747,-0.01568955439,-0.006862111106,0.0005794297174],
			"outputgap": [1,0.8532778381,0.5442993315,0.1983263881,-0.07544891486,-0.2307099371,-0.2694424102,-0.2235331537,-0.1355666741,-0.0437906724,0.02635054516,0.06426886429,0.07164805078,0.0575735659,0.03347870075,0.00929876406,-0.008594011971,-0.01777586091,-0.0189822534,-0.01477492523,-0.008210975289],
			"AUX_ENDO_LEAD_71": [1,0.548361114,0.1183816399,-0.1871992396,-0.333377499,-0.3393674832,-0.2541915095,-0.133087891,-0.02078313961,0.05644449903,0.09099937197,0.08921843459,0.06468138708,0.03203549174,0.002768865483,-0.01666239088,-0.02471147659,-0.02337492606,-0.01639029426,-0.007627641948,-2.673942192e-05],
			"AUX_ENDO_LEAD_75": [1,0.8095906636,0.4755971011,0.1374040096,-0.1147800192,-0.2458548316,-0.2651493135,-0.2079417543,-0.1168431948,-0.02797588482,0.03615865857,0.06766563486,0.07005630965,0.05321099053,0.02848935868,0.005217364544,-0.01102471611,-0.01851407486,-0.01844514459,-0.01356358802,-0.006886411121],
			"AUX_ENDO_LEAD_79": [1,0.8539466492,0.5366128188,0.1930588802,-0.07714839125,-0.2296118467,-0.2668363437,-0.2206458891,-0.1332568154,-0.04245563141,0.02671242186,0.06391385855,0.07092797165,0.05680900962,0.03288623369,0.008971666717,-0.008665718512,-0.01766553431,-0.01878451929,-0.01457318521,-0.008059584189],
			"AUX_ENDO_LEAD_106": [1,0.8848925038,0.5980866675,0.2600255531,-0.02399942962,-0.1992070561,-0.2589391302,-0.2292047,-0.1500884045,-0.06016024637,0.01309312023,0.05647744523,0.06939351242,0.05944908052,0.0375019621,0.01363955018,-0.005188720163,-0.01586155468,-0.01852292988,-0.01536598411,-0.009318348009],
			"AUX_ENDO_LEAD_110": [1,0.8345682424,0.5146199711,0.1756858931,-0.0869540758,-0.2320028827,-0.2638606715,-0.2150205418,-0.1274133083,-0.03800523444,0.02910526524,0.06436410732,0.07001857222,0.05526912566,0.0313472467,0.007836874222,-0.00924456405,-0.01773724884,-0.0185133047,-0.01415392535,-0.007655661501],
			"AUX_ENDO_LEAD_114": [1,0.7224282202,0.3563582076,0.02902236974,-0.1877882733,-0.2771064875,-0.2615169025,-0.1829666431,-0.08477747075,0.0002119473353,0.0544753668,0.07486962717,0.06826851919,0.04614518516,0.01990334101,-0.002088456184,-0.01559627345,-0.02013913557,-0.01776082539,-0.01158275491,-0.004596443013],
			"AUX_ENDO_LAG_2_1": [1,0.5114657877,0.08350228155,-0.2098670339,-0.3420975963,-0.336864183,-0.2451690996,-0.1222649248,-0.01164783591,0.06210531272,0.09295491787,0.08829297527,0.06215731529,0.02915167777,0.0004114518901,-0.01806510271,-0.02513613192,-0.02306310747,-0.01568955439,-0.006862111106,0.0005794297174],
			"AUX_ENDO_LAG_2_2": [1,0.5114657877,0.08350228155,-0.2098670339,-0.3420975963,-0.336864183,-0.2451690996,-0.1222649248,-0.01164783591,0.06210531272,0.09295491787,0.08829297527,0.06215731529,0.02915167777,0.0004114518901,-0.01806510271,-0.02513613192,-0.02306310747,-0.01568955439,-0.006862111106,0.0005794297174],
			"AUX_ENDO_LAG_6_1": [1,0.8532778381,0.5442993315,0.1983263881,-0.07544891486,-0.2307099371,-0.2694424102,-0.2235331537,-0.1355666741,-0.0437906724,0.02635054516,0.06426886429,0.07164805078,0.0575735659,0.03347870075,0.00929876406,-0.008594011971,-0.01777586091,-0.0189822534,-0.01477492523,-0.008210975289],
			"AUX_ENDO_LAG_6_2": [1,0.8532778381,0.5442993315,0.1983263881,-0.07544891486,-0.2307099371,-0.2694424102,-0.2235331537,-0.1355666741,-0.0437906724,0.02635054516,0.06426886429,0.07164805078,0.0575735659,0.03347870075,0.00929876406,-0.008594011971,-0.01777586091,-0.0189822534,-0.01477492523,-0.008210975289],
			"AUX_ENDO_LAG_6_3": [1,0.8532778381,0.5442993315,0.1983263881,-0.07544891486,-0.2307099371,-0.2694424102,-0.2235331537,-0.1355666741,-0.0437906724,0.02635054516,0.06426886429,0.07164805078,0.0575735659,0.03347870075,0.00929876406,-0.008594011971,-0.01777586091,-0.0189822534,-0.01477492523,-0.008210975289],
			"AUX_ENDO_LAG_3_1": [1,0.6124750826,0.1995540311,-0.09921394963,-0.2832946531,-0.3287832056,-0.2718662651,-0.1642148988,-0.0523473077,0.03287875107,0.07872604334,0.08738124338,0.06999603891,0.04052723431,0.01106409132,-0.01066830504,-0.02176014497,-0.02314232856,-0.0179563143,-0.009932495454,-0.002199320514],
			"AUX_ENDO_LAG_3_2": [1,0.6124750826,0.1995540311,-0.09921394963,-0.2832946531,-0.3287832056,-0.2718662651,-0.1642148988,-0.0523473077,0.03287875107,0.07872604334,0.08738124338,0.06999603891,0.04052723431,0.01106409132,-0.01066830504,-0.02176014497,-0.02314232856,-0.0179563143,-0.009932495454,-0.002199320514],
			"AUX_ENDO_LAG_3_3": [1,0.6124750826,0.1995540311,-0.09921394963,-0.2832946531,-0.3287832056,-0.2718662651,-0.1642148988,-0.0523473077,0.03287875107,0.07872604334,0.08738124338,0.06999603891,0.04052723431,0.01106409132,-0.01066830504,-0.02176014497,-0.02314232856,-0.0179563143,-0.009932495454,-0.002199320514],
			"AUX_ENDO_LAG_5_1": [1,0.5114657877,0.08350228155,-0.2098670339,-0.3420975963,-0.336864183,-0.2451690996,-0.1222649248,-0.01164783591,0.06210531272,0.09295491787,0.08829297527,0.06215731529,0.02915167777,0.0004114518901,-0.01806510271,-0.02513613192,-0.02306310747,-0.01568955439,-0.006862111106,0.0005794297174],
			"AUX_ENDO_LAG_5_2": [1,0.5114657877,0.08350228155,-0.2098670339,-0.3420975963,-0.336864183,-0.2451690996,-0.1222649248,-0.01164783591,0.06210531272,0.09295491787,0.08829297527,0.06215731529,0.02915167777,0.0004114518901,-0.01806510271,-0.02513613192,-0.02306310747,-0.01568955439,-0.006862111106,0.0005794297174],
			"AUX_ENDO_LAG_5_3": [1,0.5114657877,0.08350228155,-0.2098670339,-0.3420975963,-0.336864183,-0.2451690996,-0.1222649248,-0.01164783591,0.06210531272,0.09295491787,0.08829297527,0.06215731529,0.02915167777,0.0004114518901,-0.01806510271,-0.02513613192,-0.02306310747,-0.01568955439,-0.006862111106,0.0005794297174]
		},
		"VAR": {
			"x": 8.850645186,
			"i": 0.1120279261,
			"pi": 0.4814588406,
			"interest": 1.792446818,
			"inflation": 3.362060682,
			"inflationq": 7.703341449,
			"outputgap": 8.850645186,
			"AUX_ENDO_LEAD_71": 2.959636584,
			"AUX_ENDO_LEAD_75": 1.82769283,
			"AUX_ENDO_LEAD_79": 1.809378205,
			"AUX_ENDO_LEAD_106": 8.698401073,
			"AUX_ENDO_LEAD_110": 8.422454325,
			"AUX_ENDO_LEAD_114": 6.790214122,
			"AUX_ENDO_LAG_2_1": 0.4814588406,