{
	"model": "NK_CGG02AL",
	"rule": "CMR",
	"data": {
		"AC": {
			"ytilde": [1,0.2914427573,0.21730152,0.1786909293,0.1803385619,0.1578734864,0.1515746646,0.141374901,0.1274798806,0.132773769,0.110682052,0.1138275498,0.1006844112,0.1002694048,0.1011700534,0.1057188537,0.08974077009,0.09310908866,0.09327898751,0.08997206848,0.08166217762],
			"ybar": [1,0.3731810055,0.2780787577,0.2145775824,0.1776245137,0.1577776359,0.1175352477,0.1158564715,0.0970527459,0.0880180312,0.07060884365,0.04950106723,0.03305856978,0.03595576863,0.02909056744,0.03026430588,0.01509262673,0.002468562163,0.001665212521,-0.001430767348,-0.01384086278],
			"y": [1,0.3101426456,0.2212301285,0.1589722614,0.1339291783,0.1162992077,0.07998818957,0.08337252104,0.06603667494,0.05987090709,0.046011291,0.02692990376,0.01415795231,0.02058173473,0.01434765463,0.01567608912,0.002189122804,-0.01183618479,-0.01074008744,-0.01058527224,-0.02355044321],
			"infl": [1,0.4188150467,0.3178079294,0.272644075,0.2556116014,0.2360199336,0.2308402408,0.2113929648,0.1976193026,0.2068378486,0.1861638408,0.1884521774,0.1722984896,0.1670375556,0.1639619185,0.1642823687,0.1464164637,0.1623688804,0.1587892232,0.1514293347,0.1448122706],
			"r": [1,0.709287387,0.6057941504,0.5301271567,0.4761776864,0.4309475706,0.394960094,0.3578923515,0.3239662425,0.2960167823,0.2711746103,0.2470913053,0.2262007443,0.2062644265,0.1882045275,0.1774605771,0.1661675093,0.1630560624,0.1571033276,0.1507443597,0.148628167],
			"rr": [1,0.1280373291,0.1031559474,0.0690734843,0.0855822048,0.06808965298,0.06200321416,0.06958367608,0.04730932223,0.05841633351,0.04899092556,0.04202511773,0.03738774794,0.03532249143,0.03879520903,0.04600237396,0.04050274338,0.02501086543,0.026207921,0.02505366679,0.01752648686],
			"u": [1,-0.01986108069,-0.02684535202,-0.00190110319,-0.01531525042,-0.008767174207,-0.01345335014,0.0004807060387,-0.01061069265,0.002610234118,0.02030709289,0.01614520816,0.003364525429,-0.03032484751,0.003989144795,0.02758222011,-0.0003412408468,-0.006787650725,-0.00745802402,-0.001050555861,-0.01258130352],
			"a": [1,0.8544561536,0.7380416918,0.6436059823,0.5583588761,0.4849286303,0.4229114917,0.3679403435,0.3113147774,0.2577919224,0.2148938176,0.1760363256,0.1440600662,0.125156718,0.1075621255,0.08914866542,0.0663401969,0.04873295651,0.03348567635,0.01731010718,0.008361227604],
			"ytildestar": [1,0.2496258587,0.1597364065,0.1141128223,0.0863298004,0.07602152977,0.04228625285,0.05408036012,0.04916136585,0.05128634754,0.04137500551,0.03969339211,0.02148239946,0.03387249276,0.03058688299,0.04202896499,0.03396159554,0.03287146139,0.02955230546,0.02644516587,0.01892226638],
			"ybarstar": [1,0.4680946685,0.3725127943,0.299665944,0.2570212749,0.2236971386,0.1850636631,0.1705298532,0.1401630209,0.1241063957,0.1016308465,0.07498348256,0.05761530764,0.05038455816,0.03737208431,0.03198071046,0.01980955672,0.001480238388,-0.003016386214,-0.001792878125,-0.01402679533],
			"ystar": [1,0.281491736,0.1913924583,0.1376132568,0.1097125311,0.0954307546,0.06105502985,0.06814553094,0.05575626284,0.05369309901,0.03972682307,0.02830477313,0.0121544172,0.01974637045,0.01366700393,0.01819711222,0.008773789347,-0.0006590870758,-0.001607710227,-0.0007786292021,-0.01162164985],
			"infstar": [1,0.3356344743,0.1957666635,0.1303599261,0.08172835024,0.05209215652,0.02180531966,0.02902493692,0.02565893552,0.02876544991,0.0007185614475,0.006779205637,-0.01508383044,-0.001462481211,0.00544687373,0.005392014245,0.0110682619,0.02661055218,0.008960274382,-0.008826310298,0.003993334616],
			"rstar": [1,0.5943744737,0.358645676,0.23645968,0.1720955348,0.127026835,0.08635831406,0.07464976953,0.0612853348,0.06492146262,0.04690845143,0.03817565645,0.01718027376,0.008056039263,-0.004514405431,-0.001859277882,-0.0006282286214,-0.0005801495239,0.006162394613,-0.005681601829,-0.02048194707],
			"rrstar": [1,0.197357499,0.1729044004,0.1480099887,0.1473134379,0.1453591382,0.1229900317,0.1349704452,0.1156380856,0.1198310876,0.1124729987,0.1083556711,0.09557301047,0.1041539064,0.1010510722,0.1071899035,0.1045491579,0.09850493811,0.08079725684,0.07772169388,0.06514907928],
			"ustar": [1,-0.002447836342,-0.01511836612,-0.0002695286435,0.002624263101,-0.003881745553,0.005762646692,-0.002529597229,-0.0005363975578,-0.000316949134,-0.01121202195,0.00350370477,-0.01181294391,-0.009300949392,0.009110472586,-0.00759876132,-0.009870367623,0.0003745014999,0.0008878328686,-0.01618554766,0.004465221033],
			"astar": [1,0.836558501,0.707850821,0.6098873213,0.5321407412,0.4671214681,0.4059923867,0.3485254251,0.3016981334,0.2683028764,0.2338187966,0.2030397416,0.1826464149,0.1532177158,0.1316079663,0.1176771909,0.1013627847,0.09144789978,0.07570140327,0.06648179927,0.0587369754],
			"interest": [1,0.709287387,0.6057941504,0.5301271567,0.4761776864,0.4309475706,0.394960094,0.3578923515,0.3239662425,0.2960167823,0.2711746103,0.2470913053,0.2262007443,0.2062644265,0.1882045275,0.1774605771,0.1661675093,0.1630560624,0.1571033276,0.1507443597,0.148628167],
			"inflation": [1,0.7827305703,0.6191408214,0.4791869501,0.3722680174,0.3276545929,0.3033228965,0.2809734079,0.2593645215,0.2424985752,0.2305929747,0.2204545491,0.2072159079,0.1949620337,0.1834031789,0.1797208453,0.1749381567,0.1830628167,0.1841246755,0.1811169064,0.1814262632],
			"inflationq": [1,0.4188150467,0.3178079294,0.272644075,0.2556116014,0.2360199336,0.2308402408,0.2113929648,0.1976193026,0.2068378486,0.1861638408,0.1884521774,0.1722984896,0.1670375556,0.1639619185,0.1642823687,0.1464164637,0.1623688804,0.1587892232,0.1514293347,0.1448122706],
			"outputgap": [1,0.2914427573,0.21730152,0.1786909293,0.1803385619,0.1578734864,0.1515746646,0.141374901,0.1274798806,0.132773769,0.110682052,0.1138275498,0.1006844112,0.1002694048,0.1011700534,0.1057188537,0.08974077009,0.09310908866,0.09327898751,0.08997206848,0.08166217762],
			"output": [1,0.3101426456,0.2212301285,0.1589722614,0.1339291783,0.1162992077,0.07998818957,0.08337252104,0.06603667494,0.05987090709,0.046011291,0.02692990376,0.01415795231,0.02058173473,0.01434765463,0.01567608912,0.002189122804,-0.01183618479,-0.01074008744,-0.01058527224,-0.02355044321],
			"inflationql": [1,0.4989974434,0.3129233261,0.2554244416,0.2123760217,0.2065089626,0.1911889145,0.1803805819,0.169649792,0.1611964011,0.1487829245,0.1409937164,0.1335601476,0.1332967025,0.118501768,0.1206330757,0.108068362,0.1215842365,0.125367082,0.1083661461,0.1161437478],
			"inflationql2": [1,0.5223251698,0.3416248685,0.2271310586,0.188215449,0.1820012423,0.1610670931,0.1551335763,0.1424293292,0.1301278267,0.1115595862,0.1122299982,0.1022155827,0.1090262331,0.09803490691,0.08770452694,0.07821426405,0.08844184687,0.09413968052,0.08875525325,0.08686942018],
			"inflationqls": [1,0.7235722415,0.4316084334,0.3121881573,0.2603481105,0.2394612096,0.2247580519,0.211662549,0.1959649735,0.1789758427,0.1660569193,0.1586117509,0.1508372974,0.146123033,0.1371339569,0.1269273305,0.1218093666,0.1312481164,0.1342535791,0.1299742208,0.1290852019],
			"infstarl": [1,0.3562691836,0.2005607498,0.1267448793,0.07503788729,0.04657971773,0.02414406537,0.02356642543,0.0168662507,0.02306752237,-0.001692864452,-0.0007014214438,-0.01869857717,-0.006128503035,-0.001934437432,0.004747380688,0.007924755783,0.01875938717,0.01045135479,-0.01480293378,0.001469058733],
			"infstarl2": [1,0.3605488856,0.201255396,0.125303017,0.07286018947,0.04684554755,0.01751306131,0.01734841335,0.01630184057,0.02053873065,-0.001655470994,-0.004232143969,-0.02102989265,-0.005963300211,9.726962311e-05,0.002441198065,0.004148308482,0.02528923898,0.01236522471,-0.01482168226,-0.0004662348479]
		},
		"VAR": {
			"ytilde": 0.003604868668,
			"ybar": 0.04967393113,
			"y": 0.06381731729,
			"infl": 0.003284406343,
			"r": 0.001483178677,
			"rr": 0.02813346361,
			"u": 4.101770169e-14,
			"a": 0.02735668169,
			"ytildestar": 0.03654486217,
			"ybarstar": 0.03286607591,
			"ystar": 0.1150790758,
			"infstar": 0.03196746838,
			"rstar": 0.006780911969,