{
	"model": "NK_CGG02AL",
	"rule": "Taylor",
	"data": {
		"AC": {
			"ytilde": [1,0.1147131982,0.1162963303,0.1027157014,0.1385838313,0.1254304438,0.1308201895,0.1125029254,0.09862285058,0.0986367238,0.1119395192,0.09477101191,0.08973650248,0.08564567991,0.07258700636,0.08680450521,0.07961936905,0.07278224872,0.07172223608,0.07682065598,0.05946100036],
			"ybar": [1,0.433240182,0.3885945474,0.3369765008,0.2944410259,0.262498822,0.2222018294,0.1988304954,0.1654299755,0.150180492,0.1402519332,0.1202223392,0.09179319731,0.07964904946,0.07589572354,0.06694394938,0.05604929277,0.04127850613,0.03845382308,0.03999804009,0.01891550665],
			"y": [1,0.3240837002,0.2971930853,0.2553805228,0.2299557127,0.2058713263,0.172288929,0.1558947342,0.1252795618,0.115394368,0.1133890238,0.09700017001,0.06897212368,0.06230403321,0.05855493953,0.05535614492,0.0454176411,0.03131597849,0.02958417753,0.03443698365,0.01130092444],
			"infl": [1,0.6619350842,0.5912659392,0.5501733253,0.5025622977,0.4569614377,0.4399433042,0.3929964347,0.3630363897,0.3419145933,0.3160821856,0.2834172193,0.2743192918,0.2491878633,0.2270679358,0.2191314576,0.2014409725,0.1883421871,0.1795698278,0.1635710255,0.1576649619],
			"r": [1,0.8061610975,0.7486411703,0.6870119733,0.5942915792,0.5437081534,0.5075424086,0.4608645747,0.422623567,0.3909535774,0.3593127796,0.3256436678,0.3058644991,0.2773239966,0.2523993261,0.2378757215,0.2200386855,0.2031331127,0.1909927497,0.1753970676,0.1645354144],
			"rr": [1,0.05987140302,0.07466813321,0.01510300612,0.07358936603,0.05844500307,0.06608648654,0.05575192865,0.0443924553,0.04613415107,0.05890897498,0.05202387367,0.03347693224,0.03844317903,0.03588386673,0.04424323332,0.03700223611,0.03258595129,0.03143598922,0.03865542926,0.01889226051],
			"u": [1,-0.01962293842,-0.02194950073,0.0004817314045,-0.007945394132,-0.01156305054,-0.01175031671,-0.0142941476,-0.006273606725,-0.001922599188,0.02232686145,0.009448793073,-0.0003400938588,-0.01354010625,0.01025319867,0.02145562352,-0.01048688667,-0.004857473743,0.00431629117,-0.002490460014,-0.001291506531],
			"a": [1,0.885712297,0.7845176659,0.6943779583,0.6111004385,0.5359946477,0.4695239985,0.4132409145,0.3597636281,0.3161059795,0.2796750373,0.2467968441,0.2150044584,0.1877491758,0.1647692988,0.1400123087,0.1170594918,0.09749189584,0.07974706661,0.0645211191,0.05326952526],
			"ytildestar": [1,0.01739264281,0.02878671973,0.02916114816,0.03124300109,0.03897691832,0.03513143578,0.04435645998,0.02794758881,0.02874438457,0.04414423884,0.0355893252,0.01445753747,0.02242968311,0.02463030846,0.02680213562,0.02090498326,0.02275263409,0.02214310861,0.03604725152,0.006637527985],
			"ybarstar": [1,0.5971685319,0.5311235616,0.4632068823,0.4085971098,0.3567372748,0.3087070106,0.269087106,0.2294036622,0.2063065305,0.185924427,0.1624158512,0.1325140764,0.1131118841,0.09967408425,0.08759198689,0.074752849,0.05577541008,0.04941354153,0.04775301244,0.0330351646],
			"ystar": [1,0.2217840176,0.2059362898,0.1778368828,0.1596768712,0.1422096405,0.119944136,0.1092930999,0.08324110715,0.07935405151,0.08126665738,0.06931348037,0.04151809559,0.04039618884,0.03938135888,0.03837716909,0.03163571993,0.02105530578,0.01998310637,0.02998118638,0.005408842198],
			"infstar": [1,-0.003920624718,0.06432126146,0.1146035877,0.1061897012,0.0858052478,0.1004058544,0.07745539559,0.06609102483,0.06969431665,0.05981933938,0.07081762379,0.05117778253,0.04352342574,0.05556060428,0.04353774632,0.03341791918,0.04863715085,0.02940619486,0.02010706303,0.04855682899],
			"rstar": [1,0.2655753917,0.2064353205,0.2025105934,0.1145084668,0.1238386663,0.1094340871,0.09591171019,0.09542820955,0.09772751341,0.08761778583,0.08601322476,0.07448700729,0.05776108827,0.05739113183,0.06461158866,0.05600867383,0.04923970645,0.04950557705,0.0451777653,0.03339561103],
			"rrstar": [1,0.1381997326,0.131144478,0.1145836356,0.1312036849,0.1213584754,0.1191342827,0.1219909046,0.1013515795,0.09355960911,0.1003072895,0.10360106,0.07330689533,0.07810406772,0.07680137997,0.08074035965,0.07268153646,0.07002140019,0.06329359599,0.07525422795,0.04660166291],
			"ustar": [1,-0.001371283799,-0.01369146578,-0.005281448735,-0.005473755366,-0.005795046892,0.007075495789,-0.00625137608,-0.004038179506,-0.00826561134,-0.01116796337,0.0092871132,-4.629731739e-05,-0.009177134002,0.003892695704,-0.01214654175,-0.01209798715,0.002543413204,-0.000668749344,-0.01112626875,0.003530250709],
			"astar": [1,0.8789235141,0.7737704215,0.6842502328,0.6046424421,0.5327862217,0.4693044223,0.4132822153,0.3646284644,0.3224169301,0.2853429649,0.2515931006,0.2208656629,0.1888805432,0.1603234975,0.1400917982,0.120180073,0.103813459,0.08903999755,0.07597678309,0.06695824209],
			"interest": [1,0.8061610975,0.7486411703,0.6870119733,0.5942915792,0.5437081534,0.5075424086,0.4608645747,0.422623567,0.3909535774,0.3593127796,0.3256436678,0.3058644991,0.2773239966,0.2523993261,0.2378757215,0.2200386855,0.2031331127,0.1909927497,0.1753970676,0.1645354144],
			"inflation": [1,0.9228807588,0.8397443498,0.7549306159,0.6642658017,0.603822327,0.5568754569,0.5061877373,0.4637119747,0.4265194791,0.3885782809,0.3550193931,0.3297075429,0.2989081739,0.2739701998,0.2524255756,0.2316608309,0.2143664744,0.197781448,0.1795302282,0.1680602699],
			"inflationq": [1,0.6619350842,0.5912659392,0.5501733253,0.5025622977,0.4569614377,0.4399433042,0.3929964347,0.3630363897,0.3419145933,0.3160821856,0.2834172193,0.2743192918,0.2491878633,0.2270679358,0.2191314576,0.2014409725,0.1883421871,0.1795698278,0.1635710255,0.1576649619],
			"outputgap": [1,0.1147131982,0.1162963303,0.1027157014,0.1385838313,0.1254304438,0.1308201895,0.1125029254,0.09862285058,0.0986367238,0.1119395192,0.09477101191,0.08973650248,0.08564567991,0.07258700636,0.08680450521,0.07961936905,0.07278224872,0.07172223608,0.07682065598,0.05946100036],
			"output": [1,0.3240837002,0.2971930853,0.2553805228,0.2299557127,0.2058713263,0.172288929,0.1558947342,0.1252795618,0.115394368,0.1133890238,0.09700017001,0.06897212368,0.06230403321,0.05855493953,0.05535614492,0.0454176411,0.03131597849,0.02958417753,0.03443698365,0.01130092444],
			"inflationql": [1,0.6991411012,0.5974600562,0.5457202701,0.4957781964,0.4532818963,0.4220646256,0.3809115586,0.3435042184,0.3214556748,0.2924706612,0.2718182843,0.247326101,0.2267316698,0.2076430075,0.1907555878,0.1733295565,0.162049277,0.1445972289,0.1345542372,0.1259949927],
			"inflationql2": [1,0.7190511445,0.6178007661,0.5425405396,0.4957536335,0.4479856413,0.4085564651,0.372667509,0.3331072382,0.3049426199,0.282627317,0.2591304843,0.2309735812,0.2129510546,0.1890372605,0.1748480577,0.1560116933,0.1433850466,0.1257607932,0.1162739823,0.1071689081],
			"inflationqls": [1,0.8694109218,0.7076029559,0.6307929628,0.5719410843,0.5225160649,0.4790614706,0.435168353,0.3944246035,0.3619332877,0.3327351409,0.3052074561,0.2785654058,0.2527844938,0.2315788013,0.2100152633,0.1920936462,0.1770022812,0.159507578,0.1454775841,0.136079666],
			"infstarl": [1,-0.01138927426,0.05692066984,0.1019673802,0.09686731666,0.07632864415,0.08530107568,0.0651750629,0.05523127855,0.05722893858,0.04933964383,0.06040717787,0.04069323323,0.03333442301,0.04519412634,0.0342809558,0.02161032986,0.03959566623,0.02403077561,0.01441201903,0.04121648152],
			"infstarl2": [1,-0.0138354453,0.05444732061,0.09676216637,0.0894765766,0.07009385753,0.07602420383,0.0593155551,0.04894112527,0.05090840913,0.0440370706,0.0563473118,0.03478090517,0.02524137371,0.03781263682,0.02877808117,0.01685778907,0.03252985021,0.01845435618,0.01336429441,0.03640626653]
		},
		"VAR": {
			"ytilde": 0.00154859137,
			"ybar": 0.04448595197,
			"y": 0.05285944542,
			"infl": 0.001809854436,
			"r": 0.003778892285,
			"rr": 0.02910964952,
			"u": 6.540526105e-14,
			"a": 0.04609418647,
			"ytildestar": 0.02058850222,
			"ybarstar": 0.03729227397,
			"ystar": 0.08403746476,
			"infstar": 0.01309724743,
			"rstar": 0.02169020577,
			"rrstar": 0.01849196236,
			"ustar": 0.01406797131,
			"astar": 0.0577746612,