{
	"model": "NK_CGG99AL",
	"rule": "CEE",
	"data": {
		"AC": {
			"x": [1,0.5731534095,0.08308751625,-0.1691930408,-0.1760926457,-0.08561972529,-0.01456656452,0.01642123351,0.01287186337,0.001218113266,-0.01853710804,-0.02427584107,-0.01812946724,-0.01091075851,-0.001300335262,-0.003013495555,-0.002557725567,-0.0007060279069,-0.01520054848,-0.01905488534,-0.02010007259],
			"i": [1,0.7229819909,0.3079643733,0.02149635856,-0.07291412897,-0.0562413928,-0.01856840544,0.003407080758,0.003476665125,-0.004920981931,-0.01784613756,-0.02177211119,-0.01788707355,-0.01276865261,-0.005154053747,-0.004408948973,-0.004720756865,-0.008058513661,-0.01901817783,-0.02165620786,-0.02123267242],
			"pi": [1,0.5264919071,0.1738212583,-0.009882731149,-0.05431338393,-0.0364667178,-0.01656864241,-0.007049378691,-0.01100293075,-0.008520899347,-0.0191571028,-0.0164618976,-0.01402917335,-0.01604417436,-0.006217770892,-0.01176785803,-0.009517520737,-0.007997711457,-0.02591534917,-0.01892650142,-0.02183356468],
			"interest": [1,0.7229819909,0.3079643733,0.02149635856,-0.07291412897,-0.0562413928,-0.01856840544,0.003407080758,0.003476665125,-0.004920981931,-0.01784613756,-0.02177211119,-0.01788707355,-0.01276865261,-0.005154053747,-0.004408948973,-0.004720756865,-0.008058513661,-0.01901817783,-0.02165620786,-0.02123267242],
			"inflation": [1,0.8643231813,0.5879242303,0.2876673596,0.05676764453,-0.03263810566,-0.04609538549,-0.03569750219,-0.02726356023,-0.0254088921,-0.02862925195,-0.03039693362,-0.03046218492,-0.0291855107,-0.02534567775,-0.02531233624,-0.02627711089,-0.02924180444,-0.03424801441,-0.03292742843,-0.02727761119],
			"inflationq": [1,0.5264919071,0.1738212583,-0.009882731149,-0.05431338393,-0.0364667178,-0.01656864241,-0.007049378691,-0.01100293075,-0.008520899347,-0.0191571028,-0.0164618976,-0.01402917335,-0.01604417436,-0.006217770892,-0.01176785803,-0.009517520737,-0.007997711457,-0.02591534917,-0.01892650142,-0.02183356468],
			"outputgap": [1,0.5731534095,0.08308751625,-0.1691930408,-0.1760926457,-0.08561972529,-0.01456656452,0.01642123351,0.01287186337,0.001218113266,-0.01853710804,-0.02427584107,-0.01812946724,-0.01091075851,-0.001300335262,-0.003013495555,-0.002557725567,-0.0007060279069,-0.01520054848,-0.01905488534,-0.02010007259],
			"output": [1,0.5731534095,0.08308751625,-0.1691930408,-0.1760926457,-0.08561972529,-0.01456656452,0.01642123351,0.01287186337,0.001218113266,-0.01853710804,-0.02427584107,-0.01812946724,-0.01091075851,-0.001300335262,-0.003013495555,-0.002557725567,-0.0007060279069,-0.01520054848,-0.01905488534,-0.02010007259],
			"inflationql": [1,0.5258211297,0.1738527437,-0.009715694125,-0.05432932711,-0.03674321421,-0.01712568059,-0.006949333917,-0.01112887175,-0.008676723867,-0.01926497112,-0.01684377728,-0.01438139981,-0.01670067395,-0.00664944185,-0.01211726189,-0.00979395022,-0.007965760665,-0.02485054978,-0.01788679798,-0.02111994413],
			"inflationql2": [1,0.5259123315,0.1738403831,-0.009813321579,-0.05379836654,-0.03673747021,-0.0170390375,-0.007381668202,-0.01054364052,-0.008642873388,-0.01953127478,-0.01784771469,-0.01567097068,-0.01786680091,-0.007029486751,-0.01240882175,-0.01032696479,-0.007247586543,-0.0240949753,-0.01760990975,-0.02035662308]
		},
		"VAR": {
			"x": 8.648790509,
			"i": 0.04967066111,
			"pi": 0.5287488798,
			"interest": 0.7947305777,
			"inflation": 4.137355308,
			"inflationq": 8.459982077,
			"outputgap": 8.648790509,
			"output": 8.648790509,
			"inflationql": 8.436658926,
			"inflationql2": 8.415705476
		},
		"IRF": {
			"interest_": {
				"x": [0,-4.287338275,-3.317656208,-0.9312309476,0.710727694,1.146044657,0.811067889,0.2897168508,-0.06675314264,-0.1832457124,-0.1421381777,-0.05439887598,0.01020540641,0.03326434182,0.02721748958,0.01161410243,-0.0004920262428,-0.005197680932,-0.00442734153,-0.00166914867,0.0006152461051],
				"i": [0,0.06678344839,-0.08046652203,-0.1092685325,-0.07136930222,-0.02243441029,0.007831151979,0.01556073725,0.009962309194,0.001420990944,-0.004202638635,-0.00582770785,-0.00494230744,-0.003408550103,-0.002341200345,-0.001991508719,-0.002118061258,-0.002385679857,-0.00258209672,-0.002651021328,-0.002630401492],
				"pi": [0,-0.2720932143,-0.3276096854,-0.2251155742,-0.08756756761,0.006104116053,0.03914236235,0.03187400963,0.01169261253,-0.003814214067,-0.009589014196,-0.008297220395,-0.004565738565,-0.001586084872,-0.0003699251966,-0.0004970114064,-0.001135518141,-0.001680989546,-0.001920116893,-0.001910816905,-0.001798941656],
				"interest": [0,0.2671337936,-0.3218660881,-0.4370741298,-0.2854772089,-0.08973764114,0.03132460792,0.06224294899,0.03984923678,0.005683963777,-0.01681055454,-0.0233108314,-0.01976922976,-0.01363420041,-0.009364801379,-0.007966034877,-0.008472245033,-0.009542719428,-0.01032838688,-0.01060408531,-0.01052160597],
				"inflation": [0,-0.2720932143,-0.5997028997,-0.8248184739,-0.9123860415,-0.6341887112,-0.2674366634,-0.01044707957,0.08881310056,0.07889477044,0.03016339389,-0.01000783613,-0.02626618722,-0.02403805803,-0.01481896903,-0.00701876004,-0.003588539616,-0.003683444291,-0.005233635987,-0.006647441486,-0.007310865001],
				"inflationq": [0,-1.088372857,-1.310438742,-0.9004622968,-0.3502702704,0.02441646421,0.1565694494,0.1274960385,0.0467704501,-0.01525685627,-0.03835605679,-0.03318888158,-0.01826295426,-0.006344339487,-0.001479700786,-0.001988045626,-0.004542072565,-0.006723958186,-0.007680467571,-0.007643267622,-0.007195766624],
				"outputgap": [0,-4.287338275,-3.317656208,-0.9312309476,0.710727694,1.146044657,0.811067889,0.2897168508,-0.06675314264,-0.1832457124,-0.1421381777,-0.05439887598,0.01020540641,0.03326434182,0.02721748958,0.01161410243,-0.0004920262428,-0.005197680932,-0.00442734153,-0.00166914867,0.0006152461051],
				"output": [0,-4.287338275,-3.317656208,-0.9312309476,0.710727694,1.146044657,0.811067889,0.2897168508,-0.06675314264,-0.1832457124,-0.1421381777,-0.05439887598,0.01020540641,0.03326434182,0.02721748958,0.01161410243,-0.0004920262428,-0.005197680932,-0.00442734153,-0.00166914867,0.0006152461051],
				"inflationql": [0,0,-1.088372857,-1.310438742,-0.9004622968,-0.3502702704,0.02441646421,0.1565694494,0.1274960385,0.0467704501,-0.01525685627,-0.03835605679,-0.03318888158,-0.01826295426,-0.006344339487,-0.001479700786,-0.001988045626,-0.004542072565,-0.006723958186,-0.007680467571,-0.007643267622],
				"inflationql2": [0,0,0,-1.088372857,-1.310438742,-0.9004622968,-0.3502702704,0.02441646421,0.1565694494,0.1274960385,0.0467704501,-0.01525685627,-0.03835605679,-0.03318888158,-0.01826295426,-0.006344339487,-0.001479700786,-0.001988045626,-0.004542072565,-0.006723958186,-0.007680467571]
			}
		}
	}
}
