{
	"model": "NK_IR04AL",
	"rule": "SW",
	"data": {
		"AC": {
			"y": [1,0.9449782782,0.8966211377,0.8500171766,0.8069819304,0.767081746,0.7271275037,0.6906535327,0.6550853908,0.62293812,0.602761991,0.5786651662,0.5558139556,0.5370553599,0.521561646,0.5088010439,0.4933227268,0.4783265869,0.4660319756,0.4546741787,0.441205341],
			"m": [1,0.9467993507,0.8936899996,0.8518104034,0.8182988879,0.7774332474,0.7358300304,0.7040781524,0.6794549483,0.6548470964,0.6284807075,0.6018782668,0.5778537107,0.556295551,0.5385848903,0.5230270709,0.5094297651,0.4965446875,0.4806645938,0.4678697775,0.4552723398],
			"pi": [1,0.8206069268,0.7479758689,0.6800990089,0.6401725685,0.6091762689,0.5814204624,0.5543574222,0.5323342689,0.5161922647,0.5021294114,0.5009095171,0.4911114869,0.4855823868,0.4657179997,0.4572931184,0.4438908842,0.4377725474,0.4275394859,0.4064709142,0.3934615291],
			"r": [1,0.9053278707,0.8692142039,0.8207913826,0.7910753988,0.7596518107,0.734580535,0.7053977323,0.6787660608,0.6625185999,0.6424569918,0.6332083182,0.6178445548,0.6084381011,0.5896233192,0.5783623182,0.560884804,0.5439644206,0.5264453689,0.5018190441,0.4859196871],
			"a": [1,0.8990756095,0.8277585614,0.7531172005,0.6987267788,0.6477327199,0.5999098526,0.5599496194,0.5205608863,0.4896011084,0.4572633184,0.4263851564,0.400697681,0.3781136832,0.3591069712,0.3424334796,0.326964257,0.3106138632,0.2988593185,0.2852166886,0.2715363593],
			"e": [1,0.9471276355,0.8942317481,0.852248734,0.8185024154,0.7779584229,0.736895732,0.7054016661,0.6807920003,0.6561010399,0.6297818787,0.6030915682,0.5791748636,0.5575856615,0.5400381466,0.5245676415,0.5110083397,0.4982581129,0.4824826106,0.4696864894,0.4572465715],
			"z": [1,0.9513289435,0.9043181873,0.8594646273,0.8172546134,0.7774733108,0.7371973587,0.6983214862,0.6635636444,0.6307892567,0.608898263,0.5844209722,0.561107657,0.5422015754,0.5237765655,0.5101520048,0.4974449785,0.4847282599,0.4736434387,0.4613693286,0.446198595],
			"pinf4": [1,0.9335888982,0.8619201984,0.7887540599,0.7282679717,0.6853465322,0.6505688371,0.6177660377,0.5912501483,0.5746085442,0.5635910344,0.554066715,0.5413378716,0.5288744561,0.5164857613,0.5082070122,0.4984640331,0.4852650692,0.4703332356,0.455225049,0.4425815015],
			"interest": [1,0.9053278707,0.8692142039,0.8207913826,0.7910753988,0.7596518107,0.734580535,0.7053977323,0.6787660608,0.6625185999,0.6424569918,0.6332083182,0.6178445548,0.6084381011,0.5896233192,0.5783623182,0.560884804,0.5439644206,0.5264453689,0.5018190441,0.4859196871],
			"inflation": [1,0.9335888982,0.8619201984,0.7887540599,0.7282679717,0.6853465322,0.6505688371,0.6177660377,0.5912501483,0.5746085442,0.5635910344,0.554066715,0.5413378716,0.5288744561,0.5164857613,0.5082070122,0.4984640331,0.4852650692,0.4703332356,0.455225049,0.4425815015],
			"inflationq": [1,0.8206069268,0.7479758689,0.6800990089,0.6401725685,0.6091762689,0.5814204624,0.5543574222,0.5323342689,0.5161922647,0.5021294114,0.5009095171,0.4911114869,0.4855823868,0.4657179997,0.4572931184,0.4438908842,0.4377725474,0.4275394859,0.4064709142,0.3934615291],
			"outputgap": [1,0.6400981862,0.5403228478,0.4599986747,0.4311687573,0.3896169394,0.3614626455,0.3406066846,0.3174986581,0.3241878762,0.3133841543,0.3116668098,0.3130258608,0.3161134552,0.3133410057,0.3258480389,0.316490952,0.3123101817,0.302028232,0.2861985713,0.2724803564],
			"output": [1,0.9449782782,0.8966211377,0.8500171766,0.8069819304,0.767081746,0.7271275037,0.6906535327,0.6550853908,0.62293812,0.602761991,0.5786651662,0.5558139556,0.5370553599,0.521561646,0.5088010439,0.4933227268,0.4783265869,0.4660319756,0.4546741787,0.441205341],
			"inflationql": [1,0.8461413034,0.7501707391,0.6908615081,0.6409485395,0.6176982321,0.5835842133,0.5540139791,0.5361971678,0.5217891232,"_NaN_","_NaN_","_NaN_","_NaN_","_NaN_","_NaN_","_NaN_","_NaN_","_NaN_","_NaN_","_NaN_"],
			"inflationql2": [1,0.8404972506,0.7571285896,0.6850504886,0.646521878,0.608049875,0.5709312184,0.5569539839,0.5368819515,0.5179910239,"_NaN_","_NaN_","_NaN_","_NaN_","_NaN_","_NaN_","_NaN_","_NaN_","_NaN_","_NaN_","_NaN_"],
			"inflationqls": [1,0.9079044886,0.7955910341,0.7236197715,0.6772994553,0.6425901803,0.60795684,0.5817710109,0.5608445819,0.5440400487,"_NaN_","_NaN_","_NaN_","_NaN_","_NaN_","_NaN_","_NaN_","_NaN_","_NaN_","_NaN_","_NaN_"]
		},
		"VAR": {
			"y": 11.13366629,
			"m": 7.827419992,
			"pi": 0.05937893148,
			"r": 0.1796121591,
			"a": 15.24676025,
			"e": 7.798862236,
			"z": 10.78843922,
			"pinf4": 0.8295305327,
			"interest": 2.873794545,
			"inflation": 0.8295305327,
			"inflationq": 0.9500629037,
			"outputgap": 0.1012894905,
			"output": 11.13366629,
			"inflationql": 0.9020974226,
			"inflationql2": 0.8712788797,
			"inflationqls": 3.43843941
		},
		"IRF": {
			"interest_": {
				"y": [0,-0.5222980383,-0.4522427465,-0.4144728245,-0.4184996542,-0.5948726341,-0.4007730688,-0.1905563821,0.02959355369,0.1256219076,0.07901233197,0.02021027643,-0.005799703855,-0.0173793916,-0.02687982634,-0.03546419021,-0.04250174372,-0.04825540552,-0.05325772405,-0.05785640829,-0.06224329016],
				"m": [0,-0.01616396474,-0.007074787103,0.00104182486,0.009270470093,0.0231956664,0.02579543023,0.02436496941,0.01862379219,0.01341509118,0.01178967273,0.0116217938,0.01150143379,0.01145318366,0.0116103613,0.01194567044,0.01240159284,0.01294754183,0.01357089016,0.01426468155,0.01502474018],
				"pi": [0,-0.1564145132,-0.1546786691,-0.159281488,-0.1802156058,-0.2787196563,-0.2129985806,-0.1412586772,-0.04584192482,0.006584043006,-0.002772841328,-0.0237095807,-0.03486393177,-0.04064852361,-0.04552733982,-0.05026269381,-0.05467916466,-0.05882990502,-0.06289035531,-0.06699283351,-0.07122020952],
				"r": [0,0.06324265177,-0.0005647345454,-0.06067542357,-0.1269605486,-0.2605487932,-0.2568157052,-0.2188310172,-0.1451336054,-0.09136902508,-0.08426281284,-0.09034749344,-0.09267041656,-0.09374722663,-0.0962035376,-0.09996806273,-0.104501362,-0.1095921441,-0.1152067322,-0.1213334357,-0.1279631029],
				"a": [0,0,0,0,0,0,0,0,0,0,0,0,0,0,0,0,0,0,0,0,0],
				"e": [0,0,0,0,0,0,0,0,0,0,0,0,0,0,0,0,0,0,0,0,0],
				"z": [0,0,-2.88788416e-17,-2.740764443e-17,-2.714453104e-17,-2.688394355e-17,-2.662585769e-17,-3.814734188e-17,-4.415782724e-17,-3.982868303e-17,-3.709366343e-17,-3.666090646e-17,-3.503818192e-17,-3.373796917e-17,-3.437502393e-17,-3.40450237e-17,1.407655718e-17,3.983284916e-17,6.10205453e-17,6.074284444e-17,6.015971314e-17],
				"pinf4": [0,-0.1564145132,-0.3110931823,-0.4703746703,-0.6505902761,-0.7728954193,-0.8312153307,-0.8131925199,-0.6788188389,-0.3935151395,-0.1832894003,-0.06574030384,-0.05476231079,-0.1019948774,-0.1447493759,-0.171302489,-0.1911177219,-0.2092991033,-0.2266621188,-0.2433922585,-0.2599333034],
				"interest": [0,0.2529706071,-0.002258938182,-0.2427016943,-0.5078421944,-1.042195173,-1.027262821,-0.8753240688,-0.5805344218,-0.3654761003,-0.3370512514,-0.3613899737,-0.3706816663,-0.3749889065,-0.3848141504,-0.3998722509,-0.4180054482,-0.4383685766,-0.4608269289,-0.4853337426,-0.5118524114],
				"inflation": [0,-0.1564145132,-0.3110931823,-0.4703746703,-0.6505902761,-0.7728954193,-0.8312153307,-0.8131925199,-0.6788188389,-0.3935151395,-0.1832894003,-0.06574030384,-0.05476231079,-0.1019948774,-0.1447493759,-0.171302489,-0.1911177219,-0.2092991033,-0.2266621188,-0.2433922585,-0.2599333034],
				"inflationq": [0,-0.6256580527,-0.6187146765,-0.637125952,-0.7208624234,-1.114878625,-0.8519943223,-0.5650347086,-0.1833676993,0.02633617203,-0.01109136531,-0.09483832281,-0.1394557271,-0.1625940944,-0.1821093593,-0.2010507753,-0.2187166586,-0.2353196201,-0.2515614212,-0.267971334,-0.2848808381],
				"outputgap": [0,-0.5222980383,-0.4522427465,-0.4144728245,-0.4184996542,-0.5948726341,-0.4007730688,-0.1905563821,0.02959355369,0.1256219076,0.07901233197,0.02021027643,-0.005799703855,-0.0173793916,-0.02687982634,-0.03546419021,-0.04250174372,-0.04825540552,-0.05325772405,-0.05785640829,-0.06224329016],