{
	"model": "NK_IR04AL",
	"rule": "SW",
	"data": {
		"AC": {
			"y": [1,0.9449782714,0.8966211327,0.8500171717,0.8069819268,0.7670817455,0.7271274965,0.6906535302,0.6550853892,0.6229381165,0.6027619924,0.5786651648,0.5558139526,0.5370553532,0.521561641,0.508801043,0.4933227224,0.4783265815,0.4660319675,0.4546741771,0.4412053375],
			"m": [1,0.9467993512,0.8936900003,0.8518104046,0.8182988894,0.7774332493,0.7358300326,0.7040781551,0.6794549515,0.6548470998,0.6284807115,0.6018782713,0.5778537156,0.5562955563,0.538584896,0.5230270767,0.509429771,0.4965446938,0.4806646005,0.4678697845,0.4552723471],
			"pi": [1,0.820606849,0.7479758979,0.6800990357,0.640172607,0.6091762304,0.5814204774,0.5543574335,0.5323342808,0.5161923209,0.502129529,0.5009096328,0.4911116942,0.4855825715,0.4657182291,0.4572932998,0.4438910955,0.437772733,0.4275397407,0.4064712016,0.393461857],
			"r": [1,0.9053278719,0.8692142121,0.8207914,0.7910754267,0.7596518477,0.7345805921,0.7053978053,0.6787661585,0.6625187311,0.6424571506,0.6332085035,0.6178447604,0.6084383346,0.5896235724,0.5783625938,0.5608850981,0.5439647315,0.5264456991,0.5018194005,0.4859200569],
			"a": [1,0.8990756095,0.8277585614,0.7531172005,0.6987267788,0.6477327199,0.5999098526,0.5599496194,0.5205608863,0.4896011084,0.4572633184,0.4263851564,0.400697681,0.3781136832,0.3591069712,0.3424334796,0.326964257,0.3106138632,0.2988593185,0.2852166886,0.2715363593],
			"e": [1,0.9471276355,0.8942317481,0.852248734,0.8185024154,0.7779584229,0.736895732,0.7054016661,0.6807920003,0.6561010399,0.6297818787,0.6030915682,0.5791748636,0.5575856615,0.5400381466,0.5245676415,0.5110083397,0.4982581129,0.4824826106,0.4696864894,0.4572465715],
			"z": [1,0.9513289435,0.9043181873,0.8594646273,0.8172546134,0.7774733108,0.7371973587,0.6983214862,0.6635636444,0.6307892567,0.608898263,0.5844209722,0.561107657,0.5422015754,0.5237765655,0.5101520048,0.4974449785,0.4847282599,0.4736434387,0.4613693286,0.446198595],
			"pinf4": [1,0.9335888915,0.8619201975,0.7887540664,0.7282679807,0.6853465382,0.65056885,0.6177660662,0.5912501997,0.5746086321,0.5635911541,0.5540668655,0.541338058,0.5288746665,0.516485989,0.5082072492,0.4984642862,0.4852653528,0.4703335659,0.4552254107,0.4425818744],
			"interest": [1,0.9053278719,0.8692142121,0.8207914,0.7910754267,0.7596518477,0.7345805921,0.7053978053,0.6787661585,0.6625187311,0.6424571506,0.6332085035,0.6178447604,0.6084383346,0.5896235724,0.5783625938,0.5608850981,0.5439647315,0.5264456991,0.5018194005,0.4859200569],
			"inflation": [1,0.9335888915,0.8619201975,0.7887540664,0.7282679807,0.6853465382,0.65056885,0.6177660662,0.5912501997,0.5746086321,0.5635911541,0.5540668655,0.541338058,0.5288746665,0.516485989,0.5082072492,0.4984642862,0.4852653528,0.4703335659,0.4552254107,0.4425818744],
			"inflationq": [1,0.820606849,0.7479758979,0.6800990357,0.640172607,0.6091762304,0.5814204774,0.5543574335,0.5323342808,0.5161923209,0.502129529,0.5009096328,0.4911116942,0.4855825715,0.4657182291,0.4572932998,0.4438910955,0.437772733,0.4275397407,0.4064712016,0.393461857],
			"outputgap": [1,0.6400981944,0.5403231467,0.4599987076,0.4311691647,0.3896170087,0.3614629765,0.3406069935,0.3174990879,0.3241880602,0.3133844872,0.3116669793,0.313026192,0.3161136244,0.3133413349,0.3258482984,0.3164914168,0.3123103847,0.3020286301,0.2861987656,0.2724804458],
			"output": [1,0.9449782714,0.8966211327,0.8500171717,0.8069819268,0.7670817455,0.7271274965,0.6906535302,0.6550853892,0.6229381165,0.6027619924,0.5786651648,0.5558139526,0.5370553532,0.521561641,0.508801043,0.4933227224,0.4783265815,0.4660319675,0.4546741771,0.4412053375],
			"inflationql": [1,0.8461412531,0.7501707452,0.6908615203,0.6409485689,0.6176982071,0.5835842156,0.5540140017,0.5361972277,0.5217891791,"_NaN_","_NaN_","_NaN_","_NaN_","_NaN_","_NaN_","_NaN_","_NaN_","_NaN_","_NaN_","_NaN_"],
			"inflationql2": [1,0.8404972416,0.7571286329,0.6850505408,0.6465219252,0.6080498767,0.5709312188,0.5569540338,0.5368820619,0.5179911183,"_NaN_","_NaN_","_NaN_","_NaN_","_NaN_","_NaN_","_NaN_","_NaN_","_NaN_","_NaN_","_NaN_"],
			"inflationqls": [1,0.9079044853,0.7955910564,0.7236198142,0.6772994881,0.6425901917,0.6079568508,0.5817710489,0.560844656,0.5440401414,"_NaN_","_NaN_","_NaN_","_NaN_","_NaN_","_NaN_","_NaN_","_NaN_","_NaN_","_NaN_","_NaN_"]
		},
		"VAR": {
			"y": 11.13366647,
			"m": 7.827420256,
			"pi": 0.05937892029,
			"r": 0.1796121773,
			"a": 15.24676025,
			"e": 7.798862236,
			"z": 10.78843922,
			"pinf4": 0.8295302601,
			"interest": 2.873794837,
			"inflation": 0.8295302601,
			"inflationq": 0.9500627247,
			"outputgap": 0.1012895369,
			"output": 11.13366647,
			"inflationql": 0.9020967256,
			"inflationql2": 0.8712787101,
			"inflationqls": 3.438437517
		},
		"IRF": {
			"interest_": {
				"y": [0,-0.5222980383,-0.4522427465,-0.4144728245,-0.4184996542,-0.5948726341,-0.4007730688,-0.1905563821,0.02959355369,0.1256219077,0.07901233197,0.02021027643,-0.005799703855,-0.0173793916,-0.02687982634,-0.03546419021,-0.04250174372,-0.04825540552,-0.05325772405,-0.05785640829,-0.06224329016],
				"m": [0,-0.01616396474,-0.007074787103,0.00104182486,0.009270470093,0.0231956664,0.02579543023,0.02436496941,0.01862379219,0.01341509118,0.01178967273,0.0116217938,0.01150143379,0.01145318366,0.0116103613,0.01194567044,0.01240159284,0.01294754183,0.01357089016,0.01426468155,0.01502474018],
				"pi": [0,-0.1564145132,-0.1546786691,-0.159281488,-0.1802156058,-0.2787196563,-0.2129985806,-0.1412586772,-0.04584192482,0.006584043007,-0.002772841328,-0.0237095807,-0.03486393177,-0.04064852361,-0.04552733982,-0.05026269381,-0.05467916466,-0.05882990502,-0.06289035531,-0.06699283351,-0.07122020952],
				"r": [0,0.06324265177,-0.0005647345454,-0.06067542357,-0.1269605486,-0.2605487932,-0.2568157052,-0.2188310172,-0.1451336054,-0.09136902508,-0.08426281284,-0.09034749344,-0.09267041656,-0.09374722663,-0.0962035376,-0.09996806273,-0.104501362,-0.1095921441,-0.1152067322,-0.1213334357,-0.1279631029],
				"a": [0,0,0,0,0,0,0,0,0,0,0,0,0,0,0,0,0,0,0,0,0],
				"e": [0,0,0,0,0,0,0,0,0,0,0,0,0,0,0,0,0,0,0,0,0],
				"z": [0,0,-1.966430508e-30,-5.421003079e-17,-9.952357966e-17,-9.856815329e-17,-9.762189902e-17,-1.084618212e-16,-1.074205877e-16,-1.02484121e-16,-1.015002735e-16,-1.005258708e-16,-9.844335825e-17,-9.653445581e-17,-9.448395834e-17,-9.506314853e-17,-7.065129345e-17,-4.534907607e-17,-4.491372494e-17,-4.274389013e-17,-1.202120655e-17],
				"pinf4": [0,-0.1564145132,-0.3110931823,-0.4703746703,-0.6505902761,-0.7728954193,-0.8312153307,-0.8131925199,-0.6788188389,-0.3935151395,-0.1832894003,-0.06574030384,-0.05476231079,-0.1019948774,-0.1447493759,-0.171302489,-0.1911177219,-0.2092991033,-0.2266621188,-0.2433922585,-0.2599333034],
				"interest": [0,0.2529706071,-0.002258938182,-0.2427016943,-0.5078421944,-1.042195173,-1.027262821,-0.8753240688,-0.5805344218,-0.3654761003,-0.3370512514,-0.3613899737,-0.3706816663,-0.3749889065,-0.3848141504,-0.3998722509,-0.4180054482,-0.4383685766,-0.4608269289,-0.4853337426,-0.5118524114],
				"inflation": [0,-0.1564145132,-0.3110931823,-0.4703746703,-0.6505902761,-0.7728954193,-0.8312153307,-0.8131925199,-0.6788188389,-0.3935151395,-0.1832894003,-0.06574030384,-0.05476231079,-0.1019948774,-0.1447493759,-0.171302489,-0.1911177219,-0.2092991033,-0.2266621188,-0.2433922585,-0.2599333034],
				"inflationq": [0,-0.6256580527,-0.6187146765,-0.637125952,-0.7208624234,-1.114878625,-0.8519943223,-0.5650347086,-0.1833676993,0.02633617203,-0.01109136531,-0.09483832281,-0.1394557271,-0.1625940944,-0.1821093593,-0.2010507753,-0.2187166586,-0.2353196201,-0.2515614212,-0.267971334,-0.2848808381],
				"outputgap": [0,-0.5222980383,-0.4522427465,-0.4144728245,-0.4184996542,-0.5948726341,-0.4007730688,-0.1905563821,0.02959355369,0.1256219077,0.07901233197,0.02021027643,-0.005799703855,-0.0173793916,-0.02687982634,-0.03546419021,-0.04250174372,-0.04825540552,-0.05325772405,-0.05785640829,-0.06224329016],