{
	"model": "NK_IR04AL",
	"rule": "SW",
	"data": {
		"AC": {
			"y": [1,0.944978273,0.8966211339,0.8500171729,0.8069819277,0.7670817456,0.7271274982,0.6906535308,0.6550853895,0.6229381173,0.602761992,0.5786651652,0.5558139534,0.5370553548,0.5215616422,0.5088010432,0.4933227234,0.4783265828,0.4660319694,0.4546741775,0.4412053384],
			"m": [1,0.946799351,0.8936900001,0.8518104043,0.818298889,0.7774332489,0.7358300321,0.7040781545,0.6794549508,0.654847099,0.6284807106,0.6018782702,0.5778537144,0.5562955551,0.5385848947,0.5230270754,0.5094297696,0.4965446923,0.4806645989,0.4678697829,0.4552723453],
			"pi": [1,0.8206068676,0.7479758911,0.6800990294,0.6401725979,0.6091762395,0.5814204737,0.5543574307,0.5323342778,0.5161923074,0.5021295008,0.5009096051,0.4911116448,0.4855825274,0.4657181744,0.4572932566,0.4438910451,0.4377726888,0.42753968,0.4064711332,0.393461779],
			"r": [1,0.9053278716,0.8692142101,0.8207913958,0.79107542,0.7596518388,0.7345805784,0.7053977878,0.6787661351,0.6625186998,0.6424571127,0.6332084593,0.6178447114,0.608438279,0.589623512,0.5783625282,0.560885028,0.5439646575,0.5264456205,0.5018193157,0.4859199689],
			"a": [1,0.8990756095,0.8277585614,0.7531172005,0.6987267788,0.6477327199,0.5999098526,0.5599496194,0.5205608863,0.4896011084,0.4572633184,0.4263851564,0.400697681,0.3781136832,0.3591069712,0.3424334796,0.326964257,0.3106138632,0.2988593185,0.2852166886,0.2715363593],
			"e": [1,0.9471276355,0.8942317481,0.852248734,0.8185024154,0.7779584229,0.736895732,0.7054016661,0.6807920003,0.6561010399,0.6297818787,0.6030915682,0.5791748636,0.5575856615,0.5400381466,0.5245676415,0.5110083397,0.4982581129,0.4824826106,0.4696864894,0.4572465715],
			"z": [1,0.9513289435,0.9043181873,0.8594646273,0.8172546134,0.7774733108,0.7371973587,0.6983214862,0.6635636444,0.6307892567,0.608898263,0.5844209722,0.561107657,0.5422015754,0.5237765655,0.5101520048,0.4974449785,0.4847282599,0.4736434387,0.4613693286,0.446198595],
			"pinf4": [1,0.9335888931,0.8619201977,0.7887540648,0.7282679785,0.6853465367,0.6505688467,0.6177660592,0.5912501873,0.574608611,0.5635911254,0.5540668295,0.5413380135,0.5288746163,0.5164859347,0.5082071927,0.4984642258,0.4852652852,0.4703334872,0.4552253246,0.4425817856],
			"interest": [1,0.9053278716,0.8692142101,0.8207913958,0.79107542,0.7596518388,0.7345805784,0.7053977878,0.6787661351,0.6625186998,0.6424571127,0.6332084593,0.6178447114,0.608438279,0.589623512,0.5783625282,0.560885028,0.5439646575,0.5264456205,0.5018193157,0.4859199689],
			"inflation": [1,0.9335888931,0.8619201977,0.7887540648,0.7282679785,0.6853465367,0.6505688467,0.6177660592,0.5912501873,0.574608611,0.5635911254,0.5540668295,0.5413380135,0.5288746163,0.5164859347,0.5082071927,0.4984642258,0.4852652852,0.4703334872,0.4552253246,0.4425817856],
			"inflationq": [1,0.8206068676,0.7479758911,0.6800990294,0.6401725979,0.6091762395,0.5814204737,0.5543574307,0.5323342778,0.5161923074,0.5021295008,0.5009096051,0.4911116448,0.4855825274,0.4657181744,0.4572932566,0.4438910451,0.4377726888,0.42753968,0.4064711332,0.393461779],
			"outputgap": [1,0.6400981921,0.5403230755,0.4599986995,0.4311690676,0.3896169919,0.3614628976,0.34060692,0.3174989857,0.3241880164,0.313384408,0.3116669388,0.3130261133,0.316113584,0.3133412567,0.3258482367,0.3164913064,0.3123103365,0.3020285355,0.2861987195,0.2724804245],
			"output": [1,0.944978273,0.8966211339,0.8500171729,0.8069819277,0.7670817456,0.7271274982,0.6906535308,0.6550853895,0.6229381173,0.602761992,0.5786651652,0.5558139534,0.5370553548,0.5215616422,0.5088010432,0.4933227234,0.4783265828,0.4660319694,0.4546741775,0.4412053384],
			"inflationql": [1,0.8461412651,0.7501707438,0.6908615174,0.6409485619,0.617698213,0.5835842149,0.5540139962,0.5361972133,0.5217891657,"_NaN_","_NaN_","_NaN_","_NaN_","_NaN_","_NaN_","_NaN_","_NaN_","_NaN_","_NaN_","_NaN_"],
			"inflationql2": [1,0.8404972438,0.7571286227,0.6850505284,0.6465219139,0.6080498761,0.5709312186,0.5569540218,0.5368820355,0.5179910957,"_NaN_","_NaN_","_NaN_","_NaN_","_NaN_","_NaN_","_NaN_","_NaN_","_NaN_","_NaN_","_NaN_"],
			"inflationqls": [1,0.9079044861,0.7955910511,0.723619804,0.6772994802,0.6425901888,0.6079568481,0.5817710397,0.5608446382,0.5440401192,"_NaN_","_NaN_","_NaN_","_NaN_","_NaN_","_NaN_","_NaN_","_NaN_","_NaN_","_NaN_","_NaN_"]
		},
		"VAR": {
			"y": 11.13366643,
			"m": 7.827420193,
			"pi": 0.05937892294,
			"r": 0.1796121731,
			"a": 15.24676025,
			"e": 7.798862236,
			"z": 10.78843922,
			"pinf4": 0.8295303253,
			"interest": 2.873794769,
			"inflation": 0.8295303253,
			"inflationq": 0.9500627671,
			"outputgap": 0.1012895259,
			"output": 11.13366643,
			"inflationql": 0.9020968917,
			"inflationql2": 0.871278751,
			"inflationqls": 3.438437969
		},
		"IRF": {
			"interest_": {
				"y": [0,-0.5222980383,-0.4522427465,-0.4144728245,-0.4184996542,-0.5948726341,-0.4007730688,-0.1905563821,0.02959355369,0.1256219077,0.07901233197,0.02021027643,-0.005799703855,-0.0173793916,-0.02687982634,-0.03546419021,-0.04250174372,-0.04825540552,-0.05325772405,-0.05785640829,-0.06224329016],
				"m": [0,-0.01616396474,-0.007074787103,0.00104182486,0.009270470093,0.0231956664,0.02579543023,0.02436496941,0.01862379219,0.01341509118,0.01178967273,0.0116217938,0.01150143379,0.01145318366,0.0116103613,0.01194567044,0.01240159284,0.01294754183,0.01357089016,0.01426468155,0.01502474018],
				"pi": [0,-0.1564145132,-0.1546786691,-0.159281488,-0.1802156058,-0.2787196563,-0.2129985806,-0.1412586772,-0.04584192482,0.006584043007,-0.002772841328,-0.0237095807,-0.03486393177,-0.04064852361,-0.04552733982,-0.05026269381,-0.05467916466,-0.05882990502,-0.06289035531,-0.06699283351,-0.07122020952],
				"r": [0,0.06324265177,-0.0005647345454,-0.06067542357,-0.1269605486,-0.2605487932,-0.2568157052,-0.2188310172,-0.1451336054,-0.09136902508,-0.08426281284,-0.09034749344,-0.09267041656,-0.09374722663,-0.0962035376,-0.09996806273,-0.104501362,-0.1095921441,-0.1152067322,-0.1213334357,-0.1279631029],
				"a": [0,0,0,0,0,0,0,0,0,0,0,0,0,0,0,0,0,0,0,0,0],
				"e": [0,0,0,0,0,0,0,0,0,0,0,0,0,0,0,0,0,0,0,0,0],
				"z": [0,0,-4.28660626e-17,-4.126058811e-17,-4.086448647e-17,-9.671591459e-17,-1.769816314e-16,-1.870597002e-16,-2.12713069e-16,-2.106710235e-16,-2.088306037e-16,-1.841082776e-16,-1.823408382e-16,-1.809110427e-16,-1.790114692e-16,-1.552545633e-16,-1.537641195e-16,-1.291756759e-16,-1.063654979e-16,-1.053443892e-16,-1.04333083e-16],
				"pinf4": [0,-0.1564145132,-0.3110931823,-0.4703746703,-0.6505902761,-0.7728954193,-0.8312153307,-0.8131925199,-0.6788188389,-0.3935151395,-0.1832894003,-0.06574030384,-0.05476231079,-0.1019948774,-0.1447493759,-0.171302489,-0.1911177219,-0.2092991033,-0.2266621188,-0.2433922585,-0.2599333034],
				"interest": [0,0.2529706071,-0.002258938182,-0.2427016943,-0.5078421944,-1.042195173,-1.027262821,-0.8753240688,-0.5805344218,-0.3654761003,-0.3370512514,-0.3613899737,-0.3706816663,-0.3749889065,-0.3848141504,-0.3998722509,-0.4180054482,-0.4383685766,-0.4608269289,-0.4853337426,-0.5118524114],
				"inflation": [0,-0.1564145132,-0.3110931823,-0.4703746703,-0.6505902761,-0.7728954193,-0.8312153307,-0.8131925199,-0.6788188389,-0.3935151395,-0.1832894003,-0.06574030384,-0.05476231079,-0.1019948774,-0.1447493759,-0.171302489,-0.1911177219,-0.2092991033,-0.2266621188,-0.2433922585,-0.2599333034],
				"inflationq": [0,-0.6256580527,-0.6187146765,-0.637125952,-0.7208624234,-1.114878625,-0.8519943223,-0.5650347086,-0.1833676993,0.02633617203,-0.01109136531,-0.09483832281,-0.1394557271,-0.1625940944,-0.1821093593,-0.2010507753,-0.2187166586,-0.2353196201,-0.2515614212,-0.267971334,-0.2848808381],
				"outputgap": [0,-0.5222980383,-0.4522427465,-0.4144728245,-0.4184996542,-0.5948726341,-0.4007730688,-0.1905563821,0.02959355369,0.1256219077,0.07901233197,0.02021027643,-0.005799703855,-0.0173793916,-0.02687982634,-0.03546419021,-0.04250174372,-0.04825540552,-0.05325772405,-0.05785640829,-0.06224329016],