{
	"model": "NK_IR04AL",
	"rule": "Taylor",
	"data": {
		"AC": {
			"y": [1,0.9353368329,0.8870528937,0.842021844,0.808496082,0.7745039081,0.7419231496,0.7056032089,0.6805355122,0.6498938893,0.6340708842,0.6087655723,0.5828900622,0.5637170578,"_NaN_","_NaN_","_NaN_","_NaN_","_NaN_","_NaN_","_NaN_"],
			"m": [1,0.9086965163,0.837507238,0.7803969127,0.7299068657,0.6868427526,0.6512518788,0.6148261905,0.5819086251,0.5637715742,0.5439798775,0.5171608123,0.4730278874,0.4434320307,"_NaN_","_NaN_","_NaN_","_NaN_","_NaN_","_NaN_","_NaN_"],
			"pi": [1,0.737171858,0.7085595824,0.5656682555,0.5912376362,0.491164049,0.5071374401,0.4270061821,0.4617582719,0.3977863004,0.4190808868,0.347983522,0.3696208916,0.3231860135,"_NaN_","_NaN_","_NaN_","_NaN_","_NaN_","_NaN_","_NaN_"],
			"r": [1,0.8856340589,0.8218257716,0.7279356165,0.6653650999,0.5898568563,0.5598515139,0.5000728772,0.4795870522,0.4394454176,0.4386131697,0.4039655264,0.3928558331,0.3671419073,"_NaN_","_NaN_","_NaN_","_NaN_","_NaN_","_NaN_","_NaN_"],
			"a": [1,0.8510007968,0.7451521308,0.6486573664,0.5941805521,0.5398768316,0.484929433,0.4601284809,0.4431565835,0.4242258174,0.3892700683,0.3555231745,0.3329680542,0.3263594927,"_NaN_","_NaN_","_NaN_","_NaN_","_NaN_","_NaN_","_NaN_"],
			"e": [1,0.9101509826,0.8397683633,0.7835222992,0.7336483027,0.6911655591,0.6555922042,0.6193276815,0.5864428943,0.5677525669,0.5475050172,0.5211262584,0.4776464825,0.4482269713,"_NaN_","_NaN_","_NaN_","_NaN_","_NaN_","_NaN_","_NaN_"],
			"z": [1,0.9471959761,0.8990567309,0.8566971949,0.8183581273,0.7835855995,0.7490068881,0.7166846243,0.6845290853,0.6484574387,0.6277233312,0.6039559526,0.5685623615,0.5419574241,"_NaN_","_NaN_","_NaN_","_NaN_","_NaN_","_NaN_","_NaN_"],
			"pinf4": [1,0.9046954981,0.8368080918,0.7140758203,0.6544344387,0.5752848751,0.5509282878,0.4853643688,0.4768839051,0.4397794664,0.4493930418,0.4159308188,0.4108090179,0.3715954886,"_NaN_","_NaN_","_NaN_","_NaN_","_NaN_","_NaN_","_NaN_"],
			"interest": [1,0.8856340589,0.8218257716,0.7279356165,0.6653650999,0.5898568563,0.5598515139,0.5000728772,0.4795870522,0.4394454176,0.4386131697,0.4039655264,0.3928558331,0.3671419073,"_NaN_","_NaN_","_NaN_","_NaN_","_NaN_","_NaN_","_NaN_"],
			"inflation": [1,0.9046954981,0.8368080918,0.7140758203,0.6544344387,0.5752848751,0.5509282878,0.4853643688,0.4768839051,0.4397794664,0.4493930418,0.4159308188,0.4108090179,0.3715954886,"_NaN_","_NaN_","_NaN_","_NaN_","_NaN_","_NaN_","_NaN_"],
			"inflationq": [1,0.737171858,0.7085595824,0.5656682555,0.5912376362,0.491164049,0.5071374401,0.4270061821,0.4617582719,0.3977863004,0.4190808868,0.347983522,0.3696208916,0.3231860135,"_NaN_","_NaN_","_NaN_","_NaN_","_NaN_","_NaN_","_NaN_"],
			"outputgap": [1,0.3510750939,0.2784267329,0.185502702,0.2893519288,0.2235545173,0.2374338341,0.1766728202,0.2180004829,0.1643188796,0.1855891742,0.1140844712,0.137504592,0.1063633324,"_NaN_","_NaN_","_NaN_","_NaN_","_NaN_","_NaN_","_NaN_"],
			"output": [1,0.9353368329,0.8870528937,0.842021844,0.808496082,0.7745039081,0.7419231496,0.7056032089,0.6805355122,0.6498938893,0.6340708842,0.6087655723,0.5828900622,0.5637170578,"_NaN_","_NaN_","_NaN_","_NaN_","_NaN_","_NaN_","_NaN_"],
			"inflationql": [1,0.8005354215,0.7139669159,0.6284679758,0.5885640657,0.5387599824,0.5043592187,0.4692879821,0.4390183361,0.4175675234,0.3973255572,0.3981522182,0.3705057599,0.3689539528,"_NaN_","_NaN_","_NaN_","_NaN_","_NaN_","_NaN_","_NaN_"],
			"inflationql2": [1,0.8229493997,0.7211680589,0.6294764175,0.5914151278,0.5561186966,0.5129974178,0.4665472541,0.4307681448,0.4133512656,0.4043686522,0.4109239105,0.4061221254,0.3943090971,"_NaN_","_NaN_","_NaN_","_NaN_","_NaN_","_NaN_","_NaN_"],
			"inflationqls": [1,0.8957292583,0.7665746331,0.6728360975,0.6111225884,0.5674496515,0.5309338867,0.4876935786,0.4492908755,0.4264421344,0.4190110259,0.4270551086,0.4099799442,0.3921860623,"_NaN_","_NaN_","_NaN_","_NaN_","_NaN_","_NaN_","_NaN_"]
		},
		"VAR": {
			"y": 8.622209116,
			"m": 4.640314384,
			"pi": 0.06663064772,
			"r": 0.0901756626,
			"a": 8.884391356,
			"e": 4.59135333,
			"z": 8.353917552,
			"pinf4": 0.6665300155,
			"interest": 1.442810602,
			"inflation": 0.6665300155,
			"inflationq": 1.066090363,
			"outputgap": 0.0753993848,
			"output": 8.622209116,
			"inflationql": 0.729082187,
			"inflationql2": 0.6933877754,
			"inflationqls": 2.728660699
		},
		"IRF": {
			"interest_": {
				"y": [0,-0.2092463407,0.01508229258,0.01027679887,0.005816056657,0.000916188316,0.001984835381,0.002309588928,0.002313701809,0.002253792431,0.00224632469,0.002246547528,0.002244965575,0.00224290289,0.002242078843,0.002242440046,0.002243843136,0.002246273837,0.002249755927,0.002254302098,0.002259920954],
				"m": [0,-0.03047019381,0.0007557436713,0.0007286144468,0.0007385488632,-7.399636931e-05,3.305203292e-05,8.004115602e-05,9.072329401e-05,8.580527303e-05,8.717448535e-05,8.989515564e-05,9.247426372e-05,9.487360507e-05,9.733940038e-05,9.98845078e-05,0.0001024923622,0.0001051593732,0.0001078886932,0.0001106825052,0.0001135423255],
				"pi": [0,-0.0178802818,0.001822881344,0.0005616484255,-0.0002272163508,-0.0005768124876,-0.0004552907231,-0.0004388599816,-0.0004549055521,-0.0004721860935,-0.0004845031043,-0.0004968537801,-0.0005098880227,-0.0005233382711,-0.0005370675427,-0.0005511047523,-0.0005654729184,-0.0005801806057,-0.0005952344314,-0.0006106426827,-0.0006264141865],
				"r": [0,0.2171391017,-0.004136238597,-0.004526307151,-0.00516910606,0.0007072113885,-1.352225338e-05,-0.0003481187127,-0.000432988053,-0.0004012418275,-0.0004131299381,-0.0004348497578,-0.0004556659284,-0.0004751058306,-0.0004949205008,-0.0005152194651,-0.0005358884147,-0.0005569004525,-0.0005782777746,-0.0006000362271,-0.0006221868456],
				"a": [0,0,0,0,0,0,0,0,0,0,0,0,0,0,0,0,0,0,0,0,0],
				"e": [0,0,0,0,0,0,0,0,0,0,0,0,0,0,0,0,0,0,0,0,0],
				"z": [0,-2.764594109e-17,-2.32100184e-17,-2.477729285e-17,-2.427574056e-17,-2.411835755e-17,-2.333320946e-17,-2.312177387e-17,-2.306725796e-17,-2.287098617e-17,-2.272790621e-17,-2.280307093e-17,-2.285508932e-17,-2.230836725e-17,-2.256617893e-17,-2.223227994e-17,-2.235516816e-17,-2.186363139e-17,-2.162489534e-17,-2.157854423e-17,-2.080436804e-17],
				"pinf4": [0,-0.0178802818,-0.01605740045,-0.01549575203,-0.01572296838,0.001580500931,-0.000697671136,-0.001698179543,-0.001925868744,-0.00182124235,-0.001850454731,-0.00190844853,-0.001963431001,-0.002014583178,-0.002067147617,-0.002121398589,-0.002176983484,-0.002233825819,-0.002291992708,-0.002351530638,-0.002412471906],
				"interest": [0,0.8685564069,-0.01654495439,-0.0181052286,-0.02067642424,0.002828845554,-5.40890135e-05,-0.001392474851,-0.001731952212,-0.00160496731,-0.001652519752,-0.001739399031,-0.001822663713,-0.001900423322,-0.001979682003,-0.00206087786,-0.002143553659,-0.00222760181,-0.002313111098,-0.002400144908,-0.002488747382],
				"inflation": [0,-0.0178802818,-0.01605740045,-0.01549575203,-0.01572296838,0.001580500931,-0.000697671136,-0.001698179543,-0.001925868744,-0.00182124235,-0.001850454731,-0.00190844853,-0.001963431001,-0.002014583178,-0.002067147617,-0.002121398589,-0.002176983484,-0.002233825819,-0.002291992708,-0.002351530638,-0.002412471906],
				"inflationq": [0,-0.07152112719,0.007291525375,0.002246593702,-0.0009088654034,-0.00230724995,-0.001821162893,-0.001755439926,-0.001819622208,-0.001888744374,-0.001938012417,-0.00198741512,-0.002039552091,-0.002093353084,-0.002148270171,-0.002204419009,-0.002261891674,-0.002320722423,-0.002380937726,-0.002442570731,-0.002505656746],
				"outputgap": [0,-0.2092463407,0.01508229258,0.01027679887,0.005816056657,0.000916188316,0.001984835381,0.002309588928,0.002313701809,0.002253792431,0.00224632469,0.002246547528,0.002244965575,0.00224290289,0.002242078843,0.002242440046,0.002243843136,0.002246273837,0.002249755927,0.002254302098,0.002259920954],