{
	"model": "NK_IR04AL",
	"rule": "Model",
	"data": {
		"AC": {
			"y": [1,0.9367915761,0.9002569759,0.8709328298,0.8402486579,0.8137784896,0.7880400277,0.7625654317,0.7415394661,0.7165921764,0.6944537536,0.6695149927,0.6498136476,0.6309617251,0.6138345731,0.5937735142,0.5757999472,0.560339041,0.5496434542,0.5297206982,0.5135630698],
			"m": [1,0.9559849395,0.9147724634,0.8764805162,0.8393002488,0.8027805886,0.7658523776,0.7307408795,0.6952617055,0.6608655237,0.630015509,0.6010934854,0.5712536885,0.5444265856,0.5213302409,0.4990143475,0.4786669255,0.4585657404,0.4365986949,0.4160327357,0.3968687879],
			"pi": [1,0.7722647912,0.7287535257,0.6676696887,0.6394919838,0.5615379928,0.5787875884,0.5018220602,0.4945886931,0.4629780697,0.4666534836,0.4189692438,0.4399902175,0.3702883013,0.3830712785,0.3596310974,0.3703693692,0.3455387003,0.3789314402,0.3309432757,0.3544845023],
			"r": [1,0.934109049,0.8708084931,0.8166913893,0.7597893443,0.7067818847,0.6689893,0.6283918269,0.593028761,0.5691093626,0.5390977284,0.5096766047,0.483828862,0.4631609422,0.4479067756,0.4370580102,0.4233949928,0.4167725503,0.4125339363,0.403763642,0.3951285455],
			"a": [1,0.906269331,0.8270852455,0.7577139594,0.697392685,0.6355747232,0.5827547397,0.5402074609,0.4970643354,0.4577282341,0.424502844,0.3992570073,0.3690922689,0.3410437971,0.3252358391,0.3155306353,0.3056100954,0.3051366398,0.3017235549,0.2928296917,0.2868051376],
			"e": [1,0.9562240476,0.9151295014,0.8770061344,0.8399376059,0.8035173945,0.7666878632,0.7317042464,0.6964009133,0.6623052204,0.631895206,0.6033936292,0.5739496321,0.5476437425,0.5249300516,0.5028661886,0.4826680385,0.4628833331,0.4411589327,0.4208113875,0.4018626578],
			"z": [1,0.95464761,0.9174331611,0.8800176862,0.8471371312,0.8199442379,0.7956476465,0.7731395213,0.7548911678,0.7337590132,0.7095780605,0.6831969826,0.659827201,0.6371038497,0.624738999,0.6057181479,0.5878509452,0.5724634961,0.55736633,0.5407254886,0.5239103077],
			"pinf4": [1,0.9278216254,0.8684884651,0.8076161104,0.7426400937,0.6847568568,0.6565548524,0.6088661667,0.5794095241,0.556042823,0.5286327875,0.4944522291,0.4799989317,0.4501898573,0.437927501,0.4276752845,0.4183734874,0.4074684479,0.4113612857,0.398179451,0.3922605414],
			"interest": [1,0.934109049,0.8708084931,0.8166913893,0.7597893443,0.7067818847,0.6689893,0.6283918269,0.593028761,0.5691093626,0.5390977284,0.5096766047,0.483828862,0.4631609422,0.4479067756,0.4370580102,0.4233949928,0.4167725503,0.4125339363,0.403763642,0.3951285455],
			"inflation": [1,0.9278216254,0.8684884651,0.8076161104,0.7426400937,0.6847568568,0.6565548524,0.6088661667,0.5794095241,0.556042823,0.5286327875,0.4944522291,0.4799989317,0.4501898573,0.437927501,0.4276752845,0.4183734874,0.4074684479,0.4113612857,0.398179451,0.3922605414],
			"inflationq": [1,0.7722647912,0.7287535257,0.6676696887,0.6394919838,0.5615379928,0.5787875884,0.5018220602,0.4945886931,0.4629780697,0.4666534836,0.4189692438,0.4399902175,0.3702883013,0.3830712785,0.3596310974,0.3703693692,0.3455387003,0.3789314402,0.3309432757,0.3544845023],
			"outputgap": [1,0.5180289366,0.4353662134,0.4035335744,0.3946956371,0.3355406664,0.3352486809,0.3042710096,0.3014101303,0.2740042493,0.2853526459,0.2551312335,0.2757381731,0.2370812795,0.2469827169,0.2457218133,0.2534953499,0.2302144643,0.2644245812,0.2377211155,0.2492605221],
			"output": [1,0.9367915761,0.9002569759,0.8709328298,0.8402486579,0.8137784896,0.7880400277,0.7625654317,0.7415394661,0.7165921764,0.6944537536,0.6695149927,0.6498136476,0.6309617251,0.6138345731,0.5937735142,0.5757999472,0.560339041,0.5496434542,0.5297206982,0.5135630698],
			"inflationql": [1,0.839842428,0.7643037395,0.7236646374,0.6701582429,0.6163100913,0.5924170626,0.5555405573,0.519081017,0.5107851435,0.4835034323,0.4624026766,0.4376150998,0.414731511,0.4031432154,0.3996389167,0.3796361724,0.3811436957,0.3815570469,0.3673528382,0.3645240398],
			"inflationql2": [1,0.8605364186,0.7873599439,0.7268091355,0.6810744159,0.6329114509,0.5957945925,0.5677754389,0.5348819931,0.5128507715,0.4881546176,0.4666780396,0.4360539483,0.42223958,0.4079790143,0.3920919495,0.3766388904,0.3823413781,0.3797372361,0.3722826392,0.3629841606],
			"inflationqls": [1,0.9149150886,0.820577803,0.7636334922,0.7079913059,0.6568745405,0.6229244832,0.5856507478,0.554484324,0.5349290026,0.5108679785,0.4817830126,0.4567228366,0.4373973207,0.4242728751,0.4116211578,0.3993023789,0.396456538,0.3956189244,0.3889775761,0.3802919502]
		},
		"VAR": {
			"y": 14.35297705,
			"m": 7.514023683,
			"pi": 0.4291888348,
			"r": 0.4882490794,
			"a": 16.29387178,
			"e": 7.514604759,
			"z": 13.44155911,
			"pinf4": 5.143619218,
			"interest": 7.81198527,
			"inflation": 5.143619218,
			"inflationq": 6.867021357,
			"outputgap": 0.4477549819,
			"output": 14.35297705,
			"inflationql": 5.584771144,
			"inflationql2": 5.246668102,
			"inflationqls": 20.98788053
		},
		"IRF": {
			"interest_": {
				"y": [0,-0.4599926888,-0.1965082275,-0.08520167459,-0.03914775303,-0.02185929334,-0.01596955007,-0.01441365925,-0.01448679763,-0.01518366556,-0.01613782552,-0.01721830773,-0.01838001381,-0.01960906238,-0.02090301169,-0.02226376352,-0.02369505375,-0.02520160095,-0.02678886013,-0.02846300652,-0.03023101905],
				"m": [0,-0.03854288448,-0.01508656936,-0.005375066035,-0.001478184046,2.717192934e-05,0.0006122839867,0.0008551287805,0.0009739864153,0.001049531377,0.001111258797,0.001169936589,0.001229551239,0.001291654473,0.001356934479,0.001425782175,0.001498495674,0.001575355174,0.001656651845,0.001742700725,0.001833848475],
				"pi": [0,-0.07261920228,-0.03572229217,-0.0189788922,-0.01187391892,-0.009294098527,-0.008570267156,-0.008575670906,-0.008868059927,-0.009281279938,-0.009754895501,-0.01026788446,-0.01081374438,-0.01139133987,-0.01200158448,-0.01264625716,-0.01332759564,-0.01404817419,-0.01481088875,-0.01561898709,-0.01647612331],
				"r": [0,0.25,0.0957772931,0.0322052724,0.006871699029,-0.002978007707,-0.006911293988,-0.008655991979,-0.009615330279,-0.01030722056,-0.0109211546,-0.01152666548,-0.01214992372,-0.01280158,-0.01348682705,-0.01420902989,-0.01497104335,-0.01577570319,-0.01662602586,-0.01752530958,-0.01847720685],
				"a": [0,0,0,0,0,0,0,0,0,0,0,0,0,0,0,0,0,0,0,0,0],
				"e": [0,0,0,0,0,0,0,0,0,0,0,0,0,0,0,0,0,0,0,0,0],
				"z": [0,0,0,-1.328221614e-17,-1.315470687e-17,-1.309400785e-17,-1.296830537e-17,-1.094834484e-17,-8.976197421e-18,-8.890025926e-18,-4.502987162e-18,-2.044353712e-18,-2.024727917e-18,6.46394909e-19,6.401895179e-19,3.616891907e-18,3.540695357e-18,3.463002472e-18,6.536757616e-18,6.474004743e-18,6.411854298e-18],
				"pinf4": [0,-0.07261920228,-0.1083414945,-0.1273203867,-0.1391943056,-0.07586920182,-0.0487171768,-0.03831395551,-0.03530809652,-0.03529527793,-0.03647990627,-0.03817211982,-0.04011780428,-0.04222786421,-0.04447455319,-0.0468529259,-0.04936677716,-0.05202361148,-0.05483291574,-0.05780564567,-0.06095417333],
				"interest": [0,1,0.3831091724,0.1288210896,0.02748679611,-0.01191203083,-0.02764517595,-0.03462396792,-0.03846132111,-0.04122888226,-0.04368461838,-0.04610666191,-0.04859969489,-0.05120632001,-0.05394730818,-0.05683611955,-0.0598841734,-0.06310281275,-0.06650410342,-0.07010123832,-0.07390882738],
				"inflation": [0,-0.07261920228,-0.1083414945,-0.1273203867,-0.1391943056,-0.07586920182,-0.0487171768,-0.03831395551,-0.03530809652,-0.03529527793,-0.03647990627,-0.03817211982,-0.04011780428,-0.04222786421,-0.04447455319,-0.0468529259,-0.04936677716,-0.05202361148,-0.05483291574,-0.05780564567,-0.06095417333],
				"inflationq": [0,-0.2904768091,-0.1428891687,-0.07591556881,-0.04749567567,-0.03717639411,-0.03428106862,-0.03430268362,-0.03547223971,-0.03712511975,-0.039019582,-0.04107153784,-0.04325497754,-0.04556535948,-0.04800633792,-0.05058502865,-0.05331038258,-0.05619269676,-0.05924355499,-0.06247594834,-0.06590449325],