{
	"model": "NK_IR04AL",
	"rule": "CEE",
	"data": {
		"AC": {
			"y": [1,0.8852926567,0.8357880481,0.7926784119,0.7475382683,0.7207210347,0.6884965755,0.6544860502,0.6289621788,0.6024013347,0.5771773822,0.554507945,0.5317666609,0.5060211123,0.4821962497,0.4734448485,0.4376540252,0.4247912145,0.3991538884,0.3780180085,0.3638839131],
			"m": [1,0.9194802873,0.8818999848,0.8514968107,0.8229050162,0.7910622528,0.7406475847,0.7060302808,0.6750600014,0.6421517697,0.6105215222,0.5824998352,0.5545422629,0.5274236026,0.5030291927,0.4682828335,0.4622480481,0.4287263302,0.4305839486,0.3793318465,0.3610140585],
			"pi": [1,0.7161449336,0.6260592103,0.5932977427,0.5460782245,0.5073962225,0.4923002877,0.4322327439,0.4229217411,0.4229662254,0.3891850072,0.3663137113,0.3632814155,0.3457689266,0.3238867238,0.3359199587,0.3137216283,0.3213847306,0.3162376118,0.2987365624,0.2772760062],
			"r": [1,0.89389001,0.8362603556,0.7864956533,0.7256331368,0.6734360082,0.6282205679,0.572965311,0.5351065092,0.5089152305,0.4757793166,0.4514897478,0.4383797382,0.4181868961,0.4015090175,0.3991065749,0.3714025634,0.3703759995,0.3514042165,0.3240820617,0.2969776757],
			"a": [1,0.8422990772,0.740811945,0.6566688839,0.5865368616,0.5182312436,0.4603998555,0.4170891528,0.3750926612,0.3367625577,0.3039819155,0.2743697139,0.2391487228,0.2171526919,0.19511648,0.1794427984,0.1585203193,0.1410468699,0.1276736184,0.1180082529,0.107587695],
			"e": [1,0.9201487429,0.8825120395,0.8527949337,0.8227374913,0.7905891945,0.7416052768,0.7070081213,0.6756389178,0.6427404115,0.6111140342,0.5829259074,0.5549975074,0.527986802,0.5036439234,0.4698872734,0.4628185119,0.4294119331,0.4308988354,0.3795302074,0.361395747],
			"z": [1,0.9138593682,0.8713464516,0.8238975562,0.7771018715,0.7496255745,0.7133532132,0.6776226137,0.6474396493,0.618927186,0.5950151436,0.5701446187,0.5467278889,0.5256177842,0.5049959081,0.4971281369,0.4623115551,0.4485540537,0.4241964611,0.4021473668,0.3955323896],
			"pinf4": [1,0.8735600018,0.7942386071,0.7251448639,0.6420701407,0.586540487,0.5516604868,0.5000942866,0.4673580725,0.4493111175,0.4237655888,0.4068811472,0.4026276858,0.3821550132,0.3675218519,0.3706202858,0.3525294523,0.3591876071,0.347142335,0.3243412879,0.2964184438],
			"interest": [1,0.89389001,0.8362603556,0.7864956533,0.7256331368,0.6734360082,0.6282205679,0.572965311,0.5351065092,0.5089152305,0.4757793166,0.4514897478,0.4383797382,0.4181868961,0.4015090175,0.3991065749,0.3714025634,0.3703759995,0.3514042165,0.3240820617,0.2969776757],
			"inflation": [1,0.8735600018,0.7942386071,0.7251448639,0.6420701407,0.586540487,0.5516604868,0.5000942866,0.4673580725,0.4493111175,0.4237655888,0.4068811472,0.4026276858,0.3821550132,0.3675218519,0.3706202858,0.3525294523,0.3591876071,0.347142335,0.3243412879,0.2964184438],
			"inflationq": [1,0.7161449336,0.6260592103,0.5932977427,0.5460782245,0.5073962225,0.4923002877,0.4322327439,0.4229217411,0.4229662254,0.3891850072,0.3663137113,0.3632814155,0.3457689266,0.3238867238,0.3359199587,0.3137216283,0.3213847306,0.3162376118,0.2987365624,0.2772760062],
			"outputgap": [1,0.5640331147,0.424905769,0.3937210506,0.3310916838,0.3064324957,0.2899721508,0.239521509,0.2427354955,0.2477843902,0.2171655048,0.2031976222,0.1993468574,0.1884604087,0.1685848913,0.1801760308,0.1651518803,0.1781858698,0.1797786208,0.1633110679,0.1398451019],
			"output": [1,0.8852926567,0.8357880481,0.7926784119,0.7475382683,0.7207210347,0.6884965755,0.6544860502,0.6289621788,0.6024013347,0.5771773822,0.554507945,0.5317666609,0.5060211123,0.4821962497,0.4734448485,0.4376540252,0.4247912145,0.3991538884,0.3780180085,0.3638839131],
			"inflationql": [1,0.7350094939,0.6175389896,0.5974446636,"_NaN_","_NaN_","_NaN_","_NaN_","_NaN_","_NaN_","_NaN_","_NaN_","_NaN_","_NaN_","_NaN_","_NaN_","_NaN_","_NaN_","_NaN_","_NaN_","_NaN_"],
			"inflationql2": [1,0.7896632941,0.6580705243,0.5983153328,"_NaN_","_NaN_","_NaN_","_NaN_","_NaN_","_NaN_","_NaN_","_NaN_","_NaN_","_NaN_","_NaN_","_NaN_","_NaN_","_NaN_","_NaN_","_NaN_","_NaN_"],
			"inflationqls": [1,0.8448631648,0.6980753324,0.6416888897,"_NaN_","_NaN_","_NaN_","_NaN_","_NaN_","_NaN_","_NaN_","_NaN_","_NaN_","_NaN_","_NaN_","_NaN_","_NaN_","_NaN_","_NaN_","_NaN_","_NaN_"]
		},
		"VAR": {
			"y": 9.658066791,
			"m": 6.414285494,
			"pi": 0.1822285825,
			"r": 0.231074792,
			"a": 8.185101847,
			"e": 6.429122994,
			"z": 9.491205085,
			"pinf4": 2.131561912,
			"interest": 3.697196672,
			"inflation": 2.131561912,
			"inflationq": 2.91565732,
			"outputgap": 0.2971357917,
			"output": 9.658066791,
			"inflationql": 2.336314874,
			"inflationql2": 2.138076294,
			"inflationqls": 8.599842493
		},
		"IRF": {
			"interest_": {
				"y": [0,-0.8604037114,-0.7447118546,-0.6819156987,-0.6963625378,-0.9578564253,-0.6714357872,-0.6236231282,-0.8735373926,-0.6651863304,-0.8367524435,-0.5492893595,-0.3535569233,-0.1783321453,-0.06830238756,-0.07828240098,-0.195917352,-0.4082770015,-0.8038670198,-0.753172017,-1.630563749],
				"m": [0,-0.03766731747,-0.02424410608,-0.01399894848,-0.006109286873,-0.0003060499189,0.009577096294,0.01464105293,0.01739105929,0.02409442686,0.0266714793,0.03239557964,0.03454810901,0.03442605863,0.03229773412,0.02881380716,0.02544427927,0.02341571635,0.0233499586,0.02916378176,0.03122275101],
				"pi": [0,-0.2184909753,-0.2118960967,-0.2121044569,-0.2343164039,-0.3371576266,-0.2592676067,-0.2591243671,-0.355483571,-0.2971387984,-0.3714739999,-0.2813484254,-0.2250727309,-0.1628669062,-0.1177855197,-0.1116393017,-0.1463829497,-0.2221743827,-0.3739805782,-0.3741294199,-0.7198680089],
				"r": [0,0.192429567,0.09974147707,0.0257768221,-0.03911463808,-0.1185298289,-0.1613571681,-0.1957977486,-0.2493441255,-0.2766136761,-0.3188822374,-0.3283321464,-0.3208178129,-0.297711483,-0.2668018533,-0.2402131822,-0.2281356789,-0.238740951,-0.2881779178,-0.3282485982,-0.4555208492],
				"a": [0,0,0,0,0,0,0,0,0,0,0,0,0,0,0,0,0,0,0,0,0],
				"e": [0,0,0,0,0,0,0,0,0,0,0,0,0,0,0,0,0,0,0,0,0],
				"z": [0,0,-1.373425365e-30,1.464516752e-18,-9.951534695e-18,-3.331130924e-17,-5.890311067e-17,-9.562180034e-17,-1.520454069e-16,-2.078956669e-16,-2.058998685e-16,-2.039232298e-16,-2.019655668e-16,8.379123413e-17,3.214739003e-16,5.413942109e-16,5.361968265e-16,7.328741542e-16,9.370455469e-16,1.182992301e-15,1.586994305e-15],
				"pinf4": [0,-0.2184909753,-0.4303870721,-0.642491529,-0.8768079328,-0.9954745841,-1.042846094,-1.089866004,-1.211033171,-1.171014343,-1.283220736,-1.305444795,-1.175033955,-1.040762062,-0.7870735822,-0.6173644586,-0.5386746773,-0.5979821538,-0.8541772123,-1.11666733,-1.69015239],
				"interest": [0,0.7697182678,0.3989659083,0.1031072884,-0.1564585523,-0.4741193158,-0.6454286725,-0.7831909946,-0.9973765018,-1.106454705,-1.27552895,-1.313328586,-1.283271252,-1.190845932,-1.067207413,-0.9608527289,-0.9125427155,-0.9549638041,-1.152711671,-1.312994393,-1.822083397],
				"inflation": [0,-0.2184909753,-0.4303870721,-0.642491529,-0.8768079328,-0.9954745841,-1.042846094,-1.089866004,-1.211033171,-1.171014343,-1.283220736,-1.305444795,-1.175033955,-1.040762062,-0.7870735822,-0.6173644586,-0.5386746773,-0.5979821538,-0.8541772123,-1.11666733,-1.69015239],
				"inflationq": [0,-0.8739639014,-0.847584387,-0.8484178275,-0.9372656155,-1.348630506,-1.037070427,-1.036497468,-1.421934284,-1.188555193,-1.485896,-1.125393702,-0.9002909236,-0.6514676247,-0.471142079,-0.446557207,-0.5855317986,-0.8886975308,-1.495922313,-1.496517679,-2.879472036],
				"outputgap": [0,-0.8604037114,-0.7447118546,-0.6819156987,-0.6963625378,-0.9578564253,-0.6714357872,-0.6236231282,-0.8735373926,-0.6651863304,-0.8367524435,-0.5492893595,-0.3535569233,-0.1783321453,-0.06830238756,-0.07828240098,-0.195917352,-0.4082770015,-0.8038670198,-0.753172017,-1.630563749],