{
	"model": "NK_IR04AL",
	"rule": "CEE",
	"data": {
		"AC": {
			"y": [1,0.8852920691,0.8357877913,0.7926794685,0.7475382018,0.7207198828,0.6884944899,0.6544836989,0.6289616423,0.6023996585,0.5771742355,0.5545048267,0.5317638083,0.5060185681,0.4821942617,0.4734418336,0.4376497075,0.4247870052,0.3991510746,0.3780167126,0.3638816377],
			"m": [1,0.9194802899,0.8818999504,0.8514967055,0.8229048246,0.7910619938,0.7406472624,0.7060299022,0.6750596048,0.6421513603,0.6105210997,0.5824993947,0.5545417889,0.5274231096,0.5030286721,0.4682822663,0.4622474238,0.4287256769,0.4305833113,0.3793312392,0.3610134894],
			"pi": [1,0.7161397536,0.6260550526,0.593297459,0.5460802441,0.5074006773,0.4923038733,0.4322353271,0.4229249192,0.4229662226,0.3891849954,0.3663122749,0.3632783357,0.3457677543,0.323891045,0.3359272661,0.3137302537,0.3213936674,0.3162421898,0.2987455273,0.2772871754],
			"r": [1,0.8938905061,0.836261713,0.7864982535,0.7256370978,0.6734412315,0.6282266649,0.572971893,0.5351134946,0.5089223929,0.475786988,0.4514982145,0.4383891557,0.4181976538,0.401521425,0.3991208669,0.3714187527,0.3703936072,0.3514224342,0.3241006879,0.2969965256],
			"a": [1,0.8422990772,0.740811945,0.6566688839,0.5865368616,0.5182312436,0.4603998555,0.4170891528,0.3750926612,0.3367625577,0.3039819155,0.2743697139,0.2391487228,0.2171526919,0.19511648,0.1794427984,0.1585203193,0.1410468699,0.1276736184,0.1180082529,0.107587695],
			"e": [1,0.9201487429,0.8825120395,0.8527949337,0.8227374913,0.7905891945,0.7416052768,0.7070081213,0.6756389178,0.6427404115,0.6111140342,0.5829259074,0.5549975074,0.527986802,0.5036439234,0.4698872734,0.4628185119,0.4294119331,0.4308988354,0.3795302074,0.361395747],
			"z": [1,0.9138593682,0.8713464516,0.8238975562,0.7771018715,0.7496255745,0.7133532132,0.6776226137,0.6474396493,0.618927186,0.5950151436,0.5701446187,0.5467278889,0.5256177842,0.5049959081,0.4971281369,0.4623115551,0.4485540537,0.4241964611,0.4021473668,0.3955323896],
			"pinf4": [1,0.873560032,0.794239788,0.7251479552,0.6420749263,0.5865470137,0.551667433,0.5001005365,0.4673634052,0.4493150361,0.4237685771,0.4068837327,0.4026305005,0.3821594121,0.3675289803,0.3706301183,0.3525414601,0.3592006837,0.3471553567,0.324354762,0.2964327126],
			"interest": [1,0.8938905061,0.836261713,0.7864982535,0.7256370978,0.6734412315,0.6282266649,0.572971893,0.5351134946,0.5089223929,0.475786988,0.4514982145,0.4383891557,0.4181976538,0.401521425,0.3991208669,0.3714187527,0.3703936072,0.3514224342,0.3241006879,0.2969965256],
			"inflation": [1,0.873560032,0.794239788,0.7251479552,0.6420749263,0.5865470137,0.551667433,0.5001005365,0.4673634052,0.4493150361,0.4237685771,0.4068837327,0.4026305005,0.3821594121,0.3675289803,0.3706301183,0.3525414601,0.3592006837,0.3471553567,0.324354762,0.2964327126],
			"inflationq": [1,0.7161397536,0.6260550526,0.593297459,0.5460802441,0.5074006773,0.4923038733,0.4322353271,0.4229249192,0.4229662226,0.3891849954,0.3663122749,0.3632783357,0.3457677543,0.323891045,0.3359272661,0.3137302537,0.3213936674,0.3162421898,0.2987455273,0.2772871754],
			"outputgap": [1,0.5640257875,0.424903092,0.3937352983,0.3311147947,0.3064564165,0.2899888444,0.2395395534,0.2427478222,0.2477921355,0.2171835257,0.2032164541,0.1993558547,0.188465702,0.1686067738,0.1802073976,0.1651815966,0.1782029468,0.1797801721,0.1633231429,0.1398641976],
			"output": [1,0.8852920691,0.8357877913,0.7926794685,0.7475382018,0.7207198828,0.6884944899,0.6544836989,0.6289616423,0.6023996585,0.5771742355,0.5545048267,0.5317638083,0.5060185681,0.4821942617,0.4734418336,0.4376497075,0.4247870052,0.3991510746,0.3780167126,0.3638816377],
			"inflationql": [1,0.7350041734,0.6175348038,0.5974444124,"_NaN_","_NaN_","_NaN_","_NaN_","_NaN_","_NaN_","_NaN_","_NaN_","_NaN_","_NaN_","_NaN_","_NaN_","_NaN_","_NaN_","_NaN_","_NaN_","_NaN_"],
			"inflationql2": [1,0.7896578841,0.6580663912,0.5983160809,"_NaN_","_NaN_","_NaN_","_NaN_","_NaN_","_NaN_","_NaN_","_NaN_","_NaN_","_NaN_","_NaN_","_NaN_","_NaN_","_NaN_","_NaN_","_NaN_","_NaN_"],
			"inflationqls": [1,0.8448618673,0.6980741327,0.6416908706,"_NaN_","_NaN_","_NaN_","_NaN_","_NaN_","_NaN_","_NaN_","_NaN_","_NaN_","_NaN_","_NaN_","_NaN_","_NaN_","_NaN_","_NaN_","_NaN_","_NaN_"]
		},
		"VAR": {
			"y": 9.658016506,
			"m": 6.414293922,
			"pi": 0.1822330606,
			"r": 0.2310800869,
			"a": 8.185101847,
			"e": 6.429122994,
			"z": 9.491205085,
			"pinf4": 2.131614498,
			"interest": 3.697281391,
			"inflation": 2.131614498,
			"inflationq": 2.915728969,
			"outputgap": 0.2971659009,
			"output": 9.658016506,
			"inflationql": 2.336386394,
			"inflationql2": 2.138147227,
			"inflationqls": 8.600072334
		},
		"IRF": {
			"interest_": {
				"y": [0,-0.8604037114,-0.7447118546,-0.6819156987,-0.6963625378,-0.9578564253,-0.6714357872,-0.6236231282,-0.8735373926,-0.6651863304,-0.8367524435,-0.5492893595,-0.3535569233,-0.1783321453,-0.06830238755,-0.07828240098,-0.195917352,-0.4082770015,-0.8038670197,-0.7531720169,-1.630563748],
				"m": [0,-0.03766731747,-0.02424410608,-0.01399894848,-0.006109286873,-0.0003060499189,0.009577096294,0.01464105293,0.01739105929,0.02409442686,0.0266714793,0.03239557964,0.03454810901,0.03442605863,0.03229773412,0.02881380716,0.02544427927,0.02341571635,0.0233499586,0.02916378176,0.03122275101],
				"pi": [0,-0.2184909753,-0.2118960967,-0.2121044569,-0.2343164039,-0.3371576266,-0.2592676067,-0.2591243671,-0.355483571,-0.2971387984,-0.3714739999,-0.2813484254,-0.2250727309,-0.1628669062,-0.1177855197,-0.1116393017,-0.1463829497,-0.2221743827,-0.3739805782,-0.3741294199,-0.7198680088],
				"r": [0,0.192429567,0.09974147707,0.0257768221,-0.03911463808,-0.1185298289,-0.1613571681,-0.1957977486,-0.2493441255,-0.2766136761,-0.3188822374,-0.3283321464,-0.3208178129,-0.297711483,-0.2668018533,-0.2402131822,-0.2281356789,-0.238740951,-0.2881779178,-0.3282485982,-0.4555208492],
				"a": [0,0,0,0,0,0,0,0,0,0,0,0,0,0,0,0,0,0,0,0,0],
				"e": [0,0,0,0,0,0,0,0,0,0,0,0,0,0,0,0,0,0,0,0,0],
				"z": [0,0,0,-6.040388634e-18,-1.184622822e-17,-1.354005734e-17,4.689605485e-17,9.161693189e-18,1.822901577e-16,4.011274683e-16,4.976496207e-16,6.271023297e-16,5.389241608e-16,7.553432843e-16,1.011468441e-15,9.707227419e-16,1.161567733e-15,1.134229105e-15,1.09096535e-15,1.031354324e-15,1.602236772e-15],
				"pinf4": [0,-0.2184909753,-0.4303870721,-0.642491529,-0.8768079328,-0.9954745841,-1.042846094,-1.089866004,-1.211033171,-1.171014343,-1.283220736,-1.305444795,-1.175033955,-1.040762062,-0.7870735822,-0.6173644586,-0.5386746773,-0.5979821538,-0.8541772123,-1.11666733,-1.69015239],
				"interest": [0,0.7697182678,0.3989659083,0.1031072884,-0.1564585523,-0.4741193158,-0.6454286725,-0.7831909946,-0.9973765018,-1.106454705,-1.27552895,-1.313328586,-1.283271252,-1.190845932,-1.067207413,-0.9608527289,-0.9125427155,-0.9549638041,-1.152711671,-1.312994393,-1.822083397],
				"inflation": [0,-0.2184909753,-0.4303870721,-0.642491529,-0.8768079328,-0.9954745841,-1.042846094,-1.089866004,-1.211033171,-1.171014343,-1.283220736,-1.305444795,-1.175033955,-1.040762062,-0.7870735822,-0.6173644586,-0.5386746773,-0.5979821538,-0.8541772123,-1.11666733,-1.69015239],
				"inflationq": [0,-0.8739639014,-0.847584387,-0.8484178275,-0.9372656155,-1.348630506,-1.037070427,-1.036497468,-1.421934284,-1.188555193,-1.485896,-1.125393702,-0.9002909236,-0.6514676247,-0.471142079,-0.446557207,-0.5855317986,-0.8886975308,-1.495922313,-1.496517679,-2.879472035],
				"outputgap": [0,-0.8604037114,-0.7447118546,-0.6819156987,-0.6963625378,-0.9578564253,-0.6714357872,-0.6236231282,-0.8735373926,-0.6651863304,-0.8367524435,-0.5492893595,-0.3535569233,-0.1783321453,-0.06830238755,-0.07828240098,-0.195917352,-0.4082770015,-0.8038670197,-0.7531720169,-1.630563748],