{
	"model": "NK_IR04AL",
	"rule": "SW",
	"data": {
		"AC": {
			"y": [1,0.9449782747,0.8966211352,0.8500171741,0.8069819286,0.7670817458,0.7271275,0.6906535314,0.65508539,0.6229381182,0.6027619917,0.5786651655,0.5558139541,0.5370553564,0.5215616435,0.5088010434,0.4933227245,0.4783265841,0.4660319715,0.4546741779,0.4412053392],
			"m": [1,0.9467993509,0.89369,0.851810404,0.8182988887,0.7774332484,0.7358300316,0.7040781538,0.6794549499,0.6548470981,0.6284807096,0.6018782691,0.5778537132,0.5562955537,0.5385848932,0.5230270739,0.5094297681,0.4965446907,0.4806645972,0.4678697811,0.4552723435],
			"pi": [1,0.8206068872,0.7479758838,0.6800990226,0.6401725882,0.6091762493,0.5814204701,0.554357428,0.5323342749,0.5161922934,0.5021294714,0.5009095762,0.4911115928,0.4855824812,0.4657181169,0.4572932111,0.4438909922,0.4377726423,0.4275396161,0.4064710611,0.3934616968],
			"r": [1,0.9053278713,0.8692142081,0.8207913914,0.791075413,0.7596518296,0.7345805641,0.7053977696,0.6787661107,0.6625186669,0.6424570729,0.6332084128,0.6178446598,0.6084382204,0.5896234486,0.578362459,0.5608849543,0.5439645795,0.5264455377,0.5018192263,0.4859198761],
			"a": [1,0.8990756095,0.8277585614,0.7531172005,0.6987267788,0.6477327199,0.5999098526,0.5599496194,0.5205608863,0.4896011084,0.4572633184,0.4263851564,0.400697681,0.3781136832,0.3591069712,0.3424334796,0.326964257,0.3106138632,0.2988593185,0.2852166886,0.2715363593],
			"e": [1,0.9471276355,0.8942317481,0.852248734,0.8185024154,0.7779584229,0.736895732,0.7054016661,0.6807920003,0.6561010399,0.6297818787,0.6030915682,0.5791748636,0.5575856615,0.5400381466,0.5245676415,0.5110083397,0.4982581129,0.4824826106,0.4696864894,0.4572465715],
			"z": [1,0.9513289435,0.9043181873,0.8594646273,0.8172546134,0.7774733108,0.7371973587,0.6983214862,0.6635636444,0.6307892567,0.608898263,0.5844209722,0.561107657,0.5422015754,0.5237765655,0.5101520048,0.4974449785,0.4847282599,0.4736434387,0.4613693286,0.446198595],
			"pinf4": [1,0.9335888948,0.8619201979,0.7887540632,0.7282679763,0.6853465353,0.6505688436,0.6177660522,0.5912501745,0.5746085891,0.5635910955,0.5540667919,0.5413379668,0.5288745636,0.5164858776,0.5082071333,0.4984641624,0.4852652141,0.4703334044,0.4552252338,0.4425816921],
			"interest": [1,0.9053278713,0.8692142081,0.8207913914,0.791075413,0.7596518296,0.7345805641,0.7053977696,0.6787661107,0.6625186669,0.6424570729,0.6332084128,0.6178446598,0.6084382204,0.5896234486,0.578362459,0.5608849543,0.5439645795,0.5264455377,0.5018192263,0.4859198761],
			"inflation": [1,0.9335888948,0.8619201979,0.7887540632,0.7282679763,0.6853465353,0.6505688436,0.6177660522,0.5912501745,0.5746085891,0.5635910955,0.5540667919,0.5413379668,0.5288745636,0.5164858776,0.5082071333,0.4984641624,0.4852652141,0.4703334044,0.4552252338,0.4425816921],
			"inflationq": [1,0.8206068872,0.7479758838,0.6800990226,0.6401725882,0.6091762493,0.5814204701,0.554357428,0.5323342749,0.5161922934,0.5021294714,0.5009095762,0.4911115928,0.4855824812,0.4657181169,0.4572932111,0.4438909922,0.4377726423,0.4275396161,0.4064710611,0.3934616968],
			"outputgap": [1,0.6400981901,0.5403230005,0.4599986914,0.4311689654,0.3896169747,0.3614628146,0.3406068425,0.3174988777,0.3241879703,0.3133843244,0.3116668963,0.3130260302,0.3161135416,0.3133411741,0.3258481715,0.3164911896,0.3123102856,0.3020284355,0.2861986707,0.272480402],
			"output": [1,0.9449782747,0.8966211352,0.8500171741,0.8069819286,0.7670817458,0.7271275,0.6906535314,0.65508539,0.6229381182,0.6027619917,0.5786651655,0.5558139541,0.5370553564,0.5215616435,0.5088010434,0.4933227245,0.4783265841,0.4660319715,0.4546741779,0.4412053392],
			"inflationql": [1,0.8461412778,0.7501707423,0.6908615144,0.6409485545,0.6176982193,0.5835842145,0.5540139906,0.5361971983,0.5217891518,"_NaN_","_NaN_","_NaN_","_NaN_","_NaN_","_NaN_","_NaN_","_NaN_","_NaN_","_NaN_","_NaN_"],
			"inflationql2": [1,0.840497246,0.7571286118,0.6850505153,0.6465219021,0.6080498758,0.5709312186,0.5569540094,0.5368820079,0.5179910721,"_NaN_","_NaN_","_NaN_","_NaN_","_NaN_","_NaN_","_NaN_","_NaN_","_NaN_","_NaN_","_NaN_"],
			"inflationqls": [1,0.9079044869,0.7955910455,0.7236197934,0.677299472,0.6425901861,0.6079568455,0.5817710303,0.5608446197,0.5440400961,"_NaN_","_NaN_","_NaN_","_NaN_","_NaN_","_NaN_","_NaN_","_NaN_","_NaN_","_NaN_","_NaN_"]
		},
		"VAR": {
			"y": 11.13366638,
			"m": 7.827420127,
			"pi": 0.05937892573,
			"r": 0.1796121684,
			"a": 15.24676025,
			"e": 7.798862236,
			"z": 10.78843922,
			"pinf4": 0.8295303936,
			"interest": 2.873794695,
			"inflation": 0.8295303936,
			"inflationq": 0.9500628117,
			"outputgap": 0.1012895142,
			"output": 11.13366638,
			"inflationql": 0.9020970668,
			"inflationql2": 0.8712787934,
			"inflationqls": 3.438438445
		},
		"IRF": {
			"interest_": {
				"y": [0,-0.5222980383,-0.4522427465,-0.4144728245,-0.4184996542,-0.5948726341,-0.4007730688,-0.1905563821,0.02959355369,0.1256219077,0.07901233197,0.02021027643,-0.005799703855,-0.0173793916,-0.02687982634,-0.03546419021,-0.04250174372,-0.04825540552,-0.05325772405,-0.05785640829,-0.06224329016],
				"m": [0,-0.01616396474,-0.007074787103,0.00104182486,0.009270470093,0.0231956664,0.02579543023,0.02436496941,0.01862379219,0.01341509118,0.01178967273,0.0116217938,0.01150143379,0.01145318366,0.0116103613,0.01194567044,0.01240159284,0.01294754183,0.01357089016,0.01426468155,0.01502474018],
				"pi": [0,-0.1564145132,-0.1546786691,-0.159281488,-0.1802156058,-0.2787196563,-0.2129985806,-0.1412586772,-0.04584192482,0.006584043007,-0.002772841328,-0.0237095807,-0.03486393177,-0.04064852361,-0.04552733982,-0.05026269381,-0.05467916466,-0.05882990502,-0.06289035531,-0.06699283351,-0.07122020952],
				"r": [0,0.06324265177,-0.0005647345454,-0.06067542357,-0.1269605486,-0.2605487932,-0.2568157052,-0.2188310172,-0.1451336054,-0.09136902508,-0.08426281284,-0.09034749344,-0.09267041656,-0.09374722663,-0.0962035376,-0.09996806273,-0.104501362,-0.1095921441,-0.1152067322,-0.1213334357,-0.1279631029],
				"a": [0,0,0,0,0,0,0,0,0,0,0,0,0,0,0,0,0,0,0,0,0],
				"e": [0,0,0,0,0,0,0,0,0,0,0,0,0,0,0,0,0,0,0,0,0],
				"z": [0,0,9.832152539e-31,-4.199325473e-18,-2.315411014e-17,-2.301645632e-17,1.126017745e-17,1.115207975e-17,5.156473569e-18,5.106971423e-18,2.780049228e-17,5.053854619e-17,7.0035308e-17,9.082250226e-17,8.995060624e-17,1.116228252e-16,1.326609355e-16,1.290373891e-16,1.25130498e-16,1.482031767e-16,1.486325062e-16],
				"pinf4": [0,-0.1564145132,-0.3110931823,-0.4703746703,-0.6505902761,-0.7728954193,-0.8312153307,-0.8131925199,-0.6788188389,-0.3935151395,-0.1832894003,-0.06574030384,-0.05476231079,-0.1019948774,-0.1447493759,-0.171302489,-0.1911177219,-0.2092991033,-0.2266621188,-0.2433922585,-0.2599333034],
				"interest": [0,0.2529706071,-0.002258938182,-0.2427016943,-0.5078421944,-1.042195173,-1.027262821,-0.8753240688,-0.5805344218,-0.3654761003,-0.3370512514,-0.3613899737,-0.3706816663,-0.3749889065,-0.3848141504,-0.3998722509,-0.4180054482,-0.4383685766,-0.4608269289,-0.4853337426,-0.5118524114],
				"inflation": [0,-0.1564145132,-0.3110931823,-0.4703746703,-0.6505902761,-0.7728954193,-0.8312153307,-0.8131925199,-0.6788188389,-0.3935151395,-0.1832894003,-0.06574030384,-0.05476231079,-0.1019948774,-0.1447493759,-0.171302489,-0.1911177219,-0.2092991033,-0.2266621188,-0.2433922585,-0.2599333034],
				"inflationq": [0,-0.6256580527,-0.6187146765,-0.637125952,-0.7208624234,-1.114878625,-0.8519943223,-0.5650347086,-0.1833676993,0.02633617203,-0.01109136531,-0.09483832281,-0.1394557271,-0.1625940944,-0.1821093593,-0.2010507753,-0.2187166586,-0.2353196201,-0.2515614212,-0.267971334,-0.2848808381],
				"outputgap": [0,-0.5222980383,-0.4522427465,-0.4144728245,-0.4184996542,-0.5948726341,-0.4007730688,-0.1905563821,0.02959355369,0.1256219077,0.07901233197,0.02021027643,-0.005799703855,-0.0173793916,-0.02687982634,-0.03546419021,-0.04250174372,-0.04825540552,-0.05325772405,-0.05785640829,-0.06224329016],