{
	"model": "NK_IR04AL",
	"rule": "CMR",
	"data": {
		"AC": {
			"y": [1,0.9035734298,0.8571059855,0.8150363284,0.7756890761,0.742557191,0.712714181,0.6841964585,0.6682358622,0.641226875,0.6218769636,0.5965732736,0.5832755259,0.562464476,0.5489369702,0.5182131979,0.5018344079,0.4825576996,0.4672897551,0.4486453317,0.4255222323],
			"m": [1,0.9243332473,0.8754040565,0.836570689,0.7975029071,0.7548815081,0.6975774988,0.6652588604,0.6336163932,0.5946598998,0.5670713211,0.5521765,0.5359017957,0.5165091347,0.4930183545,0.4823226256,0.4782792006,0.4680344061,0.4476284598,0.4339724668,0.4211591884],
			"pi": [1,0.7275973515,0.654977862,0.6139123029,0.5620879211,0.5430361301,0.5044691291,0.4846159588,0.4740226489,0.4542113264,0.4227936227,0.4066807651,0.3983724611,0.3813063013,0.3810735186,0.3597628462,0.3584984244,0.3555671577,0.360513441,0.3479856937,0.3469884267],
			"r": [1,0.9157611865,0.8753021832,0.835690021,0.7872383746,0.7549034852,0.7140959508,0.6814669712,0.6490852308,0.617932892,0.5898745235,0.5633357057,0.5414751846,0.5196874088,0.5065472124,0.4846410294,0.4726316504,0.4570527717,0.4464392155,0.4352028553,0.4242663986],
			"a": [1,0.843268259,0.7445083084,0.6592922905,0.5882831805,0.5163243857,0.4416731995,0.3921333078,0.3507848669,0.315775049,0.274562768,0.2444292457,0.2233962795,0.2035067617,0.1900233159,0.1707281397,0.161022911,0.1588543624,0.1550706359,0.1382345665,0.1392836635],
			"e": [1,0.923806247,0.8748863918,0.8356253817,0.7958531328,0.7523906409,0.6948001644,0.6622708255,0.630954708,0.5924930139,0.5645912787,0.5499571743,0.5339571079,0.5152003937,0.4922839505,0.4821380669,0.4785618572,0.4685286895,0.4481964066,0.4343280231,0.4209773758],
			"z": [1,0.9327080459,0.8831639707,0.8303137215,0.791001651,0.754651129,0.7252462788,0.6958510621,0.6657262874,0.6505767503,0.6208452237,0.5911982781,0.5630730206,0.5516005795,0.5356152402,0.5162287706,0.4996812273,0.4753542043,0.4568274965,0.4379825283,0.4079884018],
			"pinf4": [1,0.9008900834,0.8324386724,0.7579323065,0.6809831535,0.6363630611,0.5930161969,0.5619567883,0.5347077115,0.5094857226,0.4853763285,0.4637885788,0.4437254875,0.425472644,0.4172108685,0.4011695924,0.3985043646,0.3931572846,0.3926159494,0.3888666085,0.3865719946],
			"interest": [1,0.9157611865,0.8753021832,0.835690021,0.7872383746,0.7549034852,0.7140959508,0.6814669712,0.6490852308,0.617932892,0.5898745235,0.5633357057,0.5414751846,0.5196874088,0.5065472124,0.4846410294,0.4726316504,0.4570527717,0.4464392155,0.4352028553,0.4242663986],
			"inflation": [1,0.9008900834,0.8324386724,0.7579323065,0.6809831535,0.6363630611,0.5930161969,0.5619567883,0.5347077115,0.5094857226,0.4853763285,0.4637885788,0.4437254875,0.425472644,0.4172108685,0.4011695924,0.3985043646,0.3931572846,0.3926159494,0.3888666085,0.3865719946],
			"inflationq": [1,0.7275973515,0.654977862,0.6139123029,0.5620879211,0.5430361301,0.5044691291,0.4846159588,0.4740226489,0.4542113264,0.4227936227,0.4066807651,0.3983724611,0.3813063013,0.3810735186,0.3597628462,0.3584984244,0.3555671577,0.360513441,0.3479856937,0.3469884267],
			"outputgap": [1,0.599819838,0.4854119156,0.4451439385,0.3998001765,0.3733337779,0.3327482282,0.3110280539,0.3032185925,0.2765410333,0.2591653135,0.2484005726,0.2493787806,0.2380881431,0.2402323945,0.2126714416,0.222733065,0.2270626764,0.2508251801,0.2317883968,0.2293658808],
			"output": [1,0.9035734298,0.8571059855,0.8150363284,0.7756890761,0.742557191,0.712714181,0.6841964585,0.6682358622,0.641226875,0.6218769636,0.5965732736,0.5832755259,0.562464476,0.5489369702,0.5182131979,0.5018344079,0.4825576996,0.4672897551,0.4486453317,0.4255222323],
			"inflationql": [1,0.7962297917,0.6814257079,0.638445767,0.5866508669,0.5407715528,0.511180122,0.4829428933,0.4696049041,0.4439081894,"_NaN_","_NaN_","_NaN_","_NaN_","_NaN_","_NaN_","_NaN_","_NaN_","_NaN_","_NaN_","_NaN_"],
			"inflationql2": [1,0.8160613884,0.7049252207,0.641792952,0.5776139127,0.5275727797,0.4936441705,0.4761532639,0.4571673514,0.4287612831,"_NaN_","_NaN_","_NaN_","_NaN_","_NaN_","_NaN_","_NaN_","_NaN_","_NaN_","_NaN_","_NaN_"],
			"inflationqls": [1,0.8832845045,0.7565845662,0.687096443,0.6246578143,0.5736608112,0.5368660089,0.5136588441,0.4920392788,0.4652100809,"_NaN_","_NaN_","_NaN_","_NaN_","_NaN_","_NaN_","_NaN_","_NaN_","_NaN_","_NaN_","_NaN_"]
		},
		"VAR": {
			"y": 12.13113358,
			"m": 6.57259641,
			"pi": 0.05091830002,
			"r": 0.1557933112,
			"a": 10.54847616,
			"e": 6.545934649,
			"z": 11.52670333,
			"pinf4": 0.6502391046,
			"interest": 2.492692979,
			"inflation": 0.6502391046,
			"inflationq": 0.8146928003,
			"outputgap": 0.2111083366,
			"output": 12.13113358,
			"inflationql": 0.7342922629,
			"inflationql2": 0.7027583158,
			"inflationqls": 2.735555448
		},
		"IRF": {
			"interest_": {
				"y": [0,-0.9874204697,-0.958274147,-1.109285259,-2.693617859,2.268841522,1.1003027,-0.6084624711,0.1048557122,-0.1786077295,-0.0435984892,-0.08618577991,-0.06449127296,-0.06915642107,-0.06504223418,-0.06529592683,-0.06472857765,-0.06520597072,-0.06591241672,-0.0670800108,-0.06855039658],
				"m": [0,-0.03730578872,-0.02508453799,-0.01457918506,-0.007689783622,0.03409783758,0.005969310262,-0.01057852674,-0.002076917744,-0.003644211722,-0.001274496508,-0.0008653666516,8.607442511e-05,0.0006822901225,0.001295994514,0.001807005786,0.002278618525,0.002701169779,0.003090701405,0.003451590654,0.003791211801],
				"pi": [0,-0.2707634365,-0.2932666137,-0.3694161524,-0.939967222,0.6898439722,0.3491377331,-0.2053228514,0.01948025728,-0.08261709459,-0.04045081618,-0.0572547625,-0.05229637379,-0.05604271259,-0.05672662047,-0.05879433248,-0.0605220078,-0.06256057915,-0.06465244768,-0.06689252499,-0.06924122077],
				"r": [0,0.1734975643,0.07948686225,-0.02356132718,-0.2787320428,0.01398767759,0.09125077855,0.007712387654,0.02984522779,0.006572418835,0.004681377927,-0.003967775147,-0.008833225723,-0.01418834193,-0.01857443496,-0.0226912984,-0.02638952879,-0.02982753091,-0.0330305163,-0.03606278837,-0.0389632939],
				"a": [0,0,0,0,0,0,0,0,0,0,0,0,0,0,0,0,0,0,0,0,0],
				"e": [0,0,0,0,0,0,0,0,0,0,0,0,0,0,0,0,0,0,0,0,0],
				"z": [0,0,3.48571223e-27,3.452249393e-27,3.419107799e-27,3.386284364e-27,1.008514937e-16,2.359777611e-17,4.607661128e-17,3.248974307e-17,3.217784154e-17,3.186893426e-17,3.156299249e-17,3.103712252e-17,3.098560173e-17,3.072595451e-17,3.544956373e-17,3.510924792e-17,3.823129131e-17,4.143902644e-17,4.450801414e-17],
				"pinf4": [0,-0.2707634365,-0.5640300503,-0.9334462027,-1.873413425,-0.912806016,-0.2704016692,-0.1063083682,0.8531391111,0.08067804438,-0.3089105049,-0.160842416,-0.2326190471,-0.2060446651,-0.2223204694,-0.2238600393,-0.2320856733,-0.2386035399,-0.2465293671,-0.2546275596,-0.2633467726],
				"interest": [0,0.6939902574,0.317947449,-0.09424530872,-1.114928171,0.05595071034,0.3650031142,0.03084955062,0.1193809111,0.02628967534,0.01872551171,-0.01587110059,-0.03533290289,-0.05675336772,-0.07429773985,-0.09076519358,-0.1055581152,-0.1193101236,-0.1321220652,-0.1442511535,-0.1558531756],
				"inflation": [0,-0.2707634365,-0.5640300503,-0.9334462027,-1.873413425,-0.912806016,-0.2704016692,-0.1063083682,0.8531391111,0.08067804438,-0.3089105049,-0.160842416,-0.2326190471,-0.2060446651,-0.2223204694,-0.2238600393,-0.2320856733,-0.2386035399,-0.2465293671,-0.2546275596,-0.2633467726],
				"inflationq": [0,-1.083053746,-1.173066455,-1.47766461,-3.759868888,2.759375889,1.396550933,-0.8212914058,0.07792102914,-0.3304683784,-0.1618032647,-0.22901905,-0.2091854952,-0.2241708504,-0.2269064819,-0.2351773299,-0.2420880312,-0.2502423166,-0.2586097907,-0.2675701,-0.2769648831],
				"outputgap": [0,-0.9874204697,-0.958274147,-1.109285259,-2.693617859,2.268841522,1.1003027,-0.6084624711,0.1048557122,-0.1786077295,-0.0435984892,-0.08618577991,-0.06449127296,-0.06915642107,-0.06504223418,-0.06529592683,-0.06472857765,-0.06520597072,-0.06591241672,-0.0670800108,-0.06855039658],