{
	"model": "NK_IR04AL",
	"rule": "Model",
	"data": {
		"AC": {
			"y": [1,0.9367915746,0.900256974,0.8709328272,0.8402486555,0.813778488,0.7880400261,0.7625654303,0.741539465,0.7165921754,0.6944537526,0.6695149917,0.6498136468,0.6309617243,0.6138345723,0.5937735136,0.5757999466,0.5603390403,0.5496434538,0.5297206979,0.5135630695],
			"m": [1,0.9559849393,0.914772463,0.8764805158,0.8393002483,0.8027805881,0.765852377,0.730740879,0.6952617049,0.6608655231,0.6300155084,0.6010934849,0.571253688,0.5444265851,0.5213302404,0.499014347,0.478666925,0.4585657399,0.4365986944,0.4160327352,0.3968687875],
			"pi": [1,0.7722647976,0.7287535198,0.6676696489,0.6394919271,0.561537918,0.5787875203,0.5018220005,0.4945886422,0.4629780223,0.4666534373,0.4189692003,0.4399901769,0.3702882673,0.3830712494,0.3596310692,0.3703693391,0.3455386694,0.3789314143,0.3309432513,0.3544844766],
			"r": [1,0.934109031,0.8708084529,0.8166913322,0.7597892775,0.7067818223,0.6689892424,0.6283917736,0.5930287122,0.5691093183,0.5390976877,0.5096765676,0.4838288286,0.4631609127,0.4479067496,0.4370579864,0.4233949699,0.4167725286,0.4125339166,0.4037636246,0.3951285295],
			"a": [1,0.906269331,0.8270852455,0.7577139594,0.697392685,0.6355747232,0.5827547397,0.5402074609,0.4970643354,0.4577282341,0.424502844,0.3992570073,0.3690922689,0.3410437971,0.3252358391,0.3155306353,0.3056100954,0.3051366398,0.3017235549,0.2928296917,0.2868051376],
			"e": [1,0.9562240476,0.9151295014,0.8770061344,0.8399376059,0.8035173945,0.7666878632,0.7317042464,0.6964009133,0.6623052204,0.631895206,0.6033936292,0.5739496321,0.5476437425,0.5249300516,0.5028661886,0.4826680385,0.4628833331,0.4411589327,0.4208113875,0.4018626578],
			"z": [1,0.95464761,0.9174331611,0.8800176862,0.8471371312,0.8199442379,0.7956476465,0.7731395213,0.7548911678,0.7337590132,0.7095780605,0.6831969826,0.659827201,0.6371038497,0.624738999,0.6057181479,0.5878509452,0.5724634961,0.55736633,0.5407254886,0.5239103077],
			"pinf4": [1,0.9278216068,0.8684884228,0.8076160492,0.7426400233,0.684756784,0.6565547847,0.6088661046,0.5794094674,0.556042771,0.52863274,0.4944521859,0.4799988925,0.4501898222,0.4379274693,0.4276752551,0.4183734596,0.4074684211,0.4113612609,0.3981794281,0.3922605199],
			"interest": [1,0.934109031,0.8708084529,0.8166913322,0.7597892775,0.7067818223,0.6689892424,0.6283917736,0.5930287122,0.5691093183,0.5390976877,0.5096765676,0.4838288286,0.4631609127,0.4479067496,0.4370579864,0.4233949699,0.4167725286,0.4125339166,0.4037636246,0.3951285295],
			"inflation": [1,0.9278216068,0.8684884228,0.8076160492,0.7426400233,0.684756784,0.6565547847,0.6088661046,0.5794094674,0.556042771,0.52863274,0.4944521859,0.4799988925,0.4501898222,0.4379274693,0.4276752551,0.4183734596,0.4074684211,0.4113612609,0.3981794281,0.3922605199],
			"inflationq": [1,0.7722647976,0.7287535198,0.6676696489,0.6394919271,0.561537918,0.5787875203,0.5018220005,0.4945886422,0.4629780223,0.4666534373,0.4189692003,0.4399901769,0.3702882673,0.3830712494,0.3596310692,0.3703693391,0.3455386694,0.3789314143,0.3309432513,0.3544844766],
			"outputgap": [1,0.5180289474,0.4353662327,0.4035335553,0.3946956129,0.3355406479,0.3352486578,0.3042709943,0.3014101245,0.2740042413,0.2853526323,0.2551312175,0.2757381585,0.2370812743,0.2469827183,0.2457218141,0.2534953448,0.2302144527,0.2644245815,0.2377211101,0.2492605112],
			"output": [1,0.9367915746,0.900256974,0.8709328272,0.8402486555,0.813778488,0.7880400261,0.7625654303,0.741539465,0.7165921754,0.6944537526,0.6695149917,0.6498136468,0.6309617243,0.6138345723,0.5937735136,0.5757999466,0.5603390403,0.5496434538,0.5297206979,0.5135630695],
			"inflationql": [1,0.8398424218,0.7643037103,0.7236645824,0.6701581681,0.6163100185,0.5924169959,0.5555404972,0.519080965,0.5107850966,0.4835033882,0.4624026348,0.4376150602,0.4147314783,0.4031431882,0.3996388905,0.3796361449,0.3811436679,0.3815570238,0.3673528177,0.3645240209],
			"inflationql2": [1,0.8605363983,0.7873599056,0.7268090678,0.6810743555,0.6329113935,0.5957945379,0.5677753886,0.5348819486,0.5128507321,0.4881545811,0.4666780057,0.4360539175,0.4222395552,0.4079789939,0.3920919306,0.3766388713,0.3823413576,0.37973722,0.3722826246,0.3629841475],
			"inflationqls": [1,0.9149150704,0.8205777618,0.7636334266,0.7079912296,0.6568744684,0.6229244162,0.5856506865,0.5544842691,0.5349289538,0.5108679331,0.48178297,0.4567227981,0.4373972875,0.4242728468,0.4116211315,0.3993023522,0.3964565117,0.3956189008,0.3889775557,0.3802919312]
		},
		"VAR": {
			"y": 14.35297704,
			"m": 7.514023683,
			"pi": 0.4291888643,
			"r": 0.4882491041,
			"a": 16.29387178,
			"e": 7.514604759,
			"z": 13.44155911,
			"pinf4": 5.143619519,
			"interest": 7.811985665,
			"inflation": 5.143619519,
			"inflationq": 6.867021828,
			"outputgap": 0.4477550133,
			"output": 14.35297704,
			"inflationql": 5.584771547,
			"inflationql2": 5.246668423,
			"inflationqls": 20.9878819
		},
		"IRF": {
			"interest_": {
				"y": [0,-0.4599926888,-0.1965082275,-0.08520167459,-0.03914775303,-0.02185929334,-0.01596955007,-0.01441365925,-0.01448679763,-0.01518366556,-0.01613782552,-0.01721830773,-0.01838001381,-0.01960906238,-0.02090301169,-0.02226376352,-0.02369505375,-0.02520160095,-0.02678886013,-0.02846300652,-0.03023101905],
				"m": [0,-0.03854288448,-0.01508656936,-0.005375066035,-0.001478184046,2.717192935e-05,0.0006122839867,0.0008551287805,0.0009739864153,0.001049531377,0.001111258797,0.001169936589,0.001229551239,0.001291654473,0.001356934479,0.001425782175,0.001498495674,0.001575355174,0.001656651845,0.001742700725,0.001833848475],
				"pi": [0,-0.07261920228,-0.03572229217,-0.0189788922,-0.01187391892,-0.009294098527,-0.008570267156,-0.008575670906,-0.008868059927,-0.009281279938,-0.009754895501,-0.01026788446,-0.01081374438,-0.01139133987,-0.01200158448,-0.01264625716,-0.01332759564,-0.01404817419,-0.01481088875,-0.01561898709,-0.01647612331],
				"r": [0,0.25,0.0957772931,0.0322052724,0.006871699029,-0.002978007707,-0.006911293988,-0.008655991979,-0.009615330279,-0.01030722056,-0.0109211546,-0.01152666548,-0.01214992372,-0.01280158,-0.01348682705,-0.01420902989,-0.01497104335,-0.01577570319,-0.01662602586,-0.01752530958,-0.01847720685],
				"a": [0,0,0,0,0,0,0,0,0,0,0,0,0,0,0,0,0,0,0,0,0],
				"e": [0,0,0,0,0,0,0,0,0,0,0,0,0,0,0,0,0,0,0,0,0],
				"z": [0,0,-5.529188218e-17,-5.488655675e-17,-6.148240631e-17,-6.089217521e-17,-6.030761033e-17,-5.786531048e-17,-5.541314356e-17,-5.488117738e-17,-5.002197783e-17,-4.715843578e-17,-4.673942521e-17,-4.632620989e-17,-4.339945331e-17,-4.036782331e-17,-4.00217666e-17,-3.963755764e-17,-3.934915056e-17,-3.897139872e-17,-3.859727329e-17],
				"pinf4": [0,-0.07261920228,-0.1083414945,-0.1273203867,-0.1391943056,-0.07586920182,-0.0487171768,-0.03831395551,-0.03530809652,-0.03529527793,-0.03647990627,-0.03817211982,-0.04011780428,-0.04222786421,-0.04447455319,-0.0468529259,-0.04936677716,-0.05202361148,-0.05483291574,-0.05780564567,-0.06095417333],
				"interest": [0,1,0.3831091724,0.1288210896,0.02748679611,-0.01191203083,-0.02764517595,-0.03462396792,-0.03846132111,-0.04122888226,-0.04368461838,-0.04610666191,-0.04859969489,-0.05120632001,-0.05394730818,-0.05683611955,-0.0598841734,-0.06310281275,-0.06650410342,-0.07010123832,-0.07390882738],
				"inflation": [0,-0.07261920228,-0.1083414945,-0.1273203867,-0.1391943056,-0.07586920182,-0.0487171768,-0.03831395551,-0.03530809652,-0.03529527793,-0.03647990627,-0.03817211982,-0.04011780428,-0.04222786421,-0.04447455319,-0.0468529259,-0.04936677716,-0.05202361148,-0.05483291574,-0.05780564567,-0.06095417333],
				"inflationq": [0,-0.2904768091,-0.1428891687,-0.07591556881,-0.04749567567,-0.03717639411,-0.03428106862,-0.03430268362,-0.03547223971,-0.03712511975,-0.039019582,-0.04107153784,-0.04325497754,-0.04556535948,-0.04800633792,-0.05058502865,-0.05331038258,-0.05619269676,-0.05924355499,-0.06247594834,-0.06590449325],