{
	"model": "NK_IR04AL",
	"rule": "Taylor",
	"data": {
		"AC": {
			"y": [1,0.9353368336,0.8870528948,0.8420218456,0.8084960842,0.7745039111,0.7419231526,0.7056032126,0.6805355165,0.6498938944,0.63407089,0.6087655787,0.5828900691,0.5637170653,"_NaN_","_NaN_","_NaN_","_NaN_","_NaN_","_NaN_","_NaN_"],
			"m": [1,0.9086965156,0.8375072368,0.7803969111,0.7299068636,0.68684275,0.6512518758,0.6148261872,0.5819086214,0.5637715702,0.5439798733,0.5171608079,0.4730278828,0.4434320259,"_NaN_","_NaN_","_NaN_","_NaN_","_NaN_","_NaN_","_NaN_"],
			"pi": [1,0.7371718443,0.7085595597,0.5656682244,0.5912375936,0.491164,0.5071373807,0.4270061155,0.4617581985,0.39778622,0.4190808001,0.3479834257,0.3696207852,0.3231858983,"_NaN_","_NaN_","_NaN_","_NaN_","_NaN_","_NaN_","_NaN_"],
			"r": [1,0.8856340541,0.8218257582,0.7279355937,0.6653650649,0.5898568116,0.5598514588,0.5000728139,0.4795869797,0.4394453365,0.4386130798,0.403965427,0.3928557225,0.3671417866,"_NaN_","_NaN_","_NaN_","_NaN_","_NaN_","_NaN_","_NaN_"],
			"a": [1,0.8510007968,0.7451521308,0.6486573664,0.5941805521,0.5398768316,0.484929433,0.4601284809,0.4431565835,0.4242258174,0.3892700683,0.3555231745,0.3329680542,0.3263594927,"_NaN_","_NaN_","_NaN_","_NaN_","_NaN_","_NaN_","_NaN_"],
			"e": [1,0.9101509826,0.8397683633,0.7835222992,0.7336483027,0.6911655591,0.6555922042,0.6193276815,0.5864428943,0.5677525669,0.5475050172,0.5211262584,0.4776464825,0.4482269713,"_NaN_","_NaN_","_NaN_","_NaN_","_NaN_","_NaN_","_NaN_"],
			"z": [1,0.9471959761,0.8990567309,0.8566971949,0.8183581273,0.7835855995,0.7490068881,0.7166846243,0.6845290853,0.6484574387,0.6277233312,0.6039559526,0.5685623615,0.5419574241,"_NaN_","_NaN_","_NaN_","_NaN_","_NaN_","_NaN_","_NaN_"],
			"pinf4": [1,0.9046954937,0.8368080788,0.7140757985,0.6544344059,0.5752848338,0.5509282363,0.4853643096,0.476883837,0.4397793905,0.4493929568,0.4159307248,0.4108089129,0.3715953737,"_NaN_","_NaN_","_NaN_","_NaN_","_NaN_","_NaN_","_NaN_"],
			"interest": [1,0.8856340541,0.8218257582,0.7279355937,0.6653650649,0.5898568116,0.5598514588,0.5000728139,0.4795869797,0.4394453365,0.4386130798,0.403965427,0.3928557225,0.3671417866,"_NaN_","_NaN_","_NaN_","_NaN_","_NaN_","_NaN_","_NaN_"],
			"inflation": [1,0.9046954937,0.8368080788,0.7140757985,0.6544344059,0.5752848338,0.5509282363,0.4853643096,0.476883837,0.4397793905,0.4493929568,0.4159307248,0.4108089129,0.3715953737,"_NaN_","_NaN_","_NaN_","_NaN_","_NaN_","_NaN_","_NaN_"],
			"inflationq": [1,0.7371718443,0.7085595597,0.5656682244,0.5912375936,0.491164,0.5071373807,0.4270061155,0.4617581985,0.39778622,0.4190808001,0.3479834257,0.3696207852,0.3231858983,"_NaN_","_NaN_","_NaN_","_NaN_","_NaN_","_NaN_","_NaN_"],
			"outputgap": [1,0.3510750873,0.2784267229,0.1855026895,0.2893519168,0.2235545062,0.237433824,0.1766728128,0.2180004771,0.1643188764,0.1855891692,0.1140844634,0.1375045829,0.1063633211,"_NaN_","_NaN_","_NaN_","_NaN_","_NaN_","_NaN_","_NaN_"],
			"output": [1,0.9353368336,0.8870528948,0.8420218456,0.8084960842,0.7745039111,0.7419231526,0.7056032126,0.6805355165,0.6498938944,0.63407089,0.6087655787,0.5828900691,0.5637170653,"_NaN_","_NaN_","_NaN_","_NaN_","_NaN_","_NaN_","_NaN_"],
			"inflationql": [1,0.8005354115,0.7139668945,0.6284679443,0.588564024,0.5387599325,0.5043591584,0.4692879137,0.4390182617,0.4175674419,0.397325468,0.3981521201,0.3705056514,0.3689538342,"_NaN_","_NaN_","_NaN_","_NaN_","_NaN_","_NaN_","_NaN_"],
			"inflationql2": [1,0.8229493904,0.7211680386,0.6294763859,0.5914150847,0.5561186449,0.512997357,0.4665471847,0.4307680695,0.4133511822,0.4043685612,0.4109238105,0.4061220144,0.3943089766,"_NaN_","_NaN_","_NaN_","_NaN_","_NaN_","_NaN_","_NaN_"],
			"inflationqls": [1,0.8957292518,0.7665746154,0.6728360688,0.6111225496,0.5674496033,0.5309338291,0.4876935128,0.4492908025,0.4264420541,0.4190109377,0.4270550109,0.4099798363,0.3921859441,"_NaN_","_NaN_","_NaN_","_NaN_","_NaN_","_NaN_","_NaN_"]
		},
		"VAR": {
			"y": 8.622209045,
			"m": 4.640314284,
			"pi": 0.06663058588,
			"r": 0.09017553015,
			"a": 8.884391356,
			"e": 4.59135333,
			"z": 8.353917552,
			"pinf4": 0.6665290355,
			"interest": 1.442808482,
			"inflation": 0.6665290355,
			"inflationq": 1.066089374,
			"outputgap": 0.07539937916,
			"output": 8.622209045,
			"inflationql": 0.7290812095,
			"inflationql2": 0.6933867951,
			"inflationqls": 2.728656783
		},
		"IRF": {
			"interest_": {
				"y": [0,-0.2092463407,0.01508229258,0.01027679887,0.005816056657,0.000916188316,0.001984835381,0.002309588928,0.002313701809,0.002253792431,0.00224632469,0.002246547528,0.002244965575,0.00224290289,0.002242078843,0.002242440046,0.002243843136,0.002246273837,0.002249755927,0.002254302098,0.002259920954],
				"m": [0,-0.03047019381,0.0007557436713,0.0007286144468,0.0007385488632,-7.399636931e-05,3.305203292e-05,8.004115602e-05,9.072329401e-05,8.580527303e-05,8.717448535e-05,8.989515564e-05,9.247426372e-05,9.487360507e-05,9.733940037e-05,9.98845078e-05,0.0001024923622,0.0001051593732,0.0001078886932,0.0001106825052,0.0001135423255],
				"pi": [0,-0.0178802818,0.001822881344,0.0005616484255,-0.0002272163508,-0.0005768124876,-0.0004552907231,-0.0004388599816,-0.0004549055521,-0.0004721860935,-0.0004845031043,-0.0004968537801,-0.0005098880227,-0.0005233382711,-0.0005370675427,-0.0005511047523,-0.0005654729184,-0.0005801806057,-0.0005952344314,-0.0006106426827,-0.0006264141865],
				"r": [0,0.2171391017,-0.004136238597,-0.004526307151,-0.00516910606,0.0007072113885,-1.352225338e-05,-0.0003481187127,-0.000432988053,-0.0004012418275,-0.0004131299381,-0.0004348497578,-0.0004556659284,-0.0004751058306,-0.0004949205008,-0.0005152194651,-0.0005358884147,-0.0005569004525,-0.0005782777746,-0.0006000362271,-0.0006221868456],
				"a": [0,0,0,0,0,0,0,0,0,0,0,0,0,0,0,0,0,0,0,0,0],
				"e": [0,0,0,0,0,0,0,0,0,0,0,0,0,0,0,0,0,0,0,0,0],
				"z": [0,0,0,-1.871782472e-19,-1.232721389e-19,-9.413098857e-20,9.170198513e-20,-2.243709772e-20,2.944577373e-19,2.413257746e-19,2.409199945e-19,5.333218387e-19,3.1085225e-19,3.078680684e-19,2.306586539e-19,-7.360496854e-20,-7.289836084e-20,-1.347306605e-19,-3.815192114e-19,-5.078384465e-19,-3.375334891e-19],
				"pinf4": [0,-0.0178802818,-0.01605740045,-0.01549575203,-0.01572296838,0.001580500931,-0.000697671136,-0.001698179543,-0.001925868744,-0.00182124235,-0.001850454731,-0.00190844853,-0.001963431001,-0.002014583178,-0.002067147617,-0.002121398589,-0.002176983484,-0.002233825819,-0.002291992708,-0.002351530638,-0.002412471906],
				"interest": [0,0.8685564069,-0.01654495439,-0.0181052286,-0.02067642424,0.002828845554,-5.40890135e-05,-0.001392474851,-0.001731952212,-0.00160496731,-0.001652519752,-0.001739399031,-0.001822663713,-0.001900423322,-0.001979682003,-0.00206087786,-0.002143553659,-0.00222760181,-0.002313111098,-0.002400144908,-0.002488747382],
				"inflation": [0,-0.0178802818,-0.01605740045,-0.01549575203,-0.01572296838,0.001580500931,-0.000697671136,-0.001698179543,-0.001925868744,-0.00182124235,-0.001850454731,-0.00190844853,-0.001963431001,-0.002014583178,-0.002067147617,-0.002121398589,-0.002176983484,-0.002233825819,-0.002291992708,-0.002351530638,-0.002412471906],
				"inflationq": [0,-0.07152112719,0.007291525375,0.002246593702,-0.0009088654033,-0.00230724995,-0.001821162893,-0.001755439926,-0.001819622208,-0.001888744374,-0.001938012417,-0.00198741512,-0.002039552091,-0.002093353084,-0.002148270171,-0.002204419009,-0.002261891674,-0.002320722423,-0.002380937726,-0.002442570731,-0.002505656746],
				"outputgap": [0,-0.2092463407,0.01508229258,0.01027679887,0.005816056657,0.000916188316,0.001984835381,0.002309588928,0.002313701809,0.002253792431,0.00224632469,0.002246547528,0.002244965575,0.00224290289,0.002242078843,0.002242440046,0.002243843136,0.002246273837,0.002249755927,0.002254302098,0.002259920954],