{
	"model": "NK_IR04AL",
	"rule": "GR",
	"data": {
		"AC": {
			"y": [1,0.9611687636,0.928466428,0.8981653236,0.87005339,0.8418129337,0.8135405294,0.7846636166,0.7583860796,0.7335474912,0.7094647318,0.6853503808,0.6621514961,0.640520574,0.6200693342,0.6003778076,0.5823529647,0.5647475767,0.5489987984,0.534219255,0.5203547575],
			"m": [1,0.9533842994,0.9103217693,0.8716237037,0.8365601583,0.8069806057,0.7753807109,0.7449938705,0.7165633947,0.6891729684,0.6621527083,0.6349163732,0.6070326633,0.5830312338,0.5570601069,0.5345524603,0.5154610584,0.4983899363,0.4801820734,0.4607154073,0.4364428728],
			"pi": [1,0.7855068229,0.7469376147,0.6639137721,0.6603365095,0.6091397439,0.612843598,0.5770406517,0.5875979054,0.5442376665,0.5438064541,0.5005803416,0.5148541152,0.4779499473,0.4899257006,0.444774031,0.4521761809,0.4057058977,0.4278414463,0.3910019062,0.4057083844],
			"r": [1,0.9711671269,0.9345169854,0.8899223808,0.847071953,0.8049143456,0.7679766161,0.7355533398,0.7089644157,0.6826191306,0.6597721885,0.6374505164,0.6180218442,0.5951575659,0.5736049681,0.5475033658,0.5265293451,0.5049716778,0.4884980178,0.4721606609,0.4595369933],
			"a": [1,0.9116662664,0.8392264253,0.7711520075,0.7168234012,0.6626069709,0.6104135433,0.5731401046,0.5375740743,0.4999709918,0.4645573436,0.4354328079,0.4134559588,0.3903711369,0.367071516,0.3447897911,0.325140496,0.3047436055,0.2915074367,0.2810824139,0.2697551722],
			"e": [1,0.9539113852,0.9112873634,0.8729553165,0.8380942158,0.8082703916,0.7764539091,0.7458529548,0.7171670995,0.6896144227,0.6624033077,0.6352207098,0.607548217,0.5835759298,0.5578291638,0.5352533748,0.5157875895,0.4982809074,0.4798790924,0.460465972,0.4365483062],
			"z": [1,0.9671154868,0.9377449571,0.9083370639,0.8803114494,0.8520102585,0.8242694844,0.7965034557,0.771055389,0.7463130981,0.7230206637,0.6999951783,0.677399981,0.656353586,0.6354472689,0.6159314797,0.597388652,0.5793840201,0.5633016731,0.5488882115,0.5343243095],
			"pinf4": [1,0.9448215833,0.8933202832,0.825667033,0.779048195,0.7359572257,0.7106056507,0.6826705763,0.6677484136,0.6398724763,0.6225732246,0.5975801117,0.587147036,0.5630906197,0.5480037317,0.5189226378,0.5045825351,0.4797188685,0.4718944308,0.4533659176,0.4466070834],
			"interest": [1,0.9711671269,0.9345169854,0.8899223808,0.847071953,0.8049143456,0.7679766161,0.7355533398,0.7089644157,0.6826191306,0.6597721885,0.6374505164,0.6180218442,0.5951575659,0.5736049681,0.5475033658,0.5265293451,0.5049716778,0.4884980178,0.4721606609,0.4595369933],
			"inflation": [1,0.9448215833,0.8933202832,0.825667033,0.779048195,0.7359572257,0.7106056507,0.6826705763,0.6677484136,0.6398724763,0.6225732246,0.5975801117,0.587147036,0.5630906197,0.5480037317,0.5189226378,0.5045825351,0.4797188685,0.4718944308,0.4533659176,0.4466070834],
			"inflationq": [1,0.7855068229,0.7469376147,0.6639137721,0.6603365095,0.6091397439,0.612843598,0.5770406517,0.5875979054,0.5442376665,0.5438064541,0.5005803416,0.5148541152,0.4779499473,0.4899257006,0.444774031,0.4521761809,0.4057058977,0.4278414463,0.3910019062,0.4057083844],
			"outputgap": [1,0.5647004083,0.4122717314,0.3496780289,0.3647120603,0.3462129014,0.3387886378,0.3395989643,0.3416158285,0.3302792125,0.3180489422,0.3097351061,0.301133851,0.2931250787,0.2935398431,0.2750167794,0.2793451154,0.2694317768,0.273012069,0.2510450468,0.257185709],
			"output": [1,0.9611687636,0.928466428,0.8981653236,0.87005339,0.8418129337,0.8135405294,0.7846636166,0.7583860796,0.7335474912,0.7094647318,0.6853503808,0.6621514961,0.640520574,0.6200693342,0.6003778076,0.5823529647,0.5647475767,0.5489987984,0.534219255,0.5203547575],
			"inflationql": [1,0.8382299725,0.7528815077,0.7038943411,0.6725834149,0.6483389122,0.6221984014,0.6052335014,0.5931185552,0.5695874555,0.5458556962,0.5250988772,0.511081166,0.5027762768,0.4820428663,0.4601724551,0.4440268974,0.4246585071,0.4161343408,0.4036175181,0.3987106074],
			"inflationql2": [1,0.8469625897,0.7665184463,0.7078756274,0.674875617,0.6474106326,0.6230467587,0.6049184069,0.5901820505,0.5643591825,0.549245847,0.5305500433,0.5105842955,0.4989950105,0.4794089476,0.4598719668,0.4399413504,0.4215561332,0.4145434397,0.4043698409,0.3976980294],
			"inflationqls": [1,0.9189490634,0.81345209,0.7544565134,0.7172900304,0.6876543906,0.6611078917,0.6415461544,0.6260146869,0.6018590834,0.5786058791,0.5595628769,0.5428135052,0.5287032163,0.5094676955,0.4861110595,0.4663944551,0.4479604113,0.4352891755,0.4261361734,0.4175328087]
		},
		"VAR": {
			"y": 13.71649551,
			"m": 8.709883221,
			"pi": 0.05713477121,
			"r": 0.1455388029,
			"a": 18.5961487,
			"e": 8.673123108,
			"z": 13.30891565,
			"pinf4": 0.7153088815,
			"interest": 2.328620847,
			"inflation": 0.7153088815,
			"inflationq": 0.9141563393,
			"outputgap": 0.1742095708,
			"output": 13.71649551,
			"inflationql": 0.7962765609,
			"inflationql2": 0.7709817041,
			"inflationqls": 2.98213914
		},
		"IRF": {
			"interest_": {
				"y": [0,-0.4859567003,-0.251289523,-0.1112179094,-0.03808120713,-0.01371150042,-0.008330721566,-0.008609015749,-0.009865214732,-0.01100837664,-0.01197214568,-0.01285927626,-0.01374115896,-0.01464842159,-0.0155911131,-0.01657219788,-0.01759309673,-0.0186552814,-0.01976051554,-0.02091079386,-0.02210827804],
				"m": [0,-0.0358485796,-0.01923943991,-0.008516167159,-0.001748159727,0.0007745764894,0.001531333537,0.001703061176,0.001752110375,0.001802818216,0.001872491939,0.001955517197,0.002046386227,0.002142612481,0.002243533747,0.002349203717,0.002459878312,0.002575850406,0.002697418132,0.0028248886,0.002958585584],
				"pi": [0,-0.08010899811,-0.04261884246,-0.02102625112,-0.01102257515,-0.008055427071,-0.007696897852,-0.008070803239,-0.008556262434,-0.009024824823,-0.009478976455,-0.009937644376,-0.01041252262,-0.01090882388,-0.01142880918,-0.01197384041,-0.01254516897,-0.01314415042,-0.01377227642,-0.01443117223,-0.01512259834],
				"r": [0,0.2251835631,0.1220548797,0.05402817098,0.009164481649,-0.007923406843,-0.01329303707,-0.01470090827,-0.01525164483,-0.01580136345,-0.0164800307,-0.0172557455,-0.01809349751,-0.01897727851,-0.01990306422,-0.02087165822,-0.0218852857,-0.02294647363,-0.02405782796,-0.0252220555,-0.0264420174],
				"a": [0,0,0,0,0,0,0,0,0,0,0,0,0,0,0,0,0,0,0,0,0],
				"e": [0,0,0,0,0,0,0,0,0,0,0,0,0,0,0,0,0,0,0,0,0],
				"z": [0,0,0,4.712952032e-18,-7.281569365e-18,-1.108148932e-18,1.012206599e-18,3.942477574e-18,3.904629789e-18,4.292721312e-18,7.746259692e-18,1.178983512e-17,1.16766527e-17,1.271601278e-17,1.259393906e-17,1.813878951e-17,1.928876948e-17,1.910359729e-17,2.611080343e-17,3.118095007e-17,3.088161295e-17],
				"pinf4": [0,-0.08010899811,-0.1227278406,-0.1437540917,-0.1547766668,-0.0827230958,-0.04780115118,-0.03484570331,-0.0323793906,-0.03334878835,-0.03513086695,-0.03699770809,-0.03885396827,-0.04073796733,-0.04268780006,-0.04472399608,-0.04685664244,-0.04909196897,-0.05143543622,-0.05389276804,-0.0564701974],
				"interest": [0,0.9007342522,0.4882195187,0.2161126839,0.0366579266,-0.03169362737,-0.05317214827,-0.05880363307,-0.0610065793,-0.06320545379,-0.06592012279,-0.06902298201,-0.07237399005,-0.07590911405,-0.07961225688,-0.08348663288,-0.08754114279,-0.09178589453,-0.09623131183,-0.100888222,-0.1057680696],
				"inflation": [0,-0.08010899811,-0.1227278406,-0.1437540917,-0.1547766668,-0.0827230958,-0.04780115118,-0.03484570331,-0.0323793906,-0.03334878835,-0.03513086695,-0.03699770809,-0.03885396827,-0.04073796733,-0.04268780006,-0.04472399608,-0.04685664244,-0.04909196897,-0.05143543622,-0.05389276804,-0.0564701974],
				"inflationq": [0,-0.3204359924,-0.1704753698,-0.08410500447,-0.04409030058,-0.03222170828,-0.03078759141,-0.03228321295,-0.03422504974,-0.03609929929,-0.03791590582,-0.03975057751,-0.04165009048,-0.04363529553,-0.04571523671,-0.04789536162,-0.05018067589,-0.05257660167,-0.05508910568,-0.05772468891,-0.06049039336],