{
	"model": "NK_IR04AL",
	"rule": "LWW",
	"data": {
		"AC": {
			"y": [1,0.9479763851,0.9094179886,0.8708486387,0.8468769754,0.8191509044,0.7871852597,0.7541397456,0.7315353976,0.7088936114,0.688040044,0.6627379071,0.638258278,0.6106792377,0.5898281353,0.5677142347,0.5439493287,0.5205329963,0.4935822061,0.4792014232,0.4533561636],
			"m": [1,0.9530604666,0.9151421808,0.8810125382,0.8471871098,0.8157085883,0.7852598096,0.7535289101,0.7314423745,0.7157409044,0.7000327792,0.6822791142,0.6607315257,0.6377461081,0.6138772042,0.5879981437,0.5643506856,0.5368563794,0.5166453985,0.4961620174,0.4750527665],
			"pi": [1,0.7090688083,0.6446861732,0.5693811553,0.5434780558,0.4928893827,0.479951192,0.4392669858,0.4331198528,0.426572756,0.4392923967,0.4198533902,0.4078335825,0.3840493137,0.3949067342,0.3759944801,0.3654711291,0.3515786662,0.345700286,0.3157813176,0.3097180906],
			"r": [1,0.8932370953,0.8488805404,0.8056284007,0.7637558643,0.7251957685,0.6839762087,0.6443935157,0.6151369927,0.5946596493,0.5784096454,0.5577041873,0.5308944817,0.5114307897,0.4993990356,0.481956358,0.4615104888,0.4473843669,0.4288023693,0.4054427837,0.3937530161],
			"a": [1,0.9076182809,0.833256259,0.7614437525,0.6984640027,0.6411019978,0.5925140481,0.5508268481,0.5126915554,0.4829829988,0.4528523843,0.4262825276,0.3991668556,0.373455539,0.3473996741,0.3277865624,0.3069616708,0.2850943862,0.2621899251,0.2419690889,0.2246383182],
			"e": [1,0.9524362696,0.9141987837,0.879862398,0.8455436971,0.8137582121,0.7831089614,0.7507446702,0.7288356322,0.7135793558,0.6982974121,0.6811536439,0.6600559667,0.6373963248,0.6139029999,0.5879808734,0.5645638337,0.5368607388,0.516717522,0.4962691471,0.475404887],
			"z": [1,0.9523324989,0.9123946754,0.8751956021,0.848312697,0.8217448421,0.7889373138,0.7569147435,0.7302422505,0.7062565273,0.6834457486,0.6576811263,0.6319409314,0.6062691651,0.5835037014,0.5609133011,0.5372691056,0.515145799,0.4959105375,0.4772321801,0.4516311636],
			"pinf4": [1,0.9279274192,0.8511483705,0.7575123864,0.6738962437,0.6117239934,0.5728699236,0.5400179975,0.5243125467,0.5127493996,0.5109736842,0.5032692351,0.4930395877,0.4738867285,0.4603405231,0.4429170559,0.4260655615,0.4034962932,0.3839187746,0.3625644924,0.3479179389],
			"interest": [1,0.8932370953,0.8488805404,0.8056284007,0.7637558643,0.7251957685,0.6839762087,0.6443935157,0.6151369927,0.5946596493,0.5784096454,0.5577041873,0.5308944817,0.5114307897,0.4993990356,0.481956358,0.4615104888,0.4473843669,0.4288023693,0.4054427837,0.3937530161],
			"inflation": [1,0.9279274192,0.8511483705,0.7575123864,0.6738962437,0.6117239934,0.5728699236,0.5400179975,0.5243125467,0.5127493996,0.5109736842,0.5032692351,0.4930395877,0.4738867285,0.4603405231,0.4429170559,0.4260655615,0.4034962932,0.3839187746,0.3625644924,0.3479179389],
			"inflationq": [1,0.7090688083,0.6446861732,0.5693811553,0.5434780558,0.4928893827,0.479951192,0.4392669858,0.4331198528,0.426572756,0.4392923967,0.4198533902,0.4078335825,0.3840493137,0.3949067342,0.3759944801,0.3654711291,0.3515786662,0.345700286,0.3157813176,0.3097180906],
			"outputgap": [1,0.5984844994,0.4753686654,0.3945591688,0.3749927699,0.339279271,0.3256038148,0.3015152068,0.3130982845,0.3137578625,0.3297783969,0.3203378986,0.306038756,0.2818555503,0.3039607937,0.2906296819,0.2829373653,0.2960407733,0.2985370685,0.2666877659,0.2708244933],
			"output": [1,0.9479763851,0.9094179886,0.8708486387,0.8468769754,0.8191509044,0.7871852597,0.7541397456,0.7315353976,0.7088936114,0.688040044,0.6627379071,0.638258278,0.6106792377,0.5898281353,0.5677142347,0.5439493287,0.5205329963,0.4935822061,0.4792014232,0.4533561636],
			"inflationql": [1,0.7817562735,0.6643357786,0.604324862,0.5675972517,0.5259613011,0.489792455,0.4684912504,0.451534292,0.4476573136,0.4560432863,0.447699776,0.4248430458,0.4076928249,0.4013799044,0.3913617023,0.3674894092,0.3608055311,0.3509901955,0.3227816917,0.3129462004],
			"inflationql2": [1,0.8016443284,0.6792779663,0.603757451,0.5704172276,0.5260998703,0.4912312003,0.4712103662,0.4494290732,0.4512130407,0.4556787225,0.4484781606,0.4211965815,0.4055854764,0.3936010577,0.3818046433,0.3650999721,0.3588618873,0.3445654742,0.3203192835,0.31235093],
			"inflationqls": [1,0.8914075997,0.7406750092,0.6600663257,0.6109098248,0.565022523,0.5241356152,0.4982779179,0.4831045504,0.4788053333,0.4837526214,0.4769963506,0.4556092224,0.4361195724,0.4238483492,0.4104787044,0.3917576931,0.3804614068,0.3631153841,0.3402186538,0.3277130432]
		},
		"VAR": {
			"y": 11.09615328,
			"m": 7.154433487,
			"pi": 0.02137065023,
			"r": 0.07495485589,
			"a": 14.49534044,
			"e": 7.104289927,
			"z": 10.89884608,
			"pinf4": 0.2576162698,
			"interest": 1.199277694,
			"inflation": 0.2576162698,
			"inflationq": 0.3419304036,
			"outputgap": 0.08353572071,
			"output": 11.09615328,
			"inflationql": 0.2944335851,
			"inflationql2": 0.285961388,
			"inflationqls": 1.094324999
		},
		"IRF": {
			"interest_": {
				"y": [0,-0.4285348319,-0.3086475231,-0.2007241947,-0.1151465603,-0.06355224007,-0.03616868309,-0.02374980785,-0.01925869945,-0.0184940825,-0.01926779967,-0.02058210999,-0.0220452062,-0.0235361511,-0.02503750936,-0.02656224737,-0.02812671183,-0.02974325809,-0.03141988206,-0.03316160352,-0.03497180413],
				"m": [0,-0.02047794838,-0.01373346186,-0.007727247814,-0.002339998432,0.000888634827,0.002704776909,0.003689511319,0.004238241759,0.004584537671,0.004853735773,0.005104609164,0.005361297653,0.005632165549,0.005919424979,0.006223427828,0.006544300849,0.006882423899,0.007238484662,0.007613421507,0.008008364775],
				"pi": [0,-0.09573389365,-0.07266068363,-0.05103253325,-0.03462694045,-0.02471405921,-0.01955562903,-0.01748836916,-0.01710834437,-0.01754846631,-0.01835139142,-0.0193073058,-0.02033433531,-0.02140858146,-0.02252870765,-0.02370033044,-0.02493020739,-0.02622464543,-0.02758943844,-0.02903020817,-0.03055275874],
				"r": [0,0.109569129,0.07079800958,0.03641731046,0.004162132536,-0.01512997778,-0.02618898563,-0.03249207261,-0.03631118474,-0.03898276718,-0.04123235018,-0.04340372903,-0.04564038298,-0.04799389877,-0.05047975721,-0.05310240877,-0.05586493123,-0.05877192148,-0.06182988648,-0.06504696117,-0.06843260816],
				"a": [0,0,0,0,0,0,0,0,0,0,0,0,0,0,0,0,0,0,0,0,0],
				"e": [0,0,0,0,0,0,0,0,0,0,0,0,0,0,0,0,0,0,0,0,0],
				"z": [0,0,1.058661434e-17,1.048498284e-17,1.0384327e-17,3.917967422e-18,3.880354935e-18,7.124179089e-18,8.757812624e-18,9.64070247e-18,1.148872719e-17,1.137843541e-17,1.013117883e-17,1.089721882e-17,9.491247423e-18,1.050706973e-17,1.040620186e-17,-2.271013576e-18,-2.249211846e-18,-2.227619412e-18,1.034647391e-17],
				"pinf4": [0,-0.09573389365,-0.1683945773,-0.2194271105,-0.254054051,-0.1830342165,-0.1299291619,-0.09638499785,-0.07886640178,-0.07170080889,-0.07049657127,-0.07231550791,-0.07554149885,-0.079401614,-0.08357893022,-0.08797195486,-0.09256782694,-0.0973838909,-0.1024446217,-0.1077744994,-0.1133970508],
				"interest": [0,0.4382765161,0.2831920383,0.1456692418,0.01664853015,-0.06051991111,-0.1047559425,-0.1299682904,-0.145244739,-0.1559310687,-0.1649294007,-0.1736149161,-0.1825615319,-0.1919755951,-0.2019190288,-0.2124096351,-0.2234597249,-0.2350876859,-0.2473195459,-0.2601878447,-0.2737304326],
				"inflation": [0,-0.09573389365,-0.1683945773,-0.2194271105,-0.254054051,-0.1830342165,-0.1299291619,-0.09638499785,-0.07886640178,-0.07170080889,-0.07049657127,-0.07231550791,-0.07554149885,-0.079401614,-0.08357893022,-0.08797195486,-0.09256782694,-0.0973838909,-0.1024446217,-0.1077744994,-0.1133970508],
				"inflationq": [0,-0.3829355746,-0.2906427345,-0.204130133,-0.1385077618,-0.09885623682,-0.07822251614,-0.06995347666,-0.0684333775,-0.07019386525,-0.07340556568,-0.07722922321,-0.08133734125,-0.08563432585,-0.09011483059,-0.09480132174,-0.09972082958,-0.1048985817,-0.1103577538,-0.1161208327,-0.122211035],