{
	"model": "NK_IR04AL",
	"rule": "CEE",
	"data": {
		"AC": {
			"y": [1,0.8852924895,0.8357879629,0.7926786724,0.7475381984,0.7207206845,0.6884960076,0.6544854047,0.6289620259,0.6024008779,0.5771765223,0.5545070989,0.5317658845,0.5060204172,0.4821957232,0.4734440479,0.4376528629,0.4247900664,0.3991531133,0.378017642,0.3638832991],
			"m": [1,0.9194802886,0.8818999767,0.8514967844,0.8229049674,0.7910621867,0.7406475023,0.7060301838,0.6750598994,0.6421516643,0.610521413,0.582499721,0.5545421398,0.5274234749,0.5030290583,0.4682826871,0.4622478861,0.42872616,0.4305837824,0.3793316882,0.3610139102],
			"pi": [1,0.7161434968,0.6260580346,0.5932976384,0.5460786832,0.5073973262,0.4923011972,0.4322332834,0.4229224498,0.422966105,0.3891848874,0.3663132222,0.3632805212,0.3457685381,0.323887857,0.3359218877,0.3137238739,0.32138703,0.3162387751,0.2987389042,0.2772789719],
			"r": [1,0.8938901254,0.8362606906,0.7864963139,0.7256341536,0.6734373549,0.6282221417,0.5729669986,0.5351083011,0.5089170702,0.4757812906,0.4514919417,0.4383821993,0.4181897261,0.4015122989,0.3991103652,0.3714068684,0.3703807007,0.3514091044,0.3240870817,0.296982776],
			"a": [1,0.8422990772,0.740811945,0.6566688839,0.5865368616,0.5182312436,0.4603998555,0.4170891528,0.3750926612,0.3367625577,0.3039819155,0.2743697139,0.2391487228,0.2171526919,0.19511648,0.1794427984,0.1585203193,0.1410468699,0.1276736184,0.1180082529,0.107587695],
			"e": [1,0.9201487429,0.8825120395,0.8527949337,0.8227374913,0.7905891945,0.7416052768,0.7070081213,0.6756389178,0.6427404115,0.6111140342,0.5829259074,0.5549975074,0.527986802,0.5036439234,0.4698872734,0.4628185119,0.4294119331,0.4308988354,0.3795302074,0.361395747],
			"z": [1,0.9138593682,0.8713464516,0.8238975562,0.7771018715,0.7496255745,0.7133532132,0.6776226137,0.6474396493,0.618927186,0.5950151436,0.5701446187,0.5467278889,0.5256177842,0.5049959081,0.4971281369,0.4623115551,0.4485540537,0.4241964611,0.4021473668,0.3955323896],
			"pinf4": [1,0.8735599886,0.7942388871,0.7251456509,0.6420713618,0.5865421581,0.5516622596,0.5000958453,0.4673593727,0.4493120379,0.423766262,0.4068817346,0.4026283581,0.3821561179,0.3675236876,0.3706228399,0.352532587,0.3591910416,0.3471457758,0.3243448691,0.2964222577],
			"interest": [1,0.8938901254,0.8362606906,0.7864963139,0.7256341536,0.6734373549,0.6282221417,0.5729669986,0.5351083011,0.5089170702,0.4757812906,0.4514919417,0.4383821993,0.4181897261,0.4015122989,0.3991103652,0.3714068684,0.3703807007,0.3514091044,0.3240870817,0.296982776],
			"inflation": [1,0.8735599886,0.7942388871,0.7251456509,0.6420713618,0.5865421581,0.5516622596,0.5000958453,0.4673593727,0.4493120379,0.423766262,0.4068817346,0.4026283581,0.3821561179,0.3675236876,0.3706228399,0.352532587,0.3591910416,0.3471457758,0.3243448691,0.2964222577],
			"inflationq": [1,0.7161434968,0.6260580346,0.5932976384,0.5460786832,0.5073973262,0.4923011972,0.4322332834,0.4229224498,0.422966105,0.3891848874,0.3663132222,0.3632805212,0.3457685381,0.323887857,0.3359218877,0.3137238739,0.32138703,0.3162387751,0.2987389042,0.2772789719],
			"outputgap": [1,0.5640309566,0.4249048233,0.393724855,0.3310977649,0.3064387005,0.2899764326,0.2395261076,0.242738555,0.2477861386,0.2171700679,0.2032025172,0.1993491539,0.1884616594,0.1685905542,0.1801842537,0.1651596907,0.1781903751,0.1797790713,0.1633142512,0.1398500595],
			"output": [1,0.8852924895,0.8357879629,0.7926786724,0.7475381984,0.7207206845,0.6884960076,0.6544854047,0.6289620259,0.6024008779,0.5771765223,0.5545070989,0.5317658845,0.5060204172,0.4821957232,0.4734440479,0.4376528629,0.4247900664,0.3991531133,0.378017642,0.3638832991],
			"inflationql": [1,0.7350080135,0.6175377891,0.5974445442,"_NaN_","_NaN_","_NaN_","_NaN_","_NaN_","_NaN_","_NaN_","_NaN_","_NaN_","_NaN_","_NaN_","_NaN_","_NaN_","_NaN_","_NaN_","_NaN_","_NaN_"],
			"inflationql2": [1,0.7896617912,0.6580693403,0.5983154842,"_NaN_","_NaN_","_NaN_","_NaN_","_NaN_","_NaN_","_NaN_","_NaN_","_NaN_","_NaN_","_NaN_","_NaN_","_NaN_","_NaN_","_NaN_","_NaN_","_NaN_"],
			"inflationqls": [1,0.8448627871,0.6980749602,0.641689366,"_NaN_","_NaN_","_NaN_","_NaN_","_NaN_","_NaN_","_NaN_","_NaN_","_NaN_","_NaN_","_NaN_","_NaN_","_NaN_","_NaN_","_NaN_","_NaN_","_NaN_"]
		},
		"VAR": {
			"y": 9.658054519,
			"m": 6.414287767,
			"pi": 0.1822297082,
			"r": 0.2310761103,
			"a": 8.185101847,
			"e": 6.429122994,
			"z": 9.491205085,
			"pinf4": 2.131574847,
			"interest": 3.697217765,
			"inflation": 2.131574847,
			"inflationq": 2.915675331,
			"outputgap": 0.2971434561,
			"output": 9.658054519,
			"inflationql": 2.33633293,
			"inflationql2": 2.138094166,
			"inflationqls": 8.599899429
		},
		"IRF": {
			"interest_": {
				"y": [0,-0.8604037114,-0.7447118546,-0.6819156987,-0.6963625378,-0.9578564253,-0.6714357872,-0.6236231282,-0.8735373926,-0.6651863304,-0.8367524435,-0.5492893595,-0.3535569233,-0.1783321453,-0.06830238756,-0.07828240098,-0.195917352,-0.4082770015,-0.8038670197,-0.7531720169,-1.630563748],
				"m": [0,-0.03766731747,-0.02424410608,-0.01399894848,-0.006109286873,-0.0003060499189,0.009577096294,0.01464105293,0.01739105929,0.02409442686,0.0266714793,0.03239557964,0.03454810901,0.03442605863,0.03229773412,0.02881380716,0.02544427927,0.02341571635,0.0233499586,0.02916378176,0.03122275101],
				"pi": [0,-0.2184909753,-0.2118960967,-0.2121044569,-0.2343164039,-0.3371576266,-0.2592676067,-0.2591243671,-0.355483571,-0.2971387984,-0.3714739999,-0.2813484254,-0.2250727309,-0.1628669062,-0.1177855197,-0.1116393017,-0.1463829497,-0.2221743827,-0.3739805782,-0.3741294199,-0.7198680088],
				"r": [0,0.192429567,0.09974147707,0.0257768221,-0.03911463808,-0.1185298289,-0.1613571681,-0.1957977486,-0.2493441255,-0.2766136761,-0.3188822374,-0.3283321464,-0.3208178129,-0.297711483,-0.2668018533,-0.2402131822,-0.2281356789,-0.238740951,-0.2881779178,-0.3282485982,-0.4555208492],
				"a": [0,0,0,0,0,0,0,0,0,0,0,0,0,0,0,0,0,0,0,0,0],
				"e": [0,0,0,0,0,0,0,0,0,0,0,0,0,0,0,0,0,0,0,0,0],
				"z": [0,0,0,0,-5.86382732e-18,-5.807534578e-18,-5.751782246e-18,1.370512993e-16,1.357356069e-16,1.34432545e-16,1.331419926e-16,1.318638295e-16,3.389055879e-16,3.107627044e-16,2.64879557e-16,2.493115471e-16,2.469181562e-16,2.445477419e-16,2.17631204e-16,1.741857643e-16,6.705517519e-16],
				"pinf4": [0,-0.2184909753,-0.4303870721,-0.642491529,-0.8768079328,-0.9954745841,-1.042846094,-1.089866004,-1.211033171,-1.171014343,-1.283220736,-1.305444795,-1.175033955,-1.040762062,-0.7870735822,-0.6173644586,-0.5386746773,-0.5979821538,-0.8541772123,-1.11666733,-1.69015239],
				"interest": [0,0.7697182678,0.3989659083,0.1031072884,-0.1564585523,-0.4741193158,-0.6454286725,-0.7831909946,-0.9973765018,-1.106454705,-1.27552895,-1.313328586,-1.283271252,-1.190845932,-1.067207413,-0.9608527289,-0.9125427155,-0.9549638041,-1.152711671,-1.312994393,-1.822083397],
				"inflation": [0,-0.2184909753,-0.4303870721,-0.642491529,-0.8768079328,-0.9954745841,-1.042846094,-1.089866004,-1.211033171,-1.171014343,-1.283220736,-1.305444795,-1.175033955,-1.040762062,-0.7870735822,-0.6173644586,-0.5386746773,-0.5979821538,-0.8541772123,-1.11666733,-1.69015239],
				"inflationq": [0,-0.8739639014,-0.847584387,-0.8484178275,-0.9372656155,-1.348630506,-1.037070427,-1.036497468,-1.421934284,-1.188555193,-1.485896,-1.125393702,-0.9002909236,-0.6514676247,-0.471142079,-0.446557207,-0.5855317986,-0.8886975308,-1.495922313,-1.496517679,-2.879472035],
				"outputgap": [0,-0.8604037114,-0.7447118546,-0.6819156987,-0.6963625378,-0.9578564253,-0.6714357872,-0.6236231282,-0.8735373926,-0.6651863304,-0.8367524435,-0.5492893595,-0.3535569233,-0.1783321453,-0.06830238756,-0.07828240098,-0.195917352,-0.4082770015,-0.8038670197,-0.7531720169,-1.630563748],