{
	"model": "NK_IR04AL",
	"rule": "CEE",
	"data": {
		"AC": {
			"y": [1,0.8852926662,0.8357880531,0.7926783977,0.7475382732,0.720721055,0.6884966074,0.6544860864,0.6289621874,0.6024013603,0.5771774304,0.5545079924,0.5317667045,0.5060211513,0.4821962789,0.4734448931,0.4376540903,0.4247912791,0.3991539321,0.3780180293,0.3638839474],
			"m": [1,0.9194802872,0.8818999853,0.8514968122,0.8229050189,0.7910622565,0.7406475893,0.7060302862,0.675060007,0.6421517755,0.6105215282,0.5824998415,0.5545422697,0.5274236097,0.5030292001,0.4682828415,0.462248057,0.4287263396,0.4305839578,0.3793318553,0.3610140667],
			"pi": [1,0.716145015,0.6260592776,0.5932977495,0.5460782011,0.5073961634,0.4923002386,0.4322327174,0.4229217052,0.4229662355,0.3891850171,0.3663137416,0.3632814679,0.345768951,0.3238866617,0.3359198517,0.3137215041,0.3213846041,0.3162375485,0.2987364332,0.2772758414],
			"r": [1,0.8938900037,0.8362603371,0.7864956168,0.7256330806,0.6734359337,0.6282204809,0.572965218,0.5351064106,0.5089151294,0.4757792081,0.4514896269,0.4383796022,0.4181867393,0.4015088351,0.3991063639,0.3714023234,0.3703757368,0.3514039429,0.3240817802,0.2969773894],
			"a": [1,0.8422990772,0.740811945,0.6566688839,0.5865368616,0.5182312436,0.4603998555,0.4170891528,0.3750926612,0.3367625577,0.3039819155,0.2743697139,0.2391487228,0.2171526919,0.19511648,0.1794427984,0.1585203193,0.1410468699,0.1276736184,0.1180082529,0.107587695],
			"e": [1,0.9201487429,0.8825120395,0.8527949337,0.8227374913,0.7905891945,0.7416052768,0.7070081213,0.6756389178,0.6427404115,0.6111140342,0.5829259074,0.5549975074,0.527986802,0.5036439234,0.4698872734,0.4628185119,0.4294119331,0.4308988354,0.3795302074,0.361395747],
			"z": [1,0.9138593682,0.8713464516,0.8238975562,0.7771018715,0.7496255745,0.7133532132,0.6776226137,0.6474396493,0.618927186,0.5950151436,0.5701446187,0.5467278889,0.5256177842,0.5049959081,0.4971281369,0.4623115551,0.4485540537,0.4241964611,0.4021473668,0.3955323896],
			"pinf4": [1,0.8735600028,0.7942385921,0.7251448207,0.6420700737,0.5865403953,0.5516603897,0.5000942023,0.467358003,0.4493110695,0.4237655546,0.4068811174,0.4026276508,0.3821549537,0.3675217513,0.3706201449,0.3525292788,0.3591874165,0.3471421437,0.3243410884,0.2964182309],
			"interest": [1,0.8938900037,0.8362603371,0.7864956168,0.7256330806,0.6734359337,0.6282204809,0.572965218,0.5351064106,0.5089151294,0.4757792081,0.4514896269,0.4383796022,0.4181867393,0.4015088351,0.3991063639,0.3714023234,0.3703757368,0.3514039429,0.3240817802,0.2969773894],
			"inflation": [1,0.8735600028,0.7942385921,0.7251448207,0.6420700737,0.5865403953,0.5516603897,0.5000942023,0.467358003,0.4493110695,0.4237655546,0.4068811174,0.4026276508,0.3821549537,0.3675217513,0.3706201449,0.3525292788,0.3591874165,0.3471421437,0.3243410884,0.2964182309],
			"inflationq": [1,0.716145015,0.6260592776,0.5932977495,0.5460782011,0.5073961634,0.4923002386,0.4322327174,0.4229217052,0.4229662355,0.3891850171,0.3663137416,0.3632814679,0.345768951,0.3238866617,0.3359198517,0.3137215041,0.3213846041,0.3162375485,0.2987364332,0.2772758414],
			"outputgap": [1,0.5640332392,0.4249058265,0.3937208381,0.3310913459,0.3064321528,0.2899719152,0.2395212564,0.2427353291,0.2477842991,0.2171652543,0.2031973505,0.1993467309,0.188460342,0.168584578,0.1801755734,0.1651514452,0.1781856182,0.1797785941,0.1633108903,0.1398448276],
			"output": [1,0.8852926662,0.8357880531,0.7926783977,0.7475382732,0.720721055,0.6884966074,0.6544860864,0.6289621874,0.6024013603,0.5771774304,0.5545079924,0.5317667045,0.5060211513,0.4821962789,0.4734448931,0.4376540903,0.4247912791,0.3991539321,0.3780180293,0.3638839474],
			"inflationql": [1,0.7350095777,0.6175390586,0.5974446717,"_NaN_","_NaN_","_NaN_","_NaN_","_NaN_","_NaN_","_NaN_","_NaN_","_NaN_","_NaN_","_NaN_","_NaN_","_NaN_","_NaN_","_NaN_","_NaN_","_NaN_"],
			"inflationql2": [1,0.7896633793,0.6580705924,0.5983153255,"_NaN_","_NaN_","_NaN_","_NaN_","_NaN_","_NaN_","_NaN_","_NaN_","_NaN_","_NaN_","_NaN_","_NaN_","_NaN_","_NaN_","_NaN_","_NaN_","_NaN_"],
			"inflationqls": [1,0.8448631864,0.6980753545,0.6416888644,"_NaN_","_NaN_","_NaN_","_NaN_","_NaN_","_NaN_","_NaN_","_NaN_","_NaN_","_NaN_","_NaN_","_NaN_","_NaN_","_NaN_","_NaN_","_NaN_","_NaN_"]
		},
		"VAR": {
			"y": 9.658067457,
			"m": 6.414285366,
			"pi": 0.1822285209,
			"r": 0.23107472,
			"a": 8.185101847,
			"e": 6.429122994,
			"z": 9.491205085,
			"pinf4": 2.13156121,
			"interest": 3.69719552,
			"inflation": 2.13156121,
			"inflationq": 2.915656334,
			"outputgap": 0.29713537,
			"output": 9.658067457,
			"inflationql": 2.336313883,
			"inflationql2": 2.138075314,
			"inflationqls": 8.599839392
		},
		"IRF": {
			"interest_": {
				"y": [0,-0.8604037114,-0.7447118546,-0.6819156987,-0.6963625378,-0.9578564253,-0.6714357872,-0.6236231282,-0.8735373926,-0.6651863304,-0.8367524435,-0.5492893595,-0.3535569233,-0.1783321453,-0.06830238755,-0.07828240097,-0.195917352,-0.4082770015,-0.8038670197,-0.7531720169,-1.630563748],
				"m": [0,-0.03766731747,-0.02424410608,-0.01399894848,-0.006109286873,-0.0003060499189,0.009577096294,0.01464105293,0.01739105929,0.02409442686,0.0266714793,0.03239557964,0.03454810901,0.03442605863,0.03229773412,0.02881380716,0.02544427927,0.02341571635,0.0233499586,0.02916378176,0.03122275101],
				"pi": [0,-0.2184909753,-0.2118960967,-0.2121044569,-0.2343164039,-0.3371576266,-0.2592676067,-0.2591243671,-0.355483571,-0.2971387984,-0.3714739999,-0.2813484254,-0.2250727309,-0.1628669062,-0.1177855197,-0.1116393017,-0.1463829497,-0.2221743827,-0.3739805782,-0.3741294199,-0.7198680088],
				"r": [0,0.192429567,0.09974147707,0.0257768221,-0.03911463808,-0.1185298289,-0.1613571681,-0.1957977486,-0.2493441255,-0.2766136761,-0.3188822374,-0.3283321464,-0.3208178129,-0.297711483,-0.2668018533,-0.2402131822,-0.2281356789,-0.238740951,-0.2881779178,-0.3282485982,-0.4555208492],
				"a": [0,0,0,0,0,0,0,0,0,0,0,0,0,0,0,0,0,0,0,0,0],
				"e": [0,0,0,0,0,0,0,0,0,0,0,0,0,0,0,0,0,0,0,0,0],
				"z": [0,0,-8.511834356e-17,-8.430120746e-17,-8.349191587e-17,-8.269039348e-17,-8.18965657e-17,6.16375058e-17,6.104578574e-17,6.04597462e-17,5.987933264e-17,5.930449104e-17,2.762259995e-17,2.862859646e-16,2.835376193e-16,2.808156582e-16,2.650946617e-16,4.52029076e-16,4.476895968e-16,4.433917767e-16,7.71748666e-16],
				"pinf4": [0,-0.2184909753,-0.4303870721,-0.642491529,-0.8768079328,-0.9954745841,-1.042846094,-1.089866004,-1.211033171,-1.171014343,-1.283220736,-1.305444795,-1.175033955,-1.040762062,-0.7870735822,-0.6173644585,-0.5386746773,-0.5979821538,-0.8541772123,-1.11666733,-1.69015239],
				"interest": [0,0.7697182678,0.3989659083,0.1031072884,-0.1564585523,-0.4741193158,-0.6454286725,-0.7831909946,-0.9973765018,-1.106454705,-1.27552895,-1.313328586,-1.283271252,-1.190845932,-1.067207413,-0.9608527289,-0.9125427155,-0.9549638041,-1.152711671,-1.312994393,-1.822083397],
				"inflation": [0,-0.2184909753,-0.4303870721,-0.642491529,-0.8768079328,-0.9954745841,-1.042846094,-1.089866004,-1.211033171,-1.171014343,-1.283220736,-1.305444795,-1.175033955,-1.040762062,-0.7870735822,-0.6173644585,-0.5386746773,-0.5979821538,-0.8541772123,-1.11666733,-1.69015239],
				"inflationq": [0,-0.8739639014,-0.847584387,-0.8484178275,-0.9372656155,-1.348630506,-1.037070427,-1.036497468,-1.421934284,-1.188555193,-1.485896,-1.125393702,-0.9002909236,-0.6514676247,-0.471142079,-0.446557207,-0.5855317986,-0.8886975308,-1.495922313,-1.496517679,-2.879472035],
				"outputgap": [0,-0.8604037114,-0.7447118546,-0.6819156987,-0.6963625378,-0.9578564253,-0.6714357872,-0.6236231282,-0.8735373926,-0.6651863304,-0.8367524435,-0.5492893595,-0.3535569233,-0.1783321453,-0.06830238755,-0.07828240097,-0.195917352,-0.4082770015,-0.8038670197,-0.7531720169,-1.630563748],