{
	"model": "NK_IR04AL",
	"rule": "CEE",
	"data": {
		"AC": {
			"y": [1,0.8852935863,0.835788631,0.7926773371,0.7475391315,0.7207232107,0.6884994902,0.6544894288,0.6289630704,0.6024037066,0.5771818179,0.5545122665,0.5317706804,0.5060247344,0.4821988403,0.4734487426,0.4376598705,0.4247971659,0.3991579505,0.3780199726,0.3638869448],
			"m": [1,0.9194802755,0.8819000172,0.8514969274,0.8229052396,0.7910625573,0.7406479648,0.7060307299,0.675060476,0.6421522624,0.6105220352,0.5825003765,0.5545428479,0.5274242057,0.5030298213,0.468283516,0.4622488109,0.4287271386,0.4305847407,0.3793326015,0.3610147646],
			"pi": [1,0.7161525622,0.6260657679,0.59329859,0.5460767168,0.5073915371,0.4922961607,0.4322315559,0.4229197092,0.4229680965,0.3891867639,0.3663172122,0.3632867114,0.3457718465,0.3238815209,0.3359106863,0.3137111719,0.3213743509,0.3162325378,0.298725585,0.277261506],
			"r": [1,0.8938895666,0.8362589062,0.786492642,0.7256284327,0.6734297501,0.6282132569,0.5729575995,0.5350983283,0.5089068062,0.4757702513,0.4514795343,0.4383680773,0.4181733004,0.4014930597,0.3990880181,0.371381363,0.3703526378,0.3513796583,0.3240565849,0.2969515676],
			"a": [1,0.8422990772,0.740811945,0.6566688839,0.5865368616,0.5182312436,0.4603998555,0.4170891528,0.3750926612,0.3367625577,0.3039819155,0.2743697139,0.2391487228,0.2171526919,0.19511648,0.1794427984,0.1585203193,0.1410468699,0.1276736184,0.1180082529,0.107587695],
			"e": [1,0.9201487429,0.8825120395,0.8527949337,0.8227374913,0.7905891945,0.7416052768,0.7070081213,0.6756389178,0.6427404115,0.6111140342,0.5829259074,0.5549975074,0.527986802,0.5036439234,0.4698872734,0.4628185119,0.4294119331,0.4308988354,0.3795302074,0.361395747],
			"z": [1,0.9138593682,0.8713464516,0.8238975562,0.7771018715,0.7496255745,0.7133532132,0.6776226137,0.6474396493,0.618927186,0.5950151436,0.5701446187,0.5467278889,0.5256177842,0.5049959081,0.4971281369,0.4623115551,0.4485540537,0.4241964611,0.4021473668,0.3955323896],
			"pinf4": [1,0.8735602194,0.7942374887,0.7251412587,0.6420645585,0.5865328383,0.5516524433,0.5000875906,0.4673528119,0.4493077724,0.4237634867,0.4068792947,0.4026252015,0.3821503091,0.3675134955,0.3706083844,0.3525146638,0.3591711702,0.3471256265,0.3243236452,0.296399384],
			"interest": [1,0.8938895666,0.8362589062,0.786492642,0.7256284327,0.6734297501,0.6282132569,0.5729575995,0.5350983283,0.5089068062,0.4757702513,0.4514795343,0.4383680773,0.4181733004,0.4014930597,0.3990880181,0.371381363,0.3703526378,0.3513796583,0.3240565849,0.2969515676],
			"inflation": [1,0.8735602194,0.7942374887,0.7251412587,0.6420645585,0.5865328383,0.5516524433,0.5000875906,0.4673528119,0.4493077724,0.4237634867,0.4068792947,0.4026252015,0.3821503091,0.3675134955,0.3706083844,0.3525146638,0.3591711702,0.3471256265,0.3243236452,0.296399384],
			"inflationq": [1,0.7161525622,0.6260657679,0.59329859,0.5460767168,0.5073915371,0.4922961607,0.4322315559,0.4229197092,0.4229680965,0.3891867639,0.3663172122,0.3632867114,0.3457718465,0.3238815209,0.3359106863,0.3137111719,0.3213743509,0.3162325378,0.298725585,0.277261506],
			"outputgap": [1,0.5640456508,0.4249128097,0.3937024135,0.3310624484,0.3064033994,0.2899523869,0.2395008323,0.2427226891,0.2477792995,0.2171454963,0.2031744745,0.1993366384,0.1884559548,0.1685586527,0.1801367477,0.1651144244,0.1781640201,0.1797755756,0.1632953551,0.1398218411],
			"output": [1,0.8852935863,0.835788631,0.7926773371,0.7475391315,0.7207232107,0.6884994902,0.6544894288,0.6289630704,0.6024037066,0.5771818179,0.5545122665,0.5317706804,0.5060247344,0.4821988403,0.4734487426,0.4376598705,0.4247971659,0.3991579505,0.3780199726,0.3638869448],
			"inflationql": [1,0.7350173767,0.6175457771,0.5974457451,"_NaN_","_NaN_","_NaN_","_NaN_","_NaN_","_NaN_","_NaN_","_NaN_","_NaN_","_NaN_","_NaN_","_NaN_","_NaN_","_NaN_","_NaN_","_NaN_","_NaN_"],
			"inflationql2": [1,0.789671253,0.6580771918,0.5983150677,"_NaN_","_NaN_","_NaN_","_NaN_","_NaN_","_NaN_","_NaN_","_NaN_","_NaN_","_NaN_","_NaN_","_NaN_","_NaN_","_NaN_","_NaN_","_NaN_","_NaN_"],
			"inflationqls": [1,0.8448653143,0.698077663,0.6416870249,"_NaN_","_NaN_","_NaN_","_NaN_","_NaN_","_NaN_","_NaN_","_NaN_","_NaN_","_NaN_","_NaN_","_NaN_","_NaN_","_NaN_","_NaN_","_NaN_","_NaN_"]
		},
		"VAR": {
			"y": 9.658118387,
			"m": 6.414274115,
			"pi": 0.1822234366,
			"r": 0.2310687756,
			"a": 8.185101847,
			"e": 6.429122994,
			"z": 9.491205085,
			"pinf4": 2.131505272,
			"interest": 3.69710041,
			"inflation": 2.131505272,
			"inflationq": 2.915574985,
			"outputgap": 0.297099701,
			"output": 9.658118387,
			"inflationql": 2.336231731,
			"inflationql2": 2.137994222,
			"inflationqls": 8.59958884
		},
		"IRF": {
			"interest_": {
				"y": [0,-0.8604037114,-0.7447118546,-0.6819156987,-0.6963625378,-0.9578564253,-0.6714357872,-0.6236231282,-0.8735373926,-0.6651863304,-0.8367524435,-0.5492893595,-0.3535569233,-0.1783321453,-0.06830238755,-0.07828240097,-0.195917352,-0.4082770015,-0.8038670197,-0.7531720169,-1.630563748],
				"m": [0,-0.03766731747,-0.02424410608,-0.01399894848,-0.006109286873,-0.0003060499189,0.009577096294,0.01464105293,0.01739105929,0.02409442686,0.0266714793,0.03239557964,0.03454810901,0.03442605863,0.03229773412,0.02881380716,0.02544427927,0.02341571635,0.0233499586,0.02916378176,0.03122275101],
				"pi": [0,-0.2184909753,-0.2118960967,-0.2121044569,-0.2343164039,-0.3371576266,-0.2592676067,-0.2591243671,-0.355483571,-0.2971387984,-0.3714739999,-0.2813484254,-0.2250727309,-0.1628669062,-0.1177855197,-0.1116393017,-0.1463829497,-0.2221743827,-0.3739805782,-0.3741294199,-0.7198680088],
				"r": [0,0.192429567,0.09974147707,0.0257768221,-0.03911463808,-0.1185298289,-0.1613571681,-0.1957977486,-0.2493441255,-0.2766136761,-0.3188822374,-0.3283321464,-0.3208178129,-0.297711483,-0.2668018533,-0.2402131822,-0.2281356789,-0.238740951,-0.2881779178,-0.3282485981,-0.4555208492],
				"a": [0,0,0,0,0,0,0,0,0,0,0,0,0,0,0,0,0,0,0,0,0],
				"e": [0,0,0,0,0,0,0,0,0,0,0,0,0,0,0,0,0,0,0,0,0],
				"z": [0,0,0,0,0,3.460355137e-17,1.391311547e-16,1.377954956e-16,1.364726588e-16,1.351625213e-16,5.524353819e-17,-1.10042535e-17,-1.241691672e-16,-1.47866533e-16,-1.893468397e-16,1.74669144e-17,2.174631613e-16,1.868424431e-16,3.716868607e-16,5.817048783e-16,1.074158682e-15],
				"pinf4": [0,-0.2184909753,-0.4303870721,-0.642491529,-0.8768079328,-0.9954745841,-1.042846094,-1.089866004,-1.211033171,-1.171014343,-1.283220736,-1.305444795,-1.175033955,-1.040762062,-0.7870735822,-0.6173644585,-0.5386746773,-0.5979821538,-0.8541772123,-1.11666733,-1.69015239],
				"interest": [0,0.7697182678,0.3989659083,0.1031072884,-0.1564585523,-0.4741193158,-0.6454286725,-0.7831909946,-0.9973765018,-1.106454705,-1.27552895,-1.313328586,-1.283271252,-1.190845932,-1.067207413,-0.9608527289,-0.9125427155,-0.9549638041,-1.152711671,-1.312994393,-1.822083397],
				"inflation": [0,-0.2184909753,-0.4303870721,-0.642491529,-0.8768079328,-0.9954745841,-1.042846094,-1.089866004,-1.211033171,-1.171014343,-1.283220736,-1.305444795,-1.175033955,-1.040762062,-0.7870735822,-0.6173644585,-0.5386746773,-0.5979821538,-0.8541772123,-1.11666733,-1.69015239],
				"inflationq": [0,-0.8739639014,-0.847584387,-0.8484178275,-0.9372656155,-1.348630506,-1.037070427,-1.036497468,-1.421934284,-1.188555193,-1.485896,-1.125393702,-0.9002909236,-0.6514676247,-0.471142079,-0.446557207,-0.5855317986,-0.8886975308,-1.495922313,-1.496517679,-2.879472035],
				"outputgap": [0,-0.8604037114,-0.7447118546,-0.6819156987,-0.6963625378,-0.9578564253,-0.6714357872,-0.6236231282,-0.8735373926,-0.6651863304,-0.8367524435,-0.5492893595,-0.3535569233,-0.1783321453,-0.06830238755,-0.07828240097,-0.195917352,-0.4082770015,-0.8038670197,-0.7531720169,-1.630563748],
				"output": [0,-0.8604037114,-0.7447118546,-0.6819156987,-0.6963625378,-0.9578564253,-0.6714357872,-0.6236231282,-0.8735373926,-0.6651863304,-0.8367524435,-0.5492893595,-0.3535569233,-0.1783321453,-0.06830238755,-0.07828240097,-0.195917352,-0.4082770015,-0.8038670197,-0.7531720169,-1.630563748],