{
	"model": "NK_IR04AL",
	"rule": "Model",
	"data": {
		"AC": {
			"y": [1,0.936791576,0.9002569758,0.8709328296,0.8402486578,0.8137784895,0.7880400276,0.7625654317,0.741539466,0.7165921764,0.6944537536,0.6695149927,0.6498136476,0.6309617251,0.6138345732,0.5937735143,0.5757999473,0.560339041,0.5496434542,0.5297206982,0.5135630698],
			"m": [1,0.9559849395,0.9147724634,0.8764805162,0.8393002487,0.8027805886,0.7658523775,0.7307408795,0.6952617054,0.6608655236,0.6300155089,0.6010934854,0.5712536885,0.5444265856,0.5213302409,0.4990143475,0.4786669255,0.4585657403,0.4365986949,0.4160327357,0.3968687879],
			"pi": [1,0.7722647922,0.7287535265,0.6676696877,0.6394919819,0.5615379899,0.5787875862,0.5018220588,0.4945886924,0.4629780696,0.4666534838,0.4189692443,0.4399902183,0.3702883029,0.3830712807,0.3596310997,0.3703693714,0.3455387025,0.3789314428,0.3309432787,0.3544845055],
			"r": [1,0.934109048,0.8708084909,0.8166913864,0.7597893411,0.7067818821,0.668989298,0.6283918255,0.5930287601,0.5691093622,0.5390977285,0.5096766053,0.4838288631,0.4631609438,0.4479067777,0.4370580127,0.4233949955,0.4167725532,0.4125339396,0.4037636456,0.3951285494],
			"a": [1,0.906269331,0.8270852455,0.7577139594,0.697392685,0.6355747232,0.5827547397,0.5402074609,0.4970643354,0.4577282341,0.424502844,0.3992570073,0.3690922689,0.3410437971,0.3252358391,0.3155306353,0.3056100954,0.3051366398,0.3017235549,0.2928296917,0.2868051376],
			"e": [1,0.9562240476,0.9151295014,0.8770061344,0.8399376059,0.8035173945,0.7666878632,0.7317042464,0.6964009133,0.6623052204,0.631895206,0.6033936292,0.5739496321,0.5476437425,0.5249300516,0.5028661886,0.4826680385,0.4628833331,0.4411589327,0.4208113875,0.4018626578],
			"z": [1,0.95464761,0.9174331611,0.8800176862,0.8471371312,0.8199442379,0.7956476465,0.7731395213,0.7548911678,0.7337590132,0.7095780605,0.6831969826,0.659827201,0.6371038497,0.624738999,0.6057181479,0.5878509452,0.5724634961,0.55736633,0.5407254886,0.5239103077],
			"pinf4": [1,0.9278216243,0.8684884628,0.8076161072,0.7426400903,0.6847568536,0.6565548498,0.6088661648,0.5794095227,0.5560428221,0.5286327872,0.4944522293,0.4799989325,0.4501898586,0.4379275027,0.4276752866,0.4183734898,0.4074684505,0.4113612886,0.3981794542,0.3922605448],
			"interest": [1,0.934109048,0.8708084909,0.8166913864,0.7597893411,0.7067818821,0.668989298,0.6283918255,0.5930287601,0.5691093622,0.5390977285,0.5096766053,0.4838288631,0.4631609438,0.4479067777,0.4370580127,0.4233949955,0.4167725532,0.4125339396,0.4037636456,0.3951285494],
			"inflation": [1,0.9278216243,0.8684884628,0.8076161072,0.7426400903,0.6847568536,0.6565548498,0.6088661648,0.5794095227,0.5560428221,0.5286327872,0.4944522293,0.4799989325,0.4501898586,0.4379275027,0.4276752866,0.4183734898,0.4074684505,0.4113612886,0.3981794542,0.3922605448],
			"inflationq": [1,0.7722647922,0.7287535265,0.6676696877,0.6394919819,0.5615379899,0.5787875862,0.5018220588,0.4945886924,0.4629780696,0.4666534838,0.4189692443,0.4399902183,0.3702883029,0.3830712807,0.3596310997,0.3703693714,0.3455387025,0.3789314428,0.3309432787,0.3544845055],
			"outputgap": [1,0.5180289367,0.4353662143,0.4035335735,0.3946956363,0.3355406653,0.3352486786,0.3042710073,0.3014101281,0.274004247,0.2853526435,0.2551312319,0.2757381723,0.2370812802,0.2469827184,0.245721815,0.2534953512,0.230214465,0.2644245828,0.2377211173,0.2492605239],
			"output": [1,0.936791576,0.9002569758,0.8709328296,0.8402486578,0.8137784895,0.7880400276,0.7625654317,0.741539466,0.7165921764,0.6944537536,0.6695149927,0.6498136476,0.6309617251,0.6138345732,0.5937735143,0.5757999473,0.560339041,0.5496434542,0.5297206982,0.5135630698],
			"inflationql": [1,0.839842428,0.7643037386,0.7236646353,0.6701582398,0.6163100885,0.5924170604,0.5555405558,0.5190810162,0.5107851432,0.4835034326,0.4624026772,0.4376151007,0.4147315126,0.4031432177,0.3996389192,0.3796361748,0.3811436982,0.3815570498,0.3673528416,0.3645240436],
			"inflationql2": [1,0.8605364176,0.7873599424,0.7268091325,0.6810744138,0.6329114493,0.5957945912,0.5677754381,0.5348819928,0.5128507717,0.4881546183,0.4666780407,0.4360539498,0.4222395822,0.4079790171,0.3920919525,0.3766388934,0.382341381,0.3797372395,0.3722826429,0.3629841647],
			"inflationqls": [1,0.9149150876,0.8205778011,0.7636334892,0.7079913025,0.6568745377,0.6229244809,0.5856507462,0.5544843229,0.5349290022,0.5108679785,0.481783013,0.4567228375,0.4373973222,0.4242728773,0.4116211602,0.3993023814,0.3964565406,0.3956189274,0.3889775795,0.3802919539]
		},
		"VAR": {
			"y": 14.35297704,
			"m": 7.514023682,
			"pi": 0.4291888393,
			"r": 0.4882490846,
			"a": 16.29387178,
			"e": 7.514604759,
			"z": 13.44155911,
			"pinf4": 5.143619276,
			"interest": 7.811985354,
			"inflation": 5.143619276,
			"inflationq": 6.867021429,
			"outputgap": 0.4477549823,
			"output": 14.35297704,
			"inflationql": 5.584771209,
			"inflationql2": 5.24666816,
			"inflationqls": 20.98788077
		},
		"IRF": {
			"interest_": {
				"y": [0,-0.4599926888,-0.1965082275,-0.08520167459,-0.03914775303,-0.02185929334,-0.01596955007,-0.01441365925,-0.01448679763,-0.01518366556,-0.01613782552,-0.01721830773,-0.01838001381,-0.01960906238,-0.02090301169,-0.02226376352,-0.02369505375,-0.02520160095,-0.02678886013,-0.02846300652,-0.03023101905],
				"m": [0,-0.03854288448,-0.01508656936,-0.005375066035,-0.001478184046,2.717192934e-05,0.0006122839867,0.0008551287805,0.0009739864153,0.001049531377,0.001111258797,0.001169936589,0.001229551239,0.001291654473,0.001356934479,0.001425782175,0.001498495674,0.001575355174,0.001656651845,0.001742700725,0.001833848475],
				"pi": [0,-0.07261920228,-0.03572229217,-0.0189788922,-0.01187391892,-0.009294098527,-0.008570267156,-0.008575670906,-0.008868059927,-0.009281279938,-0.009754895501,-0.01026788446,-0.01081374438,-0.01139133987,-0.01200158448,-0.01264625716,-0.01332759564,-0.01404817419,-0.01481088875,-0.01561898709,-0.01647612331],
				"r": [0,0.25,0.0957772931,0.0322052724,0.006871699029,-0.002978007707,-0.006911293988,-0.008655991979,-0.009615330279,-0.01030722056,-0.0109211546,-0.01152666548,-0.01214992372,-0.01280158,-0.01348682705,-0.01420902989,-0.01497104335,-0.01577570319,-0.01662602586,-0.01752530958,-0.01847720685],
				"a": [0,0,0,0,0,0,0,0,0,0,0,0,0,0,0,0,0,0,0,0,0],
				"e": [0,0,0,0,0,0,0,0,0,0,0,0,0,0,0,0,0,0,0,0,0],
				"z": [0,0,0,-1.328221614e-17,-1.327815392e-17,-1.315068364e-17,-1.096888427e-17,-1.0895701e-17,-1.770258754e-17,-1.75326427e-17,-1.736432933e-17,-1.504016564e-17,-1.492949046e-17,-1.478616735e-17,-1.464422014e-17,-1.450363563e-17,-1.436440073e-17,-1.422650248e-17,-1.418204154e-17,-1.036875689e-17,-1.026921682e-17],
				"pinf4": [0,-0.07261920228,-0.1083414945,-0.1273203867,-0.1391943056,-0.07586920182,-0.0487171768,-0.03831395551,-0.03530809652,-0.03529527793,-0.03647990627,-0.03817211982,-0.04011780428,-0.04222786421,-0.04447455319,-0.0468529259,-0.04936677716,-0.05202361148,-0.05483291574,-0.05780564567,-0.06095417333],
				"interest": [0,1,0.3831091724,0.1288210896,0.02748679611,-0.01191203083,-0.02764517595,-0.03462396792,-0.03846132111,-0.04122888226,-0.04368461838,-0.04610666191,-0.04859969489,-0.05120632001,-0.05394730818,-0.05683611955,-0.0598841734,-0.06310281275,-0.06650410342,-0.07010123832,-0.07390882738],
				"inflation": [0,-0.07261920228,-0.1083414945,-0.1273203867,-0.1391943056,-0.07586920182,-0.0487171768,-0.03831395551,-0.03530809652,-0.03529527793,-0.03647990627,-0.03817211982,-0.04011780428,-0.04222786421,-0.04447455319,-0.0468529259,-0.04936677716,-0.05202361148,-0.05483291574,-0.05780564567,-0.06095417333],
				"inflationq": [0,-0.2904768091,-0.1428891687,-0.07591556881,-0.04749567567,-0.03717639411,-0.03428106862,-0.03430268362,-0.03547223971,-0.03712511975,-0.039019582,-0.04107153784,-0.04325497754,-0.04556535948,-0.04800633792,-0.05058502865,-0.05331038258,-0.05619269676,-0.05924355499,-0.06247594834,-0.06590449325],