{
	"model": "NK_IR04AL",
	"rule": "Taylor",
	"data": {
		"AC": {
			"y": [1,0.9353368339,0.8870528951,0.8420218461,0.8084960851,0.7745039123,0.7419231536,0.7056032137,0.6805355178,0.6498938962,0.6340708922,0.6087655813,0.5828900718,0.5637170684,"_NaN_","_NaN_","_NaN_","_NaN_","_NaN_","_NaN_","_NaN_"],
			"m": [1,0.9086965153,0.8375072363,0.7803969103,0.7299068627,0.6868427488,0.6512518744,0.6148261856,0.5819086197,0.5637715684,0.5439798714,0.5171608059,0.4730278806,0.4434320237,"_NaN_","_NaN_","_NaN_","_NaN_","_NaN_","_NaN_","_NaN_"],
			"pi": [1,0.7371718375,0.7085595491,0.5656682097,0.5912375739,0.4911639772,0.5071373537,0.4270060852,0.4617581651,0.3977861829,0.4190807606,0.3479833815,0.3696207366,0.3231858455,"_NaN_","_NaN_","_NaN_","_NaN_","_NaN_","_NaN_","_NaN_"],
			"r": [1,0.8856340511,0.8218257522,0.727935583,0.6653650494,0.5898567909,0.5598514346,0.5000727856,0.4795869477,0.4394452999,0.4386130397,0.4039653817,0.3928556726,0.3671417313,"_NaN_","_NaN_","_NaN_","_NaN_","_NaN_","_NaN_","_NaN_"],
			"a": [1,0.8510007968,0.7451521308,0.6486573664,0.5941805521,0.5398768316,0.484929433,0.4601284809,0.4431565835,0.4242258174,0.3892700683,0.3555231745,0.3329680542,0.3263594927,"_NaN_","_NaN_","_NaN_","_NaN_","_NaN_","_NaN_","_NaN_"],
			"e": [1,0.9101509826,0.8397683633,0.7835222992,0.7336483027,0.6911655591,0.6555922042,0.6193276815,0.5864428943,0.5677525669,0.5475050172,0.5211262584,0.4776464825,0.4482269713,"_NaN_","_NaN_","_NaN_","_NaN_","_NaN_","_NaN_","_NaN_"],
			"z": [1,0.9471959761,0.8990567309,0.8566971949,0.8183581273,0.7835855995,0.7490068881,0.7166846243,0.6845290853,0.6484574387,0.6277233312,0.6039559526,0.5685623615,0.5419574241,"_NaN_","_NaN_","_NaN_","_NaN_","_NaN_","_NaN_","_NaN_"],
			"pinf4": [1,0.9046954907,0.8368080729,0.7140757878,0.654434391,0.5752848143,0.5509282131,0.4853642824,0.4768838064,0.4397793554,0.4493929184,0.4159306815,0.4108088653,0.3715953207,"_NaN_","_NaN_","_NaN_","_NaN_","_NaN_","_NaN_","_NaN_"],
			"interest": [1,0.8856340511,0.8218257522,0.727935583,0.6653650494,0.5898567909,0.5598514346,0.5000727856,0.4795869477,0.4394452999,0.4386130397,0.4039653817,0.3928556726,0.3671417313,"_NaN_","_NaN_","_NaN_","_NaN_","_NaN_","_NaN_","_NaN_"],
			"inflation": [1,0.9046954907,0.8368080729,0.7140757878,0.654434391,0.5752848143,0.5509282131,0.4853642824,0.4768838064,0.4397793554,0.4493929184,0.4159306815,0.4108088653,0.3715953207,"_NaN_","_NaN_","_NaN_","_NaN_","_NaN_","_NaN_","_NaN_"],
			"inflationq": [1,0.7371718375,0.7085595491,0.5656682097,0.5912375739,0.4911639772,0.5071373537,0.4270060852,0.4617581651,0.3977861829,0.4190807606,0.3479833815,0.3696207366,0.3231858455,"_NaN_","_NaN_","_NaN_","_NaN_","_NaN_","_NaN_","_NaN_"],
			"outputgap": [1,0.3510750843,0.2784267174,0.1855026848,0.2893519117,0.2235545019,0.2374338198,0.1766728102,0.218000475,0.1643188757,0.1855891676,0.1140844601,0.1375045792,0.1063633165,"_NaN_","_NaN_","_NaN_","_NaN_","_NaN_","_NaN_","_NaN_"],
			"output": [1,0.9353368339,0.8870528951,0.8420218461,0.8084960851,0.7745039123,0.7419231536,0.7056032137,0.6805355178,0.6498938962,0.6340708922,0.6087655813,0.5828900718,0.5637170684,"_NaN_","_NaN_","_NaN_","_NaN_","_NaN_","_NaN_","_NaN_"],
			"inflationql": [1,0.8005354069,0.7139668846,0.62846793,0.588564005,0.5387599097,0.5043591309,0.469287883,0.439018228,0.417567405,0.3973254274,0.3981520755,0.3705056019,0.3689537801,"_NaN_","_NaN_","_NaN_","_NaN_","_NaN_","_NaN_","_NaN_"],
			"inflationql2": [1,0.8229493862,0.7211680293,0.6294763714,0.5914150649,0.5561186212,0.5129973291,0.4665471529,0.4307680351,0.4133511441,0.4043685196,0.4109237647,0.4061219637,0.3943089214,"_NaN_","_NaN_","_NaN_","_NaN_","_NaN_","_NaN_","_NaN_"],
			"inflationqls": [1,0.8957292487,0.7665746072,0.6728360558,0.6111225319,0.5674495813,0.5309338027,0.487693483,0.4492907694,0.4264420175,0.4190108975,0.4270549663,0.409979787,0.3921858901,"_NaN_","_NaN_","_NaN_","_NaN_","_NaN_","_NaN_","_NaN_"]
		},
		"VAR": {
			"y": 8.622209012,
			"m": 4.640314239,
			"pi": 0.06663055855,
			"r": 0.0901754696,
			"a": 8.884391356,
			"e": 4.59135333,
			"z": 8.353917552,
			"pinf4": 0.6665285877,
			"interest": 1.442807514,
			"inflation": 0.6665285877,
			"inflationq": 1.066088937,
			"outputgap": 0.0753993766,
			"output": 8.622209012,
			"inflationql": 0.7290807624,
			"inflationql2": 0.6933863465,
			"inflationqls": 2.728654991
		},
		"IRF": {
			"interest_": {
				"y": [0,-0.2092463407,0.01508229258,0.01027679887,0.005816056657,0.000916188316,0.001984835381,0.002309588928,0.002313701809,0.002253792431,0.00224632469,0.002246547528,0.002244965575,0.00224290289,0.002242078843,0.002242440046,0.002243843136,0.002246273837,0.002249755927,0.002254302098,0.002259920954],
				"m": [0,-0.03047019381,0.0007557436713,0.0007286144468,0.0007385488632,-7.399636931e-05,3.305203292e-05,8.004115602e-05,9.072329401e-05,8.580527303e-05,8.717448535e-05,8.989515564e-05,9.247426372e-05,9.487360507e-05,9.733940038e-05,9.98845078e-05,0.0001024923622,0.0001051593732,0.0001078886932,0.0001106825052,0.0001135423255],
				"pi": [0,-0.0178802818,0.001822881344,0.0005616484255,-0.0002272163508,-0.0005768124876,-0.0004552907231,-0.0004388599816,-0.0004549055521,-0.0004721860935,-0.0004845031043,-0.0004968537801,-0.0005098880227,-0.0005233382711,-0.0005370675427,-0.0005511047523,-0.0005654729184,-0.0005801806057,-0.0005952344314,-0.0006106426827,-0.0006264141865],
				"r": [0,0.2171391017,-0.004136238597,-0.004526307151,-0.00516910606,0.0007072113885,-1.352225338e-05,-0.0003481187127,-0.000432988053,-0.0004012418275,-0.0004131299381,-0.0004348497578,-0.0004556659284,-0.0004751058306,-0.0004949205008,-0.0005152194651,-0.0005358884147,-0.0005569004525,-0.0005782777746,-0.0006000362271,-0.0006221868456],
				"a": [0,0,0,0,0,0,0,0,0,0,0,0,0,0,0,0,0,0,0,0,0],
				"e": [0,0,0,0,0,0,0,0,0,0,0,0,0,0,0,0,0,0,0,0,0],
				"z": [0,2.764594109e-17,2.518728727e-17,2.494548932e-17,2.612661488e-17,2.577500884e-17,2.543865622e-17,2.491467511e-17,2.464360118e-17,2.448250166e-17,2.385439388e-17,2.365245523e-17,2.348033562e-17,2.311680601e-17,2.295275739e-17,2.30656585e-17,2.290361913e-17,2.22536464e-17,2.188284909e-17,2.167443845e-17,2.154899732e-17],
				"pinf4": [0,-0.0178802818,-0.01605740045,-0.01549575203,-0.01572296838,0.001580500931,-0.000697671136,-0.001698179543,-0.001925868744,-0.00182124235,-0.001850454731,-0.00190844853,-0.001963431001,-0.002014583178,-0.002067147617,-0.002121398589,-0.002176983484,-0.002233825819,-0.002291992708,-0.002351530638,-0.002412471906],
				"interest": [0,0.8685564069,-0.01654495439,-0.0181052286,-0.02067642424,0.002828845554,-5.408901351e-05,-0.001392474851,-0.001731952212,-0.00160496731,-0.001652519752,-0.001739399031,-0.001822663713,-0.001900423322,-0.001979682003,-0.00206087786,-0.002143553659,-0.00222760181,-0.002313111098,-0.002400144908,-0.002488747382],
				"inflation": [0,-0.0178802818,-0.01605740045,-0.01549575203,-0.01572296838,0.001580500931,-0.000697671136,-0.001698179543,-0.001925868744,-0.00182124235,-0.001850454731,-0.00190844853,-0.001963431001,-0.002014583178,-0.002067147617,-0.002121398589,-0.002176983484,-0.002233825819,-0.002291992708,-0.002351530638,-0.002412471906],
				"inflationq": [0,-0.07152112719,0.007291525375,0.002246593702,-0.0009088654033,-0.00230724995,-0.001821162893,-0.001755439926,-0.001819622208,-0.001888744374,-0.001938012417,-0.00198741512,-0.002039552091,-0.002093353084,-0.002148270171,-0.002204419009,-0.002261891674,-0.002320722423,-0.002380937726,-0.002442570731,-0.002505656746],
				"outputgap": [0,-0.2092463407,0.01508229258,0.01027679887,0.005816056657,0.000916188316,0.001984835381,0.002309588928,0.002313701809,0.002253792431,0.00224632469,0.002246547528,0.002244965575,0.00224290289,0.002242078843,0.002242440046,0.002243843136,0.002246273837,0.002249755927,0.002254302098,0.002259920954],