{
	"model": "NK_IR04AL",
	"rule": "Model",
	"data": {
		"AC": {
			"y": [1,0.9367915765,0.9002569763,0.8709328303,0.8402486584,0.8137784899,0.788040028,0.762565432,0.7415394662,0.7165921766,0.6944537538,0.6695149929,0.6498136478,0.6309617252,0.6138345733,0.5937735144,0.5757999474,0.5603390411,0.5496434543,0.5297206982,0.5135630698],
			"m": [1,0.9559849395,0.9147724635,0.8764805163,0.8393002489,0.8027805887,0.7658523777,0.7307408796,0.6952617056,0.6608655238,0.630015509,0.6010934855,0.5712536886,0.5444265857,0.521330241,0.4990143476,0.4786669256,0.4585657405,0.436598695,0.4160327358,0.396868788],
			"pi": [1,0.7722647905,0.7287535283,0.6676696993,0.6394919984,0.5615380116,0.5787876059,0.5018220762,0.4945887072,0.4629780835,0.4666534973,0.4189692571,0.4399902302,0.370288313,0.3830712894,0.3596311082,0.3703693804,0.3455387117,0.3789314506,0.3309432861,0.3544845133],
			"r": [1,0.9341090531,0.8708085024,0.8166914028,0.7597893602,0.7067819,0.6689893145,0.6283918408,0.5930287742,0.569109375,0.5390977403,0.5096766161,0.4838288729,0.4631609524,0.4479067854,0.4370580197,0.4233950023,0.4167725597,0.4125339455,0.4037636509,0.3951285543],
			"a": [1,0.906269331,0.8270852455,0.7577139594,0.697392685,0.6355747232,0.5827547397,0.5402074609,0.4970643354,0.4577282341,0.424502844,0.3992570073,0.3690922689,0.3410437971,0.3252358391,0.3155306353,0.3056100954,0.3051366398,0.3017235549,0.2928296917,0.2868051376],
			"e": [1,0.9562240476,0.9151295014,0.8770061344,0.8399376059,0.8035173945,0.7666878632,0.7317042464,0.6964009133,0.6623052204,0.631895206,0.6033936292,0.5739496321,0.5476437425,0.5249300516,0.5028661886,0.4826680385,0.4628833331,0.4411589327,0.4208113875,0.4018626578],
			"z": [1,0.95464761,0.9174331611,0.8800176862,0.8471371312,0.8199442379,0.7956476465,0.7731395213,0.7548911678,0.7337590132,0.7095780605,0.6831969826,0.659827201,0.6371038497,0.624738999,0.6057181479,0.5878509452,0.5724634961,0.55736633,0.5407254886,0.5239103077],
			"pinf4": [1,0.9278216296,0.8684884749,0.8076161248,0.7426401105,0.6847568745,0.6565548693,0.6088661827,0.5794095391,0.5560428371,0.528632801,0.4944522419,0.4799989439,0.4501898689,0.437927512,0.4276752952,0.418373498,0.4074684584,0.411361296,0.398179461,0.3922605513],
			"interest": [1,0.9341090531,0.8708085024,0.8166914028,0.7597893602,0.7067819,0.6689893145,0.6283918408,0.5930287742,0.569109375,0.5390977403,0.5096766161,0.4838288729,0.4631609524,0.4479067854,0.4370580197,0.4233950023,0.4167725597,0.4125339455,0.4037636509,0.3951285543],
			"inflation": [1,0.9278216296,0.8684884749,0.8076161248,0.7426401105,0.6847568745,0.6565548693,0.6088661827,0.5794095391,0.5560428371,0.528632801,0.4944522419,0.4799989439,0.4501898689,0.437927512,0.4276752952,0.418373498,0.4074684584,0.411361296,0.398179461,0.3922605513],
			"inflationq": [1,0.7722647905,0.7287535283,0.6676696993,0.6394919984,0.5615380116,0.5787876059,0.5018220762,0.4945887072,0.4629780835,0.4666534973,0.4189692571,0.4399902302,0.370288313,0.3830712894,0.3596311082,0.3703693804,0.3455387117,0.3789314506,0.3309432861,0.3544845133],
			"outputgap": [1,0.5180289339,0.4353662091,0.4035335793,0.3946956435,0.3355406709,0.3352486856,0.304271012,0.30141013,0.2740042495,0.2853526476,0.2551312366,0.2757381767,0.237081282,0.2469827183,0.2457218151,0.2534953529,0.2302144685,0.2644245831,0.2377211193,0.2492605274],
			"output": [1,0.9367915765,0.9002569763,0.8709328303,0.8402486584,0.8137784899,0.788040028,0.762565432,0.7415394662,0.7165921766,0.6944537538,0.6695149929,0.6498136478,0.6309617252,0.6138345733,0.5937735144,0.5757999474,0.5603390411,0.5496434543,0.5297206982,0.5135630698],
			"inflationql": [1,0.8398424299,0.764303747,0.7236646512,0.6701582614,0.6163101095,0.5924170796,0.5555405731,0.5190810313,0.5107851569,0.4835034454,0.4624026893,0.4376151122,0.4147315222,0.4031432257,0.3996389269,0.379636183,0.3811437065,0.3815570568,0.3673528477,0.3645240493],
			"inflationql2": [1,0.8605364235,0.7873599534,0.7268091519,0.6810744312,0.6329114659,0.595794607,0.5677754526,0.5348820056,0.5128507832,0.4881546289,0.4666780506,0.4360539588,0.4222395895,0.4079790232,0.3920919582,0.3766388991,0.3823413872,0.3797372444,0.3722826474,0.3629841688],
			"inflationqls": [1,0.9149150928,0.8205778129,0.763633508,0.7079913244,0.6568745584,0.6229245002,0.5856507639,0.5544843388,0.5349290163,0.5108679917,0.4817830254,0.4567228488,0.4373973319,0.4242728857,0.411621168,0.3993023893,0.3964565484,0.3956189344,0.3889775856,0.3802919596]
		},
		"VAR": {
			"y": 14.35297704,
			"m": 7.514023682,
			"pi": 0.4291888309,
			"r": 0.4882490777,
			"a": 16.29387178,
			"e": 7.514604759,
			"z": 13.44155911,
			"pinf4": 5.143619191,
			"interest": 7.811985243,
			"inflation": 5.143619191,
			"inflationq": 6.867021295,
			"outputgap": 0.4477549739,
			"output": 14.35297704,
			"inflationql": 5.584771095,
			"inflationql2": 5.246668069,
			"inflationqls": 20.98788038
		},
		"IRF": {
			"interest_": {
				"y": [0,-0.4599926888,-0.1965082275,-0.08520167459,-0.03914775303,-0.02185929334,-0.01596955007,-0.01441365925,-0.01448679763,-0.01518366556,-0.01613782552,-0.01721830773,-0.01838001381,-0.01960906238,-0.02090301169,-0.02226376352,-0.02369505375,-0.02520160095,-0.02678886013,-0.02846300652,-0.03023101905],
				"m": [0,-0.03854288448,-0.01508656936,-0.005375066035,-0.001478184046,2.717192934e-05,0.0006122839867,0.0008551287805,0.0009739864153,0.001049531377,0.001111258797,0.001169936589,0.001229551239,0.001291654473,0.001356934479,0.001425782175,0.001498495674,0.001575355174,0.001656651845,0.001742700725,0.001833848475],
				"pi": [0,-0.07261920228,-0.03572229217,-0.0189788922,-0.01187391892,-0.009294098527,-0.008570267156,-0.008575670906,-0.008868059927,-0.009281279938,-0.009754895501,-0.01026788446,-0.01081374438,-0.01139133987,-0.01200158448,-0.01264625716,-0.01332759564,-0.01404817419,-0.01481088875,-0.01561898709,-0.01647612331],
				"r": [0,0.25,0.0957772931,0.0322052724,0.006871699029,-0.002978007707,-0.006911293988,-0.008655991979,-0.009615330278,-0.01030722056,-0.0109211546,-0.01152666548,-0.01214992372,-0.01280158,-0.01348682705,-0.01420902989,-0.01497104335,-0.01577570319,-0.01662602586,-0.01752530958,-0.01847720685],
				"a": [0,0,0,0,0,0,0,0,0,0,0,0,0,0,0,0,0,0,0,0,0],
				"e": [0,0,0,0,0,0,0,0,0,0,0,0,0,0,0,0,0,0,0,0,0],
				"z": [0,0,0,-2.130830386e-17,-1.345048682e-17,-1.332136215e-17,-1.323451028e-17,-1.310745898e-17,-1.298162737e-17,-1.089567685e-17,-1.082172409e-17,-1.074990925e-17,-8.375787491e-18,-5.903730809e-18,-5.847054994e-18,-5.790923266e-18,-5.735330402e-18,-5.723973441e-18,-5.669023296e-18,1.241130293e-18,4.581262977e-18],
				"pinf4": [0,-0.07261920228,-0.1083414945,-0.1273203867,-0.1391943056,-0.07586920182,-0.0487171768,-0.03831395551,-0.03530809652,-0.03529527793,-0.03647990627,-0.03817211982,-0.04011780428,-0.04222786421,-0.04447455319,-0.0468529259,-0.04936677716,-0.05202361148,-0.05483291574,-0.05780564567,-0.06095417333],
				"interest": [0,1,0.3831091724,0.1288210896,0.02748679611,-0.01191203083,-0.02764517595,-0.03462396792,-0.03846132111,-0.04122888226,-0.04368461838,-0.04610666191,-0.04859969489,-0.05120632001,-0.05394730818,-0.05683611955,-0.0598841734,-0.06310281275,-0.06650410342,-0.07010123832,-0.07390882738],
				"inflation": [0,-0.07261920228,-0.1083414945,-0.1273203867,-0.1391943056,-0.07586920182,-0.0487171768,-0.03831395551,-0.03530809652,-0.03529527793,-0.03647990627,-0.03817211982,-0.04011780428,-0.04222786421,-0.04447455319,-0.0468529259,-0.04936677716,-0.05202361148,-0.05483291574,-0.05780564567,-0.06095417333],
				"inflationq": [0,-0.2904768091,-0.1428891687,-0.07591556881,-0.04749567567,-0.03717639411,-0.03428106862,-0.03430268362,-0.03547223971,-0.03712511975,-0.039019582,-0.04107153784,-0.04325497754,-0.04556535948,-0.04800633792,-0.05058502865,-0.05331038258,-0.05619269676,-0.05924355499,-0.06247594834,-0.06590449325],