{
	"model": "NK_IR04AL",
	"rule": "Taylor",
	"data": {
		"AC": {
			"y": [1,0.9353368337,0.8870528954,0.8420218464,0.8084960852,0.7745039122,0.7419231545,0.7056032149,0.6805355192,0.6498938971,0.6340708927,0.6087655817,0.5828900722,0.5637170685,"_NaN_","_NaN_","_NaN_","_NaN_","_NaN_","_NaN_","_NaN_"],
			"m": [1,0.9086965154,0.8375072364,0.7803969106,0.7299068629,0.6868427492,0.6512518748,0.6148261861,0.5819086202,0.5637715689,0.5439798719,0.5171608064,0.4730278812,0.4434320243,"_NaN_","_NaN_","_NaN_","_NaN_","_NaN_","_NaN_","_NaN_"],
			"pi": [1,0.7371718392,0.7085595518,0.5656682133,0.5912375792,0.4911639832,0.5071373602,0.4270060918,0.4617581732,0.3977861921,0.4190807707,0.3479833927,0.3696207493,0.3231858593,"_NaN_","_NaN_","_NaN_","_NaN_","_NaN_","_NaN_","_NaN_"],
			"r": [1,0.8856340509,0.8218257537,0.7279355844,0.6653650531,0.5898567954,0.5598514398,0.5000727899,0.4795869544,0.4394453071,0.4386130489,0.403965392,0.3928556851,0.3671417448,"_NaN_","_NaN_","_NaN_","_NaN_","_NaN_","_NaN_","_NaN_"],
			"a": [1,0.8510007968,0.7451521308,0.6486573664,0.5941805521,0.5398768316,0.484929433,0.4601284809,0.4431565835,0.4242258174,0.3892700683,0.3555231745,0.3329680542,0.3263594927,"_NaN_","_NaN_","_NaN_","_NaN_","_NaN_","_NaN_","_NaN_"],
			"e": [1,0.9101509826,0.8397683633,0.7835222992,0.7336483027,0.6911655591,0.6555922042,0.6193276815,0.5864428943,0.5677525669,0.5475050172,0.5211262584,0.4776464825,0.4482269713,"_NaN_","_NaN_","_NaN_","_NaN_","_NaN_","_NaN_","_NaN_"],
			"z": [1,0.9471959761,0.8990567309,0.8566971949,0.8183581273,0.7835855995,0.7490068881,0.7166846243,0.6845290853,0.6484574387,0.6277233312,0.6039559526,0.5685623615,0.5419574241,"_NaN_","_NaN_","_NaN_","_NaN_","_NaN_","_NaN_","_NaN_"],
			"pinf4": [1,0.9046954907,0.8368080745,0.7140757898,0.6544343952,0.575284819,0.5509282192,0.4853642883,0.4768838142,0.4397793638,0.4493929285,0.4159306923,0.410808878,0.3715953343,"_NaN_","_NaN_","_NaN_","_NaN_","_NaN_","_NaN_","_NaN_"],
			"interest": [1,0.8856340509,0.8218257537,0.7279355844,0.6653650531,0.5898567954,0.5598514398,0.5000727899,0.4795869544,0.4394453071,0.4386130489,0.403965392,0.3928556851,0.3671417448,"_NaN_","_NaN_","_NaN_","_NaN_","_NaN_","_NaN_","_NaN_"],
			"inflation": [1,0.9046954907,0.8368080745,0.7140757898,0.6544343952,0.575284819,0.5509282192,0.4853642883,0.4768838142,0.4397793638,0.4493929285,0.4159306923,0.410808878,0.3715953343,"_NaN_","_NaN_","_NaN_","_NaN_","_NaN_","_NaN_","_NaN_"],
			"inflationq": [1,0.7371718392,0.7085595518,0.5656682133,0.5912375792,0.4911639832,0.5071373602,0.4270060918,0.4617581732,0.3977861921,0.4190807707,0.3479833927,0.3696207493,0.3231858593,"_NaN_","_NaN_","_NaN_","_NaN_","_NaN_","_NaN_","_NaN_"],
			"outputgap": [1,0.3510750829,0.278426719,0.1855026845,0.289351912,0.2235545016,0.2374338206,0.1766728082,0.2180004743,0.1643188744,0.1855891666,0.1140844605,0.1375045795,0.1063633163,"_NaN_","_NaN_","_NaN_","_NaN_","_NaN_","_NaN_","_NaN_"],
			"output": [1,0.9353368337,0.8870528954,0.8420218464,0.8084960852,0.7745039122,0.7419231545,0.7056032149,0.6805355192,0.6498938971,0.6340708927,0.6087655817,0.5828900722,0.5637170685,"_NaN_","_NaN_","_NaN_","_NaN_","_NaN_","_NaN_","_NaN_"],
			"inflationql": [1,0.8005354078,0.7139668871,0.6284679334,0.58856401,0.5387599158,0.5043591384,0.4692878899,0.4390182363,0.4175674143,0.3973254378,0.398152087,0.3705056147,0.3689537945,"_NaN_","_NaN_","_NaN_","_NaN_","_NaN_","_NaN_","_NaN_"],
			"inflationql2": [1,0.8229493873,0.7211680319,0.6294763756,0.5914150705,0.5561186279,0.5129973369,0.4665471617,0.4307680445,0.4133511546,0.404368531,0.4109237772,0.4061219776,0.3943089365,"_NaN_","_NaN_","_NaN_","_NaN_","_NaN_","_NaN_","_NaN_"],
			"inflationqls": [1,0.8957292495,0.7665746095,0.6728360592,0.6111225367,0.5674495874,0.53093381,0.4876934904,0.4492907779,0.426442027,0.419010908,0.427054978,0.4099798001,0.3921859045,"_NaN_","_NaN_","_NaN_","_NaN_","_NaN_","_NaN_","_NaN_"]
		},
		"VAR": {
			"y": 8.622209021,
			"m": 4.640314251,
			"pi": 0.06663056697,
			"r": 0.09017548615,
			"a": 8.884391356,
			"e": 4.59135333,
			"z": 8.353917552,
			"pinf4": 0.6665287102,
			"interest": 1.442807778,
			"inflation": 0.6665287102,
			"inflationq": 1.066089072,
			"outputgap": 0.07539937693,
			"output": 8.622209021,
			"inflationql": 0.7290808838,
			"inflationql2": 0.6933864683,
			"inflationqls": 2.728655478
		},
		"IRF": {
			"interest_": {
				"y": [0,-0.2092463407,0.01508229258,0.01027679887,0.005816056657,0.000916188316,0.001984835381,0.002309588928,0.002313701809,0.002253792431,0.00224632469,0.002246547528,0.002244965575,0.00224290289,0.002242078843,0.002242440046,0.002243843136,0.002246273837,0.002249755927,0.002254302098,0.002259920954],
				"m": [0,-0.03047019381,0.0007557436713,0.0007286144468,0.0007385488632,-7.399636931e-05,3.305203292e-05,8.004115602e-05,9.072329401e-05,8.580527303e-05,8.717448535e-05,8.989515564e-05,9.247426372e-05,9.487360507e-05,9.733940037e-05,9.98845078e-05,0.0001024923622,0.0001051593732,0.0001078886932,0.0001106825052,0.0001135423255],
				"pi": [0,-0.0178802818,0.001822881344,0.0005616484255,-0.0002272163508,-0.0005768124875,-0.0004552907231,-0.0004388599816,-0.0004549055521,-0.0004721860934,-0.0004845031043,-0.0004968537801,-0.0005098880227,-0.0005233382711,-0.0005370675427,-0.0005511047522,-0.0005654729184,-0.0005801806057,-0.0005952344314,-0.0006106426827,-0.0006264141865],
				"r": [0,0.2171391017,-0.004136238597,-0.004526307151,-0.00516910606,0.0007072113885,-1.352225337e-05,-0.0003481187127,-0.000432988053,-0.0004012418275,-0.0004131299381,-0.0004348497578,-0.0004556659283,-0.0004751058306,-0.0004949205008,-0.0005152194651,-0.0005358884147,-0.0005569004525,-0.0005782777746,-0.000600036227,-0.0006221868456],
				"a": [0,0,0,0,0,0,0,0,0,0,0,0,0,0,0,0,0,0,0,0,0],
				"e": [0,0,0,0,0,0,0,0,0,0,0,0,0,0,0,0,0,0,0,0,0],
				"z": [0,0,0,2.193252784e-18,2.373778638e-18,2.135006448e-18,2.05072429e-18,2.018474117e-18,2.215080681e-18,1.828648272e-18,1.811093249e-18,1.768554169e-18,1.509484077e-18,1.494993029e-18,1.407874594e-18,1.481942617e-18,1.557595564e-18,1.234431133e-18,1.222580594e-18,1.523917061e-18,1.375937027e-18],
				"pinf4": [0,-0.0178802818,-0.01605740045,-0.01549575203,-0.01572296838,0.001580500931,-0.000697671136,-0.001698179543,-0.001925868744,-0.00182124235,-0.001850454731,-0.00190844853,-0.001963431001,-0.002014583178,-0.002067147617,-0.002121398589,-0.002176983484,-0.002233825819,-0.002291992708,-0.002351530638,-0.002412471906],
				"interest": [0,0.8685564069,-0.01654495439,-0.0181052286,-0.02067642424,0.002828845554,-5.408901347e-05,-0.001392474851,-0.001731952212,-0.00160496731,-0.001652519752,-0.001739399031,-0.001822663713,-0.001900423322,-0.001979682003,-0.00206087786,-0.002143553659,-0.00222760181,-0.002313111098,-0.002400144908,-0.002488747382],
				"inflation": [0,-0.0178802818,-0.01605740045,-0.01549575203,-0.01572296838,0.001580500931,-0.000697671136,-0.001698179543,-0.001925868744,-0.00182124235,-0.001850454731,-0.00190844853,-0.001963431001,-0.002014583178,-0.002067147617,-0.002121398589,-0.002176983484,-0.002233825819,-0.002291992708,-0.002351530638,-0.002412471906],
				"inflationq": [0,-0.07152112719,0.007291525375,0.002246593702,-0.0009088654033,-0.00230724995,-0.001821162893,-0.001755439926,-0.001819622208,-0.001888744374,-0.001938012417,-0.00198741512,-0.002039552091,-0.002093353084,-0.002148270171,-0.002204419009,-0.002261891674,-0.002320722423,-0.002380937726,-0.002442570731,-0.002505656746],
				"outputgap": [0,-0.2092463407,0.01508229258,0.01027679887,0.005816056657,0.000916188316,0.001984835381,0.002309588928,0.002313701809,0.002253792431,0.00224632469,0.002246547528,0.002244965575,0.00224290289,0.002242078843,0.002242440046,0.002243843136,0.002246273837,0.002249755927,0.002254302098,0.002259920954],