{
	"model": "NK_IR04AL",
	"rule": "GR",
	"data": {
		"AC": {
			"y": [1,0.9611687636,0.928466428,0.8981653237,0.87005339,0.8418129338,0.8135405295,0.7846636166,0.7583860796,0.7335474911,0.7094647319,0.6853503808,0.6621514961,0.6405205741,0.6200693342,0.6003778076,0.5823529647,0.5647475768,0.5489987984,0.534219255,0.5203547575],
			"m": [1,0.9533842994,0.9103217693,0.8716237037,0.8365601583,0.8069806057,0.7753807109,0.7449938705,0.7165633947,0.6891729684,0.6621527083,0.6349163732,0.6070326633,0.5830312338,0.5570601069,0.5345524603,0.5154610584,0.4983899363,0.4801820734,0.4607154073,0.4364428728],
			"pi": [1,0.785506823,0.7469376145,0.6639137719,0.6603365093,0.6091397437,0.6128435975,0.577040651,0.5875979048,0.5442376663,0.5438064538,0.5005803406,0.5148541144,0.477949947,0.4899257002,0.4447740305,0.4521761803,0.4057058974,0.4278414457,0.3910019051,0.4057083836],
			"r": [1,0.9711671269,0.9345169854,0.8899223807,0.8470719528,0.8049143453,0.7679766157,0.7355533394,0.7089644152,0.6826191301,0.659772188,0.637450516,0.6180218437,0.5951575655,0.5736049677,0.5475033654,0.5265293447,0.5049716775,0.4884980175,0.4721606605,0.459536993],
			"a": [1,0.9116662664,0.8392264253,0.7711520075,0.7168234012,0.6626069709,0.6104135433,0.5731401046,0.5375740743,0.4999709918,0.4645573436,0.4354328079,0.4134559588,0.3903711369,0.367071516,0.3447897911,0.325140496,0.3047436055,0.2915074367,0.2810824139,0.2697551722],
			"e": [1,0.9539113852,0.9112873634,0.8729553165,0.8380942158,0.8082703916,0.7764539091,0.7458529548,0.7171670995,0.6896144227,0.6624033077,0.6352207098,0.607548217,0.5835759298,0.5578291638,0.5352533748,0.5157875895,0.4982809074,0.4798790924,0.460465972,0.4365483062],
			"z": [1,0.9671154868,0.9377449571,0.9083370639,0.8803114494,0.8520102585,0.8242694844,0.7965034557,0.771055389,0.7463130981,0.7230206637,0.6999951783,0.677399981,0.656353586,0.6354472689,0.6159314797,0.597388652,0.5793840201,0.5633016731,0.5488882115,0.5343243095],
			"pinf4": [1,0.9448215833,0.8933202832,0.8256670328,0.7790481947,0.7359572253,0.7106056502,0.6826705757,0.667748413,0.6398724757,0.622573224,0.597580111,0.5871470353,0.563090619,0.5480037311,0.5189226373,0.5045825346,0.4797188681,0.4718944302,0.453365917,0.4466070829],
			"interest": [1,0.9711671269,0.9345169854,0.8899223807,0.8470719528,0.8049143453,0.7679766157,0.7355533394,0.7089644152,0.6826191301,0.659772188,0.637450516,0.6180218437,0.5951575655,0.5736049677,0.5475033654,0.5265293447,0.5049716775,0.4884980175,0.4721606605,0.459536993],
			"inflation": [1,0.9448215833,0.8933202832,0.8256670328,0.7790481947,0.7359572253,0.7106056502,0.6826705757,0.667748413,0.6398724757,0.622573224,0.597580111,0.5871470353,0.563090619,0.5480037311,0.5189226373,0.5045825346,0.4797188681,0.4718944302,0.453365917,0.4466070829],
			"inflationq": [1,0.785506823,0.7469376145,0.6639137719,0.6603365093,0.6091397437,0.6128435975,0.577040651,0.5875979048,0.5442376663,0.5438064538,0.5005803406,0.5148541144,0.477949947,0.4899257002,0.4447740305,0.4521761803,0.4057058974,0.4278414457,0.3910019051,0.4057083836],
			"outputgap": [1,0.564700409,0.4122717318,0.3496780303,0.364712061,0.3462129021,0.3387886386,0.3395989651,0.341615829,0.3302792131,0.3180489433,0.3097351065,0.3011338514,0.2931250795,0.2935398437,0.2750167799,0.279345116,0.269431777,0.2730120696,0.2510450471,0.2571857094],
			"output": [1,0.9611687636,0.928466428,0.8981653237,0.87005339,0.8418129338,0.8135405295,0.7846636166,0.7583860796,0.7335474911,0.7094647319,0.6853503808,0.6621514961,0.6405205741,0.6200693342,0.6003778076,0.5823529647,0.5647475768,0.5489987984,0.534219255,0.5203547575],
			"inflationql": [1,0.8382299726,0.7528815074,0.7038943406,0.6725834147,0.6483389118,0.6221984007,0.6052335005,0.5931185545,0.5695874551,0.5458556958,0.5250988763,0.5110811651,0.5027762764,0.4820428659,0.4601724545,0.4440268968,0.4246585067,0.4161343406,0.4036175174,0.3987106065],
			"inflationql2": [1,0.8469625893,0.7665184457,0.7078756266,0.6748756164,0.647410632,0.6230467578,0.6049184059,0.5901820495,0.564359182,0.5492458465,0.5305500421,0.5105842944,0.4989950099,0.479408947,0.4598719661,0.4399413496,0.4215561326,0.4145434393,0.4043698402,0.3976980286],
			"inflationqls": [1,0.9189490634,0.8134520897,0.7544565129,0.7172900299,0.6876543901,0.661107891,0.6415461534,0.6260146861,0.6018590829,0.5786058785,0.5595628759,0.5428135043,0.5287032156,0.5094676949,0.4861110589,0.4663944544,0.4479604107,0.435289175,0.4261361728,0.417532808]
		},
		"VAR": {
			"y": 13.71649551,
			"m": 8.709883221,
			"pi": 0.0571347708,
			"r": 0.145538802,
			"a": 18.5961487,
			"e": 8.673123108,
			"z": 13.30891565,
			"pinf4": 0.7153088769,
			"interest": 2.328620831,
			"inflation": 0.7153088769,
			"inflationq": 0.9141563329,
			"outputgap": 0.1742095709,
			"output": 13.71649551,
			"inflationql": 0.7962765555,
			"inflationql2": 0.7709816996,
			"inflationqls": 2.982139122
		},
		"IRF": {
			"interest_": {
				"y": [0,-0.4859567003,-0.251289523,-0.1112179094,-0.03808120713,-0.01371150042,-0.008330721566,-0.008609015749,-0.009865214732,-0.01100837664,-0.01197214568,-0.01285927626,-0.01374115896,-0.01464842159,-0.0155911131,-0.01657219788,-0.01759309673,-0.0186552814,-0.01976051554,-0.02091079386,-0.02210827804],
				"m": [0,-0.0358485796,-0.01923943991,-0.008516167159,-0.001748159727,0.0007745764894,0.001531333537,0.001703061176,0.001752110375,0.001802818216,0.001872491939,0.001955517197,0.002046386227,0.002142612481,0.002243533747,0.002349203717,0.002459878312,0.002575850406,0.002697418132,0.0028248886,0.002958585584],
				"pi": [0,-0.08010899811,-0.04261884246,-0.02102625112,-0.01102257515,-0.008055427071,-0.007696897852,-0.008070803239,-0.008556262434,-0.009024824823,-0.009478976455,-0.009937644376,-0.01041252262,-0.01090882388,-0.01142880918,-0.01197384041,-0.01254516897,-0.01314415042,-0.01377227642,-0.01443117223,-0.01512259834],
				"r": [0,0.2251835631,0.1220548797,0.05402817098,0.009164481649,-0.007923406843,-0.01329303707,-0.01470090827,-0.01525164483,-0.01580136345,-0.0164800307,-0.0172557455,-0.01809349751,-0.01897727851,-0.01990306422,-0.02087165822,-0.0218852857,-0.02294647363,-0.02405782796,-0.0252220555,-0.0264420174],
				"a": [0,0,0,0,0,0,0,0,0,0,0,0,0,0,0,0,0,0,0,0,0],
				"e": [0,0,0,0,0,0,0,0,0,0,0,0,0,0,0,0,0,0,0,0,0],
				"z": [0,0,0,4.712952032e-18,9.380659725e-18,9.62019565e-18,1.074675962e-17,1.443473083e-17,1.518865722e-17,1.641460578e-17,1.670327547e-17,1.806423678e-17,1.838981966e-17,1.821327739e-17,1.924476874e-17,2.466826929e-17,3.091459712e-17,3.332922135e-17,3.367131699e-17,3.334807235e-17,3.455092103e-17],
				"pinf4": [0,-0.08010899811,-0.1227278406,-0.1437540917,-0.1547766668,-0.0827230958,-0.04780115118,-0.03484570331,-0.0323793906,-0.03334878835,-0.03513086695,-0.03699770809,-0.03885396827,-0.04073796733,-0.04268780006,-0.04472399608,-0.04685664244,-0.04909196897,-0.05143543622,-0.05389276804,-0.0564701974],
				"interest": [0,0.9007342522,0.4882195187,0.2161126839,0.0366579266,-0.03169362737,-0.05317214827,-0.05880363307,-0.0610065793,-0.06320545379,-0.06592012279,-0.06902298201,-0.07237399005,-0.07590911405,-0.07961225688,-0.08348663288,-0.08754114279,-0.09178589453,-0.09623131183,-0.100888222,-0.1057680696],
				"inflation": [0,-0.08010899811,-0.1227278406,-0.1437540917,-0.1547766668,-0.0827230958,-0.04780115118,-0.03484570331,-0.0323793906,-0.03334878835,-0.03513086695,-0.03699770809,-0.03885396827,-0.04073796733,-0.04268780006,-0.04472399608,-0.04685664244,-0.04909196897,-0.05143543622,-0.05389276804,-0.0564701974],
				"inflationq": [0,-0.3204359924,-0.1704753698,-0.08410500447,-0.04409030058,-0.03222170828,-0.03078759141,-0.03228321295,-0.03422504974,-0.03609929929,-0.03791590582,-0.03975057751,-0.04165009048,-0.04363529553,-0.04571523671,-0.04789536162,-0.05018067589,-0.05257660167,-0.05508910568,-0.05772468891,-0.06049039336],