{
	"model": "NK_IR04AL",
	"rule": "Model",
	"data": {
		"AC": {
			"y": [1,0.9367915775,0.9002569775,0.8709328321,0.84024866,0.813778491,0.788040029,0.7625654329,0.741539467,0.7165921773,0.6944537544,0.6695149935,0.6498136483,0.6309617258,0.6138345739,0.5937735149,0.5757999479,0.5603390417,0.5496434547,0.5297206985,0.5135630701],
			"m": [1,0.9559849396,0.9147724637,0.8764805166,0.8393002492,0.8027805891,0.765852378,0.73074088,0.6952617059,0.6608655241,0.6300155094,0.6010934859,0.571253689,0.5444265861,0.5213302414,0.499014348,0.478666926,0.4585657408,0.4365986953,0.4160327361,0.3968687883],
			"pi": [1,0.7722647866,0.7287535332,0.667669727,0.6394920376,0.5615380628,0.578787653,0.5018221179,0.4945887433,0.4629781175,0.4666535309,0.4189692889,0.4399902603,0.3702883389,0.3830713124,0.3596311306,0.3703694041,0.3455387359,0.3789314718,0.3309433064,0.3544845348],
			"r": [1,0.9341090653,0.8708085295,0.8166914415,0.7597894057,0.7067819428,0.6689893544,0.6283918781,0.5930288087,0.5691094067,0.5390977698,0.5096766436,0.4838288981,0.4631609753,0.4479068061,0.4370580392,0.4233950213,0.4167725781,0.4125339627,0.4037636667,0.3951285693],
			"a": [1,0.906269331,0.8270852455,0.7577139594,0.697392685,0.6355747232,0.5827547397,0.5402074609,0.4970643354,0.4577282341,0.424502844,0.3992570073,0.3690922689,0.3410437971,0.3252358391,0.3155306353,0.3056100954,0.3051366398,0.3017235549,0.2928296917,0.2868051376],
			"e": [1,0.9562240476,0.9151295014,0.8770061344,0.8399376059,0.8035173945,0.7666878632,0.7317042464,0.6964009133,0.6623052204,0.631895206,0.6033936292,0.5739496321,0.5476437425,0.5249300516,0.5028661886,0.4826680385,0.4628833331,0.4411589327,0.4208113875,0.4018626578],
			"z": [1,0.95464761,0.9174331611,0.8800176862,0.8471371312,0.8199442379,0.7956476465,0.7731395213,0.7548911678,0.7337590132,0.7095780605,0.6831969826,0.659827201,0.6371038497,0.624738999,0.6057181479,0.5878509452,0.5724634961,0.55736633,0.5407254886,0.5239103077],
			"pinf4": [1,0.927821642,0.8684885034,0.8076161662,0.7426401583,0.6847569241,0.6565549159,0.6088662258,0.5794095789,0.5560428739,0.5286328351,0.4944522734,0.479998973,0.4501898955,0.4379275366,0.4276753184,0.4183735203,0.40746848,0.4113613165,0.3981794804,0.39226057],
			"interest": [1,0.9341090653,0.8708085295,0.8166914415,0.7597894057,0.7067819428,0.6689893544,0.6283918781,0.5930288087,0.5691094067,0.5390977698,0.5096766436,0.4838288981,0.4631609753,0.4479068061,0.4370580392,0.4233950213,0.4167725781,0.4125339627,0.4037636667,0.3951285693],
			"inflation": [1,0.927821642,0.8684885034,0.8076161662,0.7426401583,0.6847569241,0.6565549159,0.6088662258,0.5794095789,0.5560428739,0.5286328351,0.4944522734,0.479998973,0.4501898955,0.4379275366,0.4276753184,0.4183735203,0.40746848,0.4113613165,0.3981794804,0.39226057],
			"inflationq": [1,0.7722647866,0.7287535332,0.667669727,0.6394920376,0.5615380628,0.578787653,0.5018221179,0.4945887433,0.4629781175,0.4666535309,0.4189692889,0.4399902603,0.3702883389,0.3830713124,0.3596311306,0.3703694041,0.3455387359,0.3789314718,0.3309433064,0.3544845348],
			"outputgap": [1,0.5180289258,0.4353661956,0.4035335919,0.3946956597,0.3355406828,0.3352486997,0.3042710203,0.3014101317,0.2740042525,0.2853526548,0.2551312462,0.2757381862,0.2370812859,0.2469827182,0.2457218158,0.2534953575,0.2302144771,0.264424584,0.2377211246,0.2492605367],
			"output": [1,0.9367915775,0.9002569775,0.8709328321,0.84024866,0.813778491,0.788040029,0.7625654329,0.741539467,0.7165921773,0.6944537544,0.6695149935,0.6498136483,0.6309617258,0.6138345739,0.5937735149,0.5757999479,0.5603390417,0.5496434547,0.5297206985,0.5135630701],
			"inflationql": [1,0.8398424344,0.7643037674,0.7236646891,0.6701583127,0.6163101597,0.592417126,0.5555406153,0.5190810683,0.5107851907,0.4835034776,0.4624027202,0.4376151417,0.4147315474,0.4031432475,0.3996389482,0.3796362051,0.3811437289,0.3815570761,0.3673528656,0.3645240664],
			"inflationql2": [1,0.8605364374,0.7873599798,0.7268091982,0.6810744731,0.6329115061,0.5957946455,0.5677754884,0.5348820376,0.512850812,0.4881546561,0.4666780762,0.4360539825,0.4222396095,0.4079790406,0.3920919747,0.3766389157,0.3823414048,0.3797372591,0.3722826613,0.3629841819],
			"inflationqls": [1,0.9149151051,0.8205778411,0.7636335528,0.7079913766,0.6568746081,0.6229245467,0.5856508068,0.5544843776,0.5349290513,0.5108680247,0.4817830566,0.4567228775,0.4373973574,0.4242729082,0.4116211893,0.399302411,0.3964565698,0.3956189542,0.3889776034,0.3802919766]
		},
		"VAR": {
			"y": 14.35297704,
			"m": 7.514023682,
			"pi": 0.4291888135,
			"r": 0.488249064,
			"a": 16.29387178,
			"e": 7.514604759,
			"z": 13.44155911,
			"pinf4": 5.14361902,
			"interest": 7.811985024,
			"inflation": 5.14361902,
			"inflationq": 6.867021016,
			"outputgap": 0.4477549506,
			"output": 14.35297704,
			"inflationql": 5.584770856,
			"inflationql2": 5.246667882,
			"inflationqls": 20.98787958
		},
		"IRF": {
			"interest_": {
				"y": [0,-0.4599926888,-0.1965082275,-0.08520167459,-0.03914775303,-0.02185929334,-0.01596955007,-0.01441365925,-0.01448679763,-0.01518366556,-0.01613782552,-0.01721830773,-0.01838001381,-0.01960906238,-0.02090301169,-0.02226376352,-0.02369505375,-0.02520160095,-0.02678886013,-0.02846300652,-0.03023101904],
				"m": [0,-0.03854288448,-0.01508656936,-0.005375066035,-0.001478184046,2.717192934e-05,0.0006122839867,0.0008551287805,0.0009739864153,0.001049531377,0.001111258797,0.001169936589,0.001229551239,0.001291654473,0.001356934479,0.001425782175,0.001498495674,0.001575355174,0.001656651845,0.001742700725,0.001833848475],
				"pi": [0,-0.07261920228,-0.03572229217,-0.0189788922,-0.01187391892,-0.009294098527,-0.008570267156,-0.008575670906,-0.008868059927,-0.009281279938,-0.009754895501,-0.01026788446,-0.01081374438,-0.01139133987,-0.01200158448,-0.01264625716,-0.01332759564,-0.01404817419,-0.01481088875,-0.01561898709,-0.01647612331],
				"r": [0,0.25,0.0957772931,0.0322052724,0.006871699029,-0.002978007707,-0.006911293987,-0.008655991979,-0.009615330278,-0.01030722056,-0.0109211546,-0.01152666548,-0.01214992372,-0.01280158,-0.01348682705,-0.01420902989,-0.01497104335,-0.01577570319,-0.01662602586,-0.01752530958,-0.01847720685],
				"a": [0,0,0,0,0,0,0,0,0,0,0,0,0,0,0,0,0,0,0,0,0],
				"e": [0,0,0,0,0,0,0,0,0,0,0,0,0,0,0,0,0,0,0,0,0],
				"z": [0,0,0,-1.254766368e-19,-1.242720611e-19,-1.230790493e-19,5.367411147e-19,3.923489007e-18,5.782483454e-18,5.697336301e-18,7.664713887e-18,9.974463692e-18,9.87870884e-18,9.748390069e-18,1.217420001e-17,1.205732769e-17,1.190010296e-17,1.505326842e-17,1.792364353e-17,1.775157655e-17,1.758116142e-17],
				"pinf4": [0,-0.07261920228,-0.1083414945,-0.1273203867,-0.1391943056,-0.07586920182,-0.0487171768,-0.03831395551,-0.03530809652,-0.03529527793,-0.03647990627,-0.03817211982,-0.04011780428,-0.04222786421,-0.04447455319,-0.0468529259,-0.04936677716,-0.05202361148,-0.05483291574,-0.05780564567,-0.06095417333],
				"interest": [0,1,0.3831091724,0.1288210896,0.02748679612,-0.01191203083,-0.02764517595,-0.03462396792,-0.03846132111,-0.04122888226,-0.04368461838,-0.04610666191,-0.04859969489,-0.05120632001,-0.05394730818,-0.05683611955,-0.0598841734,-0.06310281275,-0.06650410342,-0.07010123832,-0.07390882738],
				"inflation": [0,-0.07261920228,-0.1083414945,-0.1273203867,-0.1391943056,-0.07586920182,-0.0487171768,-0.03831395551,-0.03530809652,-0.03529527793,-0.03647990627,-0.03817211982,-0.04011780428,-0.04222786421,-0.04447455319,-0.0468529259,-0.04936677716,-0.05202361148,-0.05483291574,-0.05780564567,-0.06095417333],
				"inflationq": [0,-0.2904768091,-0.1428891687,-0.07591556881,-0.04749567567,-0.03717639411,-0.03428106862,-0.03430268362,-0.03547223971,-0.03712511975,-0.039019582,-0.04107153784,-0.04325497754,-0.04556535948,-0.04800633792,-0.05058502865,-0.05331038258,-0.05619269676,-0.05924355499,-0.06247594834,-0.06590449325],