{
	"model": "NK_IR04AL",
	"rule": "SW",
	"data": {
		"AC": {
			"y": [1,0.944978274,0.8966211346,0.8500171736,0.8069819282,0.7670817457,0.7271274992,0.6906535311,0.6550853898,0.6229381178,0.6027619919,0.5786651653,0.5558139538,0.5370553557,0.5215616429,0.5088010433,0.493322724,0.4783265835,0.4660319706,0.4546741777,0.4412053389],
			"m": [1,0.946799351,0.89369,0.8518104041,0.8182988888,0.7774332486,0.7358300318,0.7040781541,0.6794549503,0.6548470985,0.62848071,0.6018782696,0.5778537137,0.5562955543,0.5385848939,0.5230270745,0.5094297688,0.4965446914,0.480664598,0.4678697819,0.4552723443],
			"pi": [1,0.8206068787,0.747975887,0.6800990256,0.6401725924,0.6091762451,0.5814204718,0.5543574293,0.5323342763,0.5161922996,0.5021294843,0.5009095889,0.4911116155,0.4855825014,0.465718142,0.457293231,0.4438910153,0.4377726626,0.427539644,0.4064710925,0.3934617326],
			"r": [1,0.9053278714,0.869214209,0.8207913934,0.7910754161,0.7596518337,0.7345805705,0.7053977776,0.6787661214,0.6625186813,0.6424570903,0.6332084331,0.6178446823,0.608438246,0.5896234762,0.5783624892,0.5608849864,0.5439646135,0.5264455738,0.5018192652,0.4859199165],
			"a": [1,0.8990756095,0.8277585614,0.7531172005,0.6987267788,0.6477327199,0.5999098526,0.5599496194,0.5205608863,0.4896011084,0.4572633184,0.4263851564,0.400697681,0.3781136832,0.3591069712,0.3424334796,0.326964257,0.3106138632,0.2988593185,0.2852166886,0.2715363593],
			"e": [1,0.9471276355,0.8942317481,0.852248734,0.8185024154,0.7779584229,0.736895732,0.7054016661,0.6807920003,0.6561010399,0.6297818787,0.6030915682,0.5791748636,0.5575856615,0.5400381466,0.5245676415,0.5110083397,0.4982581129,0.4824826106,0.4696864894,0.4572465715],
			"z": [1,0.9513289435,0.9043181873,0.8594646273,0.8172546134,0.7774733108,0.7371973587,0.6983214862,0.6635636444,0.6307892567,0.608898263,0.5844209722,0.561107657,0.5422015754,0.5237765655,0.5101520048,0.4974449785,0.4847282599,0.4736434387,0.4613693286,0.446198595],
			"pinf4": [1,0.933588894,0.8619201979,0.788754064,0.7282679773,0.685346536,0.6505688451,0.6177660554,0.5912501802,0.5746085987,0.5635911086,0.5540668084,0.5413379872,0.5288745866,0.5164859025,0.5082071592,0.49846419,0.4852652451,0.4703334405,0.4552252734,0.4425817328],
			"interest": [1,0.9053278714,0.869214209,0.8207913934,0.7910754161,0.7596518337,0.7345805705,0.7053977776,0.6787661214,0.6625186813,0.6424570903,0.6332084331,0.6178446823,0.608438246,0.5896234762,0.5783624892,0.5608849864,0.5439646135,0.5264455738,0.5018192652,0.4859199165],
			"inflation": [1,0.933588894,0.8619201979,0.788754064,0.7282679773,0.685346536,0.6505688451,0.6177660554,0.5912501802,0.5746085987,0.5635911086,0.5540668084,0.5413379872,0.5288745866,0.5164859025,0.5082071592,0.49846419,0.4852652451,0.4703334405,0.4552252734,0.4425817328],
			"inflationq": [1,0.8206068787,0.747975887,0.6800990256,0.6401725924,0.6091762451,0.5814204718,0.5543574293,0.5323342763,0.5161922996,0.5021294843,0.5009095889,0.4911116155,0.4855825014,0.465718142,0.457293231,0.4438910153,0.4377726626,0.427539644,0.4064710925,0.3934617326],
			"outputgap": [1,0.640098191,0.5403230332,0.4599986951,0.43116901,0.3896169824,0.3614628508,0.3406068763,0.3174989247,0.3241879904,0.3133843608,0.3116669149,0.3130260663,0.3161135601,0.31334121,0.3258481998,0.3164912404,0.3123103077,0.302028479,0.2861986919,0.2724804118],
			"output": [1,0.944978274,0.8966211346,0.8500171736,0.8069819282,0.7670817457,0.7271274992,0.6906535311,0.6550853898,0.6229381178,0.6027619919,0.5786651653,0.5558139538,0.5370553557,0.5215616429,0.5088010433,0.493322724,0.4783265835,0.4660319706,0.4546741777,0.4412053389],
			"inflationql": [1,0.8461412723,0.7501707429,0.6908615157,0.6409485578,0.6176982167,0.5835842148,0.5540139931,0.536197205,0.521789158,"_NaN_","_NaN_","_NaN_","_NaN_","_NaN_","_NaN_","_NaN_","_NaN_","_NaN_","_NaN_","_NaN_"],
			"inflationql2": [1,0.840497245,0.7571286165,0.6850505211,0.6465219073,0.6080498761,0.5709312187,0.5569540149,0.53688202,0.5179910825,"_NaN_","_NaN_","_NaN_","_NaN_","_NaN_","_NaN_","_NaN_","_NaN_","_NaN_","_NaN_","_NaN_"],
			"inflationqls": [1,0.9079044866,0.795591048,0.723619798,0.6772994757,0.6425901874,0.6079568467,0.5817710345,0.5608446279,0.5440401063,"_NaN_","_NaN_","_NaN_","_NaN_","_NaN_","_NaN_","_NaN_","_NaN_","_NaN_","_NaN_","_NaN_"]
		},
		"VAR": {
			"y": 11.1336664,
			"m": 7.827420155,
			"pi": 0.0593789245,
			"r": 0.1796121704,
			"a": 15.24676025,
			"e": 7.798862236,
			"z": 10.78843922,
			"pinf4": 0.8295303637,
			"interest": 2.873794727,
			"inflation": 0.8295303637,
			"inflationq": 0.950062792,
			"outputgap": 0.1012895193,
			"output": 11.1336664,
			"inflationql": 0.9020969906,
			"inflationql2": 0.8712787748,
			"inflationqls": 3.438438237
		},
		"IRF": {
			"interest_": {
				"y": [0,-0.5222980383,-0.4522427465,-0.4144728245,-0.4184996542,-0.5948726341,-0.4007730688,-0.1905563821,0.02959355369,0.1256219077,0.07901233197,0.02021027643,-0.005799703855,-0.0173793916,-0.02687982634,-0.03546419021,-0.04250174372,-0.04825540552,-0.05325772405,-0.05785640829,-0.06224329016],
				"m": [0,-0.01616396474,-0.007074787103,0.00104182486,0.009270470093,0.0231956664,0.02579543023,0.02436496941,0.01862379219,0.01341509118,0.01178967273,0.0116217938,0.01150143379,0.01145318366,0.0116103613,0.01194567044,0.01240159284,0.01294754183,0.01357089016,0.01426468155,0.01502474018],
				"pi": [0,-0.1564145132,-0.1546786691,-0.159281488,-0.1802156058,-0.2787196563,-0.2129985806,-0.1412586772,-0.04584192482,0.006584043007,-0.002772841328,-0.0237095807,-0.03486393177,-0.04064852361,-0.04552733982,-0.05026269381,-0.05467916466,-0.05882990502,-0.06289035531,-0.06699283351,-0.07122020952],
				"r": [0,0.06324265177,-0.0005647345454,-0.06067542357,-0.1269605486,-0.2605487932,-0.2568157052,-0.2188310172,-0.1451336054,-0.09136902508,-0.08426281284,-0.09034749344,-0.09267041656,-0.09374722663,-0.0962035376,-0.09996806273,-0.104501362,-0.1095921441,-0.1152067322,-0.1213334357,-0.1279631029],
				"a": [0,0,0,0,0,0,0,0,0,0,0,0,0,0,0,0,0,0,0,0,0],
				"e": [0,0,0,0,0,0,0,0,0,0,0,0,0,0,0,0,0,0,0,0,0],
				"z": [0,0,0,1.249009438e-19,-4.15253548e-18,3.443248388e-17,1.294228773e-16,1.281804177e-16,1.269498857e-16,1.578300077e-16,1.790573874e-16,1.81707177e-16,1.9994472e-16,2.207957312e-16,2.186760922e-16,2.401014337e-16,2.599061494e-16,2.601901693e-16,2.593187517e-16,2.568292917e-16,2.596931366e-16],
				"pinf4": [0,-0.1564145132,-0.3110931823,-0.4703746703,-0.6505902761,-0.7728954193,-0.8312153307,-0.8131925199,-0.6788188389,-0.3935151395,-0.1832894003,-0.06574030384,-0.05476231079,-0.1019948774,-0.1447493759,-0.171302489,-0.1911177219,-0.2092991033,-0.2266621188,-0.2433922585,-0.2599333034],
				"interest": [0,0.2529706071,-0.002258938182,-0.2427016943,-0.5078421944,-1.042195173,-1.027262821,-0.8753240688,-0.5805344218,-0.3654761003,-0.3370512514,-0.3613899737,-0.3706816663,-0.3749889065,-0.3848141504,-0.3998722509,-0.4180054482,-0.4383685766,-0.4608269289,-0.4853337426,-0.5118524114],
				"inflation": [0,-0.1564145132,-0.3110931823,-0.4703746703,-0.6505902761,-0.7728954193,-0.8312153307,-0.8131925199,-0.6788188389,-0.3935151395,-0.1832894003,-0.06574030384,-0.05476231079,-0.1019948774,-0.1447493759,-0.171302489,-0.1911177219,-0.2092991033,-0.2266621188,-0.2433922585,-0.2599333034],
				"inflationq": [0,-0.6256580527,-0.6187146765,-0.637125952,-0.7208624234,-1.114878625,-0.8519943223,-0.5650347086,-0.1833676993,0.02633617203,-0.01109136531,-0.09483832281,-0.1394557271,-0.1625940944,-0.1821093593,-0.2010507753,-0.2187166586,-0.2353196201,-0.2515614212,-0.267971334,-0.2848808381],
				"outputgap": [0,-0.5222980383,-0.4522427465,-0.4144728245,-0.4184996542,-0.5948726341,-0.4007730688,-0.1905563821,0.02959355369,0.1256219077,0.07901233197,0.02021027643,-0.005799703855,-0.0173793916,-0.02687982634,-0.03546419021,-0.04250174372,-0.04825540552,-0.05325772405,-0.05785640829,-0.06224329016],