{
	"model": "NK_LWW03AL",
	"rule": "CMR",
	"data": {
		"AC": {
			"ygap": [1,0.453400646,0.3014906724,0.2351584908,0.2056126085,0.1868023858,0.178627323,0.1697176321,0.1625881715,0.1792766255,0.1620934373,0.1734472394,0.1652782193,0.164801501,0.1655046174,0.1661043847,0.1626849961,0.1644398339,0.1405018423,0.1525553481,0.1583216018],
			"pdot": [1,0.07923232229,0.08189604948,0.05354609916,0.05543039883,0.04796984013,0.05052980321,0.04689006557,0.03666578954,0.05928339671,0.03691159583,0.01889224293,0.03373280806,0.04427037522,0.03526990114,0.04692588627,0.03857735013,0.05107130195,0.03870604961,0.02067871241,0.04237114368],
			"rff": [1,0.4901323648,0.3546821403,0.2965440008,0.2548989288,0.2381351449,0.2316907689,0.2183254115,0.2087427113,0.2185356566,0.1952282564,0.2063175656,0.1991854172,0.1932826651,0.1909565017,0.1934887194,0.1908098198,0.2067756834,0.1853898459,0.1926134689,0.1950566885],
			"rstar": [1,0.3512987508,0.1327113637,0.05713727055,0.01910674639,0.002246007011,-0.009210268334,-0.01354462776,-0.01408869302,0.0005223617787,-0.01214131399,-0.003270682871,-0.006029148868,-0.01359859289,0.003204213738,-0.01015138611,-0.006359149235,0.003053178771,-0.02429671298,-0.005011912536,-0.009441246926],
			"drff": [1,-0.3286924806,-0.06102499602,-0.01001862312,-0.001932616975,0.008708179902,0.01477798712,0.01066270509,0.0009224616594,0.03972826924,-0.007973406203,0.0254884971,0.0170536431,0.002783368427,0.02237244805,0.01135970123,0.004085436817,0.04294378055,-0.01499932867,0.02913872518,0.01491653832],
			"pdotsh": [1,-0.008163452888,0.002521711267,-0.01334970918,-0.001579776163,-0.002598576122,0.00100438702,-0.0009901752285,-0.00867546796,0.001673042682,0.004771400842,-0.02772151368,-0.01207724389,-0.003488005237,0.00428780837,-0.001687436954,-0.00317605414,0.008872540535,-0.005940533799,-0.02544945944,-0.004402639165],
			"pinf4": [1,0.7622448942,0.5395107413,0.3314825923,0.1309914315,0.1215508376,0.1158349434,0.1101339514,0.09945532026,0.09542107632,0.08127317622,0.06966333825,0.07000815699,0.07490710872,0.08107001709,0.09381025584,0.09346215352,0.09022851639,0.0836137078,0.08016085518,0.08665605306],
			"interest": [1,0.4901323648,0.3546821403,0.2965440008,0.2548989288,0.2381351449,0.2316907689,0.2183254115,0.2087427113,0.2185356566,0.1952282564,0.2063175656,0.1991854172,0.1932826651,0.1909565017,0.1934887194,0.1908098198,0.2067756834,0.1853898459,0.1926134689,0.1950566885],
			"inflation": [1,0.7622448942,0.5395107413,0.3314825923,0.1309914315,0.1215508376,0.1158349434,0.1101339514,0.09945532026,0.09542107632,0.08127317622,0.06966333825,0.07000815699,0.07490710872,0.08107001709,0.09381025584,0.09346215352,0.09022851639,0.0836137078,0.08016085518,0.08665605306],
			"inflationq": [1,0.07923232229,0.08189604948,0.05354609916,0.05543039883,0.04796984013,0.05052980321,0.04689006557,0.03666578954,0.05928339671,0.03691159583,0.01889224293,0.03373280806,0.04427037522,0.03526990114,0.04692588627,0.03857735013,0.05107130195,0.03870604961,0.02067871241,0.04237114368],
			"outputgap": [1,0.453400646,0.3014906724,0.2351584908,0.2056126085,0.1868023858,0.178627323,0.1697176321,0.1625881715,0.1792766255,0.1620934373,0.1734472394,0.1652782193,0.164801501,0.1655046174,0.1661043847,0.1626849961,0.1644398339,0.1405018423,0.1525553481,0.1583216018],
			"output": [1,0.453400646,0.3014906724,0.2351584908,0.2056126085,0.1868023858,0.178627323,0.1697176321,0.1625881715,0.1792766255,0.1620934373,0.1734472394,0.1652782193,0.164801501,0.1655046174,0.1661043847,0.1626849961,0.1644398339,0.1405018423,0.1525553481,0.1583216018],
			"inflationql": [1,0.07403670896,0.06347866172,0.04078271569,0.04295358208,0.03807683899,0.04270655777,0.03620898992,0.02686257042,0.04946393979,0.02779004867,0.00766576242,0.02396157445,0.03211561956,0.02909431729,0.03894993329,0.02662794199,0.04489395832,0.03020216745,0.01367543882,0.03088609457],
			"inflationql2": [1,0.07807555409,0.07005333517,0.01937005966,0.03259662785,0.03452823173,0.03727300467,0.03126815884,0.02253714986,0.04144717144,0.02379524513,0.004000985969,0.0158975077,0.02896290518,0.02527847029,0.03238405091,0.01473600771,0.03860827347,0.02217516963,0.01136900195,0.02212640109],
			"inflationqls": [1,0.5468980779,0.1008950166,0.07589898793,0.06324630996,0.06789666324,0.07007538277,0.0595154222,0.05798623635,0.06519708367,0.04678526538,0.0234287484,0.03250658225,0.04720314315,0.05255336888,0.05493036502,0.05436725658,0.05928175552,0.04746986782,0.0351216855,0.04466866463]
		},
		"VAR": {
			"ygap": 93.57862712,
			"pdot": 7.303628273,
			"rff": 0.6207976429,
			"rstar": 13.12463082,
			"drff": 0.5316707629,
			"pdotsh": 4.841305272,
			"pinf4": 2.107767646,
			"interest": 0.6207976429,
			"inflation": 2.107767646,
			"inflationq": 7.303628273,
			"outputgap": 93.57862712,
			"output": 93.57862712,
			"inflationql": 7.077746266,
			"inflationql2": 6.806639622,
			"inflationqls": 14.86877216
		},
		"IRF": {
			"interest_": {
				"ygap": [0,-5.396866408,-3.439413255,-2.16312086,-1.358152602,-0.8541795041,-0.540004307,-0.3445680246,-0.2230309501,-0.147330576,-0.09999970778,-0.0702051737,-0.05124360436,-0.03897283043,-0.03083532101,-0.02525258607,-0.02125053592,-0.01822805106,-0.01581413411,-0.01377977374,-0.01198357368],
				"pdot": [0,-1.374135985,-0.913352591,-0.5968314352,-0.3904586155,-0.2600561214,-0.1783300373,-0.1273368229,-0.09558209394,-0.07580467185,-0.06345717777,-0.0557082604,-0.05080171836,-0.04765084465,-0.04558417631,-0.04418716474,-0.04320398201,-0.04247677596,-0.04190814787,-0.04143799431,-0.04102922026],
				"rff": [0,0.3918530003,0.242489789,0.1488080828,0.09033318148,0.05396721418,0.03138431945,0.01735885163,0.00863284894,0.003183491635,-0.0002416970107,-0.002416901587,-0.003820193934,-0.004746638929,-0.005378309674,-0.005827552462,-0.006163695071,-0.006429525697,-0.006651458113,-0.006845801879,-0.00702263032],
				"rstar": [0,3.256210432e-16,1.098738121e-16,2.193135496e-17,4.648208027e-17,2.070237122e-17,4.067475498e-18,1.022522169e-17,9.469641752e-18,1.146035428e-18,2.851746743e-18,9.425810058e-19,-1.191164122e-18,6.528270113e-19,2.392237119e-18,1.218696862e-18,4.227680486e-18,1.330942009e-18,4.689172713e-19,-5.174104262e-18,1.005463022e-18],
				"drff": [0,0.3918530003,-0.1493632113,-0.09368170621,-0.05847490136,-0.0363659673,-0.02258289473,-0.01402546782,-0.00872600269,-0.005449357306,-0.003425188645,-0.002175204576,-0.001403292347,-0.0009264449949,-0.0006316707453,-0.0004492427876,-0.0003361426087,-0.0002658306261,-0.0002219324159,-0.0001943437668,-0.0001768284409],
				"pdotsh": [0,2.220446049e-16,-7.763980796e-17,-3.895259153e-17,4.741043348e-17,-2.516193065e-17,7.821125608e-18,4.445376546e-18,2.27916875e-18,1.561106127e-18,1.187478999e-17,1.579541068e-18,5.076954181e-18,-5.431152754e-18,-1.847528493e-20,-2.420804359e-18,-1.227950266e-17,-6.218921887e-18,4.671291623e-19,-4.206799745e-18,-4.156837694e-18],
				"pinf4": [0,-0.3435339961,-0.5718721439,-0.7210800027,-0.8186946566,-0.5401746908,-0.3564190524,-0.2390453993,-0.1653262689,-0.1192634065,-0.09054519162,-0.07263805099,-0.06144295709,-0.05440450029,-0.04993624993,-0.04705597601,-0.04515654193,-0.04386302476,-0.04294401764,-0.04225672504,-0.0417130346],
				"interest": [0,0.3918530003,0.242489789,0.1488080828,0.09033318148,0.05396721418,0.03138431945,0.01735885163,0.00863284894,0.003183491635,-0.0002416970107,-0.002416901587,-0.003820193934,-0.004746638929,-0.005378309674,-0.005827552462,-0.006163695071,-0.006429525697,-0.006651458113,-0.006845801879,-0.00702263032],
				"inflation": [0,-0.3435339961,-0.5718721439,-0.7210800027,-0.8186946566,-0.5401746908,-0.3564190524,-0.2390453993,-0.1653262689,-0.1192634065,-0.09054519162,-0.07263805099,-0.06144295709,-0.05440450029,-0.04993624993,-0.04705597601,-0.04515654193,-0.04386302476,-0.04294401764,-0.04225672504,-0.0417130346],