{
	"model": "NK_LWW03AL",
	"rule": "SW",
	"data": {
		"AC": {
			"ygap": [1,0.4733065069,0.2946431526,0.196211028,0.1440964631,0.09808503636,0.06235895009,0.04111221104,0.02794409404,0.03516277483,0.02937508965,0.0244421998,0.03156024661,0.01805725886,0.03768124062,0.01286412233,0.01072681474,0.009848226251,-0.01990609476,-0.01350106263,-0.01848676481],
			"pdot": [1,0.06161821917,0.04535350568,-0.001812242119,-0.01180686006,-0.02468193381,-0.02438732688,-0.0287131949,-0.02071690624,-0.007130620987,0.01662645352,-0.01786185601,0.01308319852,0.01719409591,0.02597968325,0.01077772012,0.01445058531,0.01976071344,0.01674819518,-0.01128591994,0.01237605349],
			"rff": [1,0.3596966904,0.1712175565,0.07928736066,0.04142552358,0.007933532189,-0.01259365229,-0.02097249098,-0.01993302461,0.0005440116534,-0.0002482796159,-0.001761294793,0.0105587626,-0.003235124419,0.02298960665,-0.001145091005,0.004118093332,0.01339699848,-0.0181957981,-0.005073224338,-0.004410164717],
			"rstar": [1,0.3558408835,0.1320358687,0.05671234779,0.02113062134,-0.001180255837,-0.01530451414,-0.01922097383,-0.02253664325,-0.008211738413,-0.01747644477,-0.009350699047,-0.008730684999,-0.01751212371,-0.003831778505,-0.01493438538,-0.01066483101,-0.005616045253,-0.03010140684,-0.01262781383,-0.01767174554],
			"drff": [1,-0.3512369234,-0.07211422396,-0.03983338997,-0.006572418134,-0.008038154214,-0.01288561734,-0.00773499066,-0.01573485872,0.01800917782,-0.001243215494,-0.009672198823,0.02239889324,-0.03366576929,0.03902190064,-0.02289615503,-0.002269189036,0.03213013781,-0.03474964772,0.009761759953,0.0003687282037],
			"pdotsh": [1,-0.009153846226,0.001875663223,-0.0111618961,-0.001208772345,-0.0033741719,0.0005430225643,-0.00367994328,-0.007468185897,0.001080774028,0.004588760477,-0.02803390161,-0.01290570918,-0.006325939137,0.005223791035,0.00283131776,-0.001667464948,0.004795887989,-0.006001801798,-0.02104539303,-0.006148951315],
			"pinf4": [1,0.7567132781,0.4999570013,0.2367826981,-0.02061397723,-0.03850087043,-0.04462305373,-0.03439131141,-0.02497415408,-0.01268490598,0.001231828593,0.007526551027,0.02200291753,0.03281698808,0.04067894708,0.04527901304,0.03950520295,0.03369475208,0.02283524755,0.0183983572,0.02095888427],
			"interest": [1,0.3596966904,0.1712175565,0.07928736066,0.04142552358,0.007933532189,-0.01259365229,-0.02097249098,-0.01993302461,0.0005440116534,-0.0002482796159,-0.001761294793,0.0105587626,-0.003235124419,0.02298960665,-0.001145091005,0.004118093332,0.01339699848,-0.0181957981,-0.005073224338,-0.004410164717],
			"inflation": [1,0.7567132781,0.4999570013,0.2367826981,-0.02061397723,-0.03850087043,-0.04462305373,-0.03439131141,-0.02497415408,-0.01268490598,0.001231828593,0.007526551027,0.02200291753,0.03281698808,0.04067894708,0.04527901304,0.03950520295,0.03369475208,0.02283524755,0.0183983572,0.02095888427],
			"inflationq": [1,0.06161821917,0.04535350568,-0.001812242119,-0.01180686006,-0.02468193381,-0.02438732688,-0.0287131949,-0.02071690624,-0.007130620987,0.01662645352,-0.01786185601,0.01308319852,0.01719409591,0.02597968325,0.01077772012,0.01445058531,0.01976071344,0.01674819518,-0.01128591994,0.01237605349],
			"outputgap": [1,0.4733065069,0.2946431526,0.196211028,0.1440964631,0.09808503636,0.06235895009,0.04111221104,0.02794409404,0.03516277483,0.02937508965,0.0244421998,0.03156024661,0.01805725886,0.03768124062,0.01286412233,0.01072681474,0.009848226251,-0.01990609476,-0.01350106263,-0.01848676481],
			"output": [1,0.4733065069,0.2946431526,0.196211028,0.1440964631,0.09808503636,0.06235895009,0.04111221104,0.02794409404,0.03516277483,0.02937508965,0.0244421998,0.03156024661,0.01805725886,0.03768124062,0.01286412233,0.01072681474,0.009848226251,-0.01990609476,-0.01350106263,-0.01848676481],
			"inflationql": [1,0.06145829748,0.04548215589,-0.002170540982,-0.01444515656,-0.02731175197,-0.02856526697,-0.02925795278,-0.02080104263,-0.00510555438,0.01833453855,-0.01609118329,0.01489491558,0.02161036438,0.02716171704,0.01177038651,0.01465257906,0.01982380946,0.01535869163,-0.01265377457,0.011320394],
			"inflationql2": [1,0.06315617507,0.0468651012,-0.001529694313,-0.01432467911,-0.02938220461,-0.02837561073,-0.03127749528,-0.02036558893,-0.005396432831,0.02046292597,-0.01411679708,0.01532181797,0.02343651316,0.02746224437,0.0112035759,0.01698267887,0.02095860539,0.01585013927,-0.01379924416,0.01118156706],
			"inflationqls": [1,0.5322034682,0.0473668249,0.006838121814,-0.01977875697,-0.03119559221,-0.03657877498,-0.0337754617,-0.0220952182,0.002481341482,0.009643199251,-0.005230354627,0.007773022506,0.03367897026,0.03488746659,0.02445866635,0.02444135609,0.03045484775,0.01550972928,-0.001096440619,0.005621482453]
		},
		"VAR": {
			"ygap": 11.54270994,
			"pdot": 5.239287063,
			"rff": 10.64132445,
			"rstar": 13.58261134,
			"drff": 13.26435717,
			"pdotsh": 4.914519308,
			"pinf4": 1.602612309,
			"interest": 10.64132445,
			"inflation": 1.602612309,
			"inflationq": 5.239287063,
			"outputgap": 11.54270994,
			"output": 11.54270994,
			"inflationql": 5.137501962,
			"inflationql2": 5.059083643,
			"inflationqls": 11.38327784
		},
		"IRF": {
			"interest_": {
				"ygap": [0,-1.081659433,-0.8457777125,-0.6641163651,-0.5208708066,-0.4080244588,-0.3191231495,-0.2490842219,-0.1939039637,-0.1504285553,-0.1161736264,-0.08918213276,-0.06791241335,-0.0511500163,-0.0379382446,-0.02752344666,-0.01931192046,-0.01283596554,-0.007727140813,-0.003695198312,-0.000511488214],
				"pdot": [0,-0.4718299882,-0.3721796638,-0.2928991563,-0.2304150755,-0.1811895787,-0.1424088782,-0.1118563746,-0.08778584394,-0.06882164487,-0.05388008069,-0.04210744345,-0.03283120456,-0.02552156349,-0.01976115679,-0.01522119577,-0.01164266854,-0.00882153149,-0.006597043604,-0.004842576597,-0.003458375352],
				"rff": [0,-0.2275642309,-0.1733221146,-0.1351998279,-0.1050190167,-0.08124411285,-0.06251198614,-0.0477510418,-0.03611757669,-0.02694727016,-0.01971699282,-0.01401476523,-0.009516120434,-0.005965501102,-0.003161616088,-0.0009459119143,0.0008065045975,0.00219401443,0.00329411571,0.004167857276,0.004863330653],
				"rstar": [0,-5.906169324e-17,-9.591429772e-18,2.821849498e-17,6.886277733e-17,1.58059517e-17,-1.239874541e-17,-1.068511656e-17,-5.683175206e-18,-9.391335397e-18,-6.344754302e-18,2.162239672e-18,5.023006477e-18,4.612667502e-18,4.653695759e-18,3.251056347e-18,2.462037475e-18,7.766901146e-19,-3.695148026e-19,-6.064535988e-19,-1.975957133e-18],
				"drff": [0,-0.2275642309,0.05424211636,0.03812228666,0.03018081123,0.02377490383,0.01873212671,0.01476094434,0.01163346511,0.009170306532,0.007230277339,0.005702227591,0.004498644795,0.003550619332,0.002803885014,0.002215704174,0.001752416512,0.001387509832,0.00110010128,0.0008737415663,0.0006954733765],
				"pdotsh": [0,8.326672685e-17,1.999361863e-17,3.912523153e-17,5.369797867e-18,2.724868285e-17,4.714945915e-18,1.375083316e-17,1.437518564e-17,6.016778039e-18,-2.570832656e-18,1.743754389e-18,1.114486501e-18,1.18523921e-18,2.5937701e-18,9.217279519e-19,-1.650902798e-18,1.822808859e-18,-8.61164401e-19,-1.014834507e-18,5.208853835e-19],
				"pinf4": [0,-0.1179574971,-0.211002413,-0.2842272021,-0.341830971,-0.2691708686,-0.2117281722,-0.1664674767,-0.1308101689,-0.1027181854,-0.08058598603,-0.06314875324,-0.04941009339,-0.03858507305,-0.03005534207,-0.02333378015,-0.01803664615,-0.01386163815,-0.01057060985,-0.007975955059,-0.005929881761],
				"interest": [0,-0.2275642309,-0.1733221146,-0.1351998279,-0.1050190167,-0.08124411285,-0.06251198614,-0.0477510418,-0.03611757669,-0.02694727016,-0.01971699282,-0.01401476523,-0.009516120434,-0.005965501102,-0.003161616088,-0.0009459119143,0.0008065045975,0.00219401443,0.00329411571,0.004167857276,0.004863330653],