{
	"model": "NK_LWW03AL",
	"rule": "SW",
	"data": {
		"AC": {
			"ygap": [1,0.473306507,0.2946431526,0.196211028,0.1440964631,0.09808503639,0.06235895007,0.04111221105,0.02794409401,0.03516277488,0.02937508958,0.02444219984,0.03156024656,0.0180572589,0.03768124063,0.01286412232,0.01072681476,0.009848226277,-0.01990609479,-0.01350106261,-0.01848676483],
			"pdot": [1,0.06161821942,0.04535350573,-0.001812242121,-0.01180686014,-0.02468193387,-0.02438732705,-0.02871319495,-0.0207169063,-0.007130620936,0.01662645344,-0.01786185593,0.0130831985,0.017194096,0.02597968327,0.01077772008,0.01445058534,0.01976071347,0.01674819511,-0.01128591991,0.01237605344],
			"rff": [1,0.3596966906,0.1712175565,0.07928736071,0.04142552357,0.007933532214,-0.01259365235,-0.02097249099,-0.01993302466,0.0005440117023,-0.0002482797011,-0.001761294746,0.01055876256,-0.003235124354,0.02298960667,-0.001145091016,0.004118093361,0.01339699851,-0.01819579816,-0.005073224326,-0.004410164761],
			"rstar": [1,0.3558408835,0.1320358687,0.05671234779,0.02113062134,-0.001180255837,-0.01530451414,-0.01922097383,-0.02253664325,-0.008211738413,-0.01747644477,-0.009350699047,-0.008730684999,-0.01751212371,-0.003831778505,-0.01493438538,-0.01066483101,-0.005616045253,-0.03010140684,-0.01262781383,-0.01767174554],
			"drff": [1,-0.3512369234,-0.07211422401,-0.03983339,-0.006572418149,-0.00803815421,-0.01288561738,-0.007734990605,-0.01573485884,0.01800917795,-0.001243215675,-0.009672198683,0.02239889311,-0.03366576924,0.03902190066,-0.02289615511,-0.002269188984,0.03213013784,-0.03474964779,0.009761759999,0.0003687280959],
			"pdotsh": [1,-0.009153846226,0.001875663223,-0.0111618961,-0.001208772345,-0.0033741719,0.0005430225643,-0.00367994328,-0.007468185897,0.001080774028,0.004588760477,-0.02803390161,-0.01290570918,-0.006325939137,0.005223791035,0.00283131776,-0.001667464948,0.004795887989,-0.006001801798,-0.02104539303,-0.006148951315],
			"pinf4": [1,0.7567132782,0.4999570013,0.2367826981,-0.02061397724,-0.03850087043,-0.04462305376,-0.03439131142,-0.02497415408,-0.01268490597,0.001231828597,0.007526551043,0.02200291754,0.03281698811,0.04067894711,0.04527901307,0.03950520297,0.03369475209,0.02283524755,0.01839835718,0.02095888423],
			"interest": [1,0.3596966906,0.1712175565,0.07928736071,0.04142552357,0.007933532214,-0.01259365235,-0.02097249099,-0.01993302466,0.0005440117023,-0.0002482797011,-0.001761294746,0.01055876256,-0.003235124354,0.02298960667,-0.001145091016,0.004118093361,0.01339699851,-0.01819579816,-0.005073224326,-0.004410164761],
			"inflation": [1,0.7567132782,0.4999570013,0.2367826981,-0.02061397724,-0.03850087043,-0.04462305376,-0.03439131142,-0.02497415408,-0.01268490597,0.001231828597,0.007526551043,0.02200291754,0.03281698811,0.04067894711,0.04527901307,0.03950520297,0.03369475209,0.02283524755,0.01839835718,0.02095888423],
			"inflationq": [1,0.06161821942,0.04535350573,-0.001812242121,-0.01180686014,-0.02468193387,-0.02438732705,-0.02871319495,-0.0207169063,-0.007130620936,0.01662645344,-0.01786185593,0.0130831985,0.017194096,0.02597968327,0.01077772008,0.01445058534,0.01976071347,0.01674819511,-0.01128591991,0.01237605344],
			"outputgap": [1,0.473306507,0.2946431526,0.196211028,0.1440964631,0.09808503639,0.06235895007,0.04111221105,0.02794409401,0.03516277488,0.02937508958,0.02444219984,0.03156024656,0.0180572589,0.03768124063,0.01286412232,0.01072681476,0.009848226277,-0.01990609479,-0.01350106261,-0.01848676483],
			"output": [1,0.473306507,0.2946431526,0.196211028,0.1440964631,0.09808503639,0.06235895007,0.04111221105,0.02794409401,0.03516277488,0.02937508958,0.02444219984,0.03156024656,0.0180572589,0.03768124063,0.01286412232,0.01072681476,0.009848226277,-0.01990609479,-0.01350106261,-0.01848676483],
			"inflationql": [1,0.06145829759,0.04548215595,-0.002170541009,-0.01444515657,-0.02731175203,-0.02856526699,-0.02925795279,-0.0208010427,-0.00510555433,0.01833453854,-0.01609118321,0.01489491557,0.02161036439,0.02716171707,0.01177038652,0.01465257912,0.01982380947,0.01535869164,-0.01265377454,0.01132039393],
			"inflationql2": [1,0.0631561751,0.04686510124,-0.001529694326,-0.0143246791,-0.02938220463,-0.02837561077,-0.03127749531,-0.02036558896,-0.005396432818,0.02046292599,-0.01411679701,0.01532181798,0.02343651316,0.02746224438,0.01120357589,0.01698267889,0.02095860538,0.01585013928,-0.01379924415,0.01118156701],
			"inflationqls": [1,0.5322034682,0.04736682492,0.006838121818,-0.01977875698,-0.03119559222,-0.03657877499,-0.03377546173,-0.02209521821,0.002481341499,0.009643199271,-0.005230354593,0.007773022524,0.03367897027,0.03488746661,0.02445866636,0.02444135611,0.03045484776,0.01550972929,-0.001096440632,0.00562148242]
		},
		"VAR": {
			"ygap": 11.54270993,
			"pdot": 5.239287059,
			"rff": 10.64132445,
			"rstar": 13.58261134,
			"drff": 13.26435716,
			"pdotsh": 4.914519308,
			"pinf4": 1.602612309,
			"interest": 10.64132445,
			"inflation": 1.602612309,
			"inflationq": 5.239287059,
			"outputgap": 11.54270993,
			"output": 11.54270993,
			"inflationql": 5.13750196,
			"inflationql2": 5.059083642,
			"inflationqls": 11.38327784
		},
		"IRF": {
			"interest_": {
				"ygap": [0,-1.081659433,-0.8457777125,-0.6641163651,-0.5208708066,-0.4080244588,-0.3191231495,-0.2490842219,-0.1939039637,-0.1504285553,-0.1161736264,-0.08918213276,-0.06791241335,-0.0511500163,-0.0379382446,-0.02752344666,-0.01931192046,-0.01283596554,-0.007727140813,-0.003695198312,-0.000511488214],
				"pdot": [0,-0.4718299882,-0.3721796638,-0.2928991563,-0.2304150755,-0.1811895787,-0.1424088782,-0.1118563746,-0.08778584394,-0.06882164487,-0.05388008069,-0.04210744345,-0.03283120456,-0.02552156349,-0.01976115679,-0.01522119577,-0.01164266854,-0.00882153149,-0.006597043604,-0.004842576597,-0.003458375352],
				"rff": [0,-0.2275642309,-0.1733221146,-0.1351998279,-0.1050190167,-0.08124411285,-0.06251198614,-0.0477510418,-0.03611757669,-0.02694727016,-0.01971699282,-0.01401476523,-0.009516120434,-0.005965501102,-0.003161616088,-0.0009459119143,0.0008065045975,0.00219401443,0.00329411571,0.004167857276,0.004863330653],
				"rstar": [0,1.181233865e-16,-2.254145238e-17,-9.735229711e-18,-4.877544876e-17,1.184771512e-17,2.529303017e-17,1.254428632e-17,7.210391075e-18,-6.505914874e-18,5.014781304e-18,-5.104750517e-18,-1.786310593e-18,-6.248672289e-19,1.626486136e-18,3.828249043e-19,1.342230848e-19,-1.093275134e-18,3.752470273e-19,1.312253114e-19,-1.7995309e-18],
				"drff": [0,-0.2275642309,0.05424211636,0.03812228666,0.03018081123,0.02377490383,0.01873212671,0.01476094434,0.01163346511,0.009170306532,0.007230277339,0.005702227591,0.004498644795,0.003550619332,0.002803885014,0.002215704174,0.001752416512,0.001387509832,0.00110010128,0.0008737415663,0.0006954733765],
				"pdotsh": [0,1.387778781e-17,6.004416039e-17,-1.084832669e-18,-2.871041386e-17,2.869781207e-17,4.943670145e-18,4.554862686e-18,2.43406436e-18,-8.325033628e-18,4.338878782e-19,-6.448815158e-18,-3.955858005e-18,4.352367189e-23,9.816731374e-19,1.930473946e-18,3.812108882e-19,1.505717668e-18,-1.21797046e-19,1.257591142e-18,-2.051165087e-19],
				"pinf4": [0,-0.1179574971,-0.211002413,-0.2842272021,-0.341830971,-0.2691708686,-0.2117281722,-0.1664674767,-0.1308101689,-0.1027181854,-0.08058598603,-0.06314875324,-0.04941009339,-0.03858507305,-0.03005534207,-0.02333378015,-0.01803664615,-0.01386163815,-0.01057060985,-0.007975955059,-0.005929881761],
				"interest": [0,-0.2275642309,-0.1733221146,-0.1351998279,-0.1050190167,-0.08124411285,-0.06251198614,-0.0477510418,-0.03611757669,-0.02694727016,-0.01971699282,-0.01401476523,-0.009516120434,-0.005965501102,-0.003161616088,-0.0009459119143,0.0008065045975,0.00219401443,0.00329411571,0.004167857276,0.004863330653],