{
	"model": "NK_LWW03AL",
	"rule": "LWW",
	"data": {
		"AC": {
			"ygap": [1,0.4782366434,0.2559095883,0.1348562259,0.06744937416,0.02631447052,0.009376596933,-0.003475436128,-0.01110724962,-0.003606571449,-0.008503214129,-0.006396290514,-0.002542654521,-0.005129323872,0.003701802932,-0.00872860954,-0.009805973995,-0.007112144624,-0.02748934736,-0.02283919884,-0.03091314822],
			"pdot": [1,-0.06011386372,-0.07459822443,-0.07539788863,-0.05421257955,-0.02519199947,-0.008313144057,0.006388987252,-0.001406793139,0.01192698781,0.01398442017,-0.02192792298,-0.006536590313,0.0006555283454,0.001478858491,-0.008042892231,-0.005199541837,0.01863530823,0.01412417128,-0.01230961683,-0.007138347276],
			"rff": [1,0.3431430657,0.1251331502,0.04583180147,0.01247731224,-0.008595808687,-0.01098807744,-0.01715476419,-0.02000707687,-0.006752899644,-0.01181854915,-0.008276955331,-0.005064741424,-0.01121266916,-0.0005941688942,-0.01499824732,-0.01317422979,-0.003576994883,-0.02420583565,-0.0126478491,-0.01589394187],
			"rstar": [1,0.3555947875,0.132233238,0.05518335345,0.0193310961,-0.001554704597,-0.01520294292,-0.0187692659,-0.02288687943,-0.007935253066,-0.0170267194,-0.008132080981,-0.009165807006,-0.01713769626,-0.00335693293,-0.01628807836,-0.01176268685,-0.004754252077,-0.02888812081,-0.01255587554,-0.01894284792],
			"drff": [1,-0.3322087461,-0.106042919,-0.03360711281,-0.01137227343,-0.01391269001,0.001629869928,-0.003222897987,-0.01310000691,0.01492950224,-0.006903598403,0.0004039908705,0.00915340562,-0.01402144345,0.0194734484,-0.01283575007,-0.005380746021,0.02355767864,-0.02533337383,0.01194234336,0.0006071306415],
			"pdotsh": [1,-0.008109878699,0.005371920664,-0.01062189765,-0.002124016128,-0.003561128935,0.0009951608957,-0.002114126382,-0.007217441569,-0.0003108566051,0.005727612121,-0.0289429929,-0.01326285335,-0.002180784417,0.005458064359,0.001541437074,-0.00358796207,0.00560684859,-0.005930879055,-0.02282202918,-0.005239214652],
			"pinf4": [1,0.6644176145,0.3438980706,0.04478667386,-0.2281303687,-0.1515972106,-0.07880871073,-0.01933066281,0.004463960327,0.01041643479,0.001871132961,-0.01687745949,-0.01981145808,-0.01947494442,-0.01163451478,0.002378281613,0.008176967815,0.01316381175,0.006472420827,-0.004642743996,-0.006445832479],
			"interest": [1,0.3431430657,0.1251331502,0.04583180147,0.01247731224,-0.008595808687,-0.01098807744,-0.01715476419,-0.02000707687,-0.006752899644,-0.01181854915,-0.008276955331,-0.005064741424,-0.01121266916,-0.0005941688942,-0.01499824732,-0.01317422979,-0.003576994883,-0.02420583565,-0.0126478491,-0.01589394187],
			"inflation": [1,0.6644176145,0.3438980706,0.04478667386,-0.2281303687,-0.1515972106,-0.07880871073,-0.01933066281,0.004463960327,0.01041643479,0.001871132961,-0.01687745949,-0.01981145808,-0.01947494442,-0.01163451478,0.002378281613,0.008176967815,0.01316381175,0.006472420827,-0.004642743996,-0.006445832479],
			"inflationq": [1,-0.06011386372,-0.07459822443,-0.07539788863,-0.05421257955,-0.02519199947,-0.008313144057,0.006388987252,-0.001406793139,0.01192698781,0.01398442017,-0.02192792298,-0.006536590313,0.0006555283454,0.001478858491,-0.008042892231,-0.005199541837,0.01863530823,0.01412417128,-0.01230961683,-0.007138347276],
			"outputgap": [1,0.4782366434,0.2559095883,0.1348562259,0.06744937416,0.02631447052,0.009376596933,-0.003475436128,-0.01110724962,-0.003606571449,-0.008503214129,-0.006396290514,-0.002542654521,-0.005129323872,0.003701802932,-0.00872860954,-0.009805973995,-0.007112144624,-0.02748934736,-0.02283919884,-0.03091314822],
			"output": [1,0.4782366434,0.2559095883,0.1348562259,0.06744937416,0.02631447052,0.009376596933,-0.003475436128,-0.01110724962,-0.003606571449,-0.008503214129,-0.006396290514,-0.002542654521,-0.005129323872,0.003701802932,-0.00872860954,-0.009805973995,-0.007112144624,-0.02748934736,-0.02283919884,-0.03091314822],
			"inflationql": [1,-0.06093845092,-0.07474972782,-0.07514093882,-0.0536055659,-0.0252089362,-0.01011836339,0.005869515447,-0.0005721822021,0.01284501708,0.01491913682,-0.02207205064,-0.006608239068,-0.0003730017097,0.001627349775,-0.00749913876,-0.00461445923,0.01834811251,0.01251307451,-0.01338024199,-0.006276761477],
			"inflationql2": [1,-0.06109062398,-0.07432464896,-0.07511355842,-0.05353323209,-0.02474580258,-0.009886235305,0.005635863141,5.452747969e-05,0.01252506518,0.0160824695,-0.02215337358,-0.00740423703,-0.0005483315095,0.00289155241,-0.007104164804,-0.004591251311,0.0181784665,0.01195481943,-0.01422877013,-0.006279547616],
			"inflationqls": [1,0.4234262973,-0.1541239276,-0.1429577858,-0.1034825054,-0.05661174322,-0.02119634677,0.0001300330362,0.009319882753,0.02131046897,0.01116145835,-0.02128150542,-0.02201535192,-0.002924138033,0.001411043834,-0.006395165725,0.0006636920062,0.02124646657,0.01147712571,-0.01457818331,-0.01542008002]
		},
		"VAR": {
			"ygap": 7.817180932,
			"pdot": 4.111030428,
			"rff": 8.806607147,
			"rstar": 13.60702617,
			"drff": 11.52242378,
			"pdotsh": 4.941702523,
			"pinf4": 0.8182805026,
			"interest": 8.806607147,
			"inflation": 0.8182805026,
			"inflationq": 4.111030428,
			"outputgap": 7.817180932,
			"output": 7.817180932,
			"inflationql": 4.089919291,
			"inflationql2": 4.065908184,
			"inflationqls": 7.732113854
		},
		"IRF": {
			"interest_": {
				"ygap": [0,-0.8439550114,-0.6165781727,-0.4247732502,-0.2723246506,-0.1723595721,-0.1077554055,-0.06622526851,-0.03954642829,-0.02240984218,-0.01140122499,-0.004327516899,0.0002196305763,0.003144580568,0.005028053491,0.006242944922,0.007028699331,0.007539068567,0.007872779125,0.008093224441,0.008241109802],
				"pdot": [0,-0.2511470435,-0.1755594472,-0.1166682634,-0.07583808406,-0.04937384633,-0.03233484224,-0.0213884982,-0.01435893678,-0.009845343917,-0.00694753104,-0.005087340403,-0.003893488618,-0.003127554812,-0.002636439426,-0.002321832198,-0.002120605193,-0.00199222214,-0.00191065347,-0.001859184714,-0.001827082837],
				"rff": [0,-0.03046714194,0.008156211886,0.0242411582,0.0177569514,0.0125970654,0.009060024327,0.006770463565,0.005299654718,0.004357859483,0.00375621745,0.003373125265,0.003130431901,0.00297793977,0.002883411168,0.002826143905,0.002792844028,0.002774974942,0.002767054977,0.002765564136,0.002768242061],
				"rstar": [0,9.74300898e-19,-4.80057382e-18,-5.30296672e-18,-5.172614668e-18,-6.886845429e-19,-2.797041602e-18,-8.058194253e-19,-6.325485277e-19,-3.30405274e-20,6.591695899e-19,3.783267403e-19,1.782917645e-19,2.015313863e-19,4.802897925e-20,-5.4739896e-19,-2.984858019e-19,2.529533112e-19,5.347588963e-19,-5.85164558e-20,2.749243534e-20],
				"drff": [0,-0.03046714194,0.03862335382,0.01608494631,-0.006484206798,-0.005159886,-0.003537041071,-0.002289560762,-0.001470808847,-0.0009417952345,-0.000601642033,-0.0003830921849,-0.0002426933641,-0.0001524921316,-9.452860183e-05,-5.726726304e-05,-3.329987692e-05,-1.786908629e-05,-7.919964745e-06,-1.490840776e-06,2.677925228e-06],
				"pdotsh": [0,-6.538615991e-17,-5.180058035e-17,2.532058171e-17,-1.410929094e-17,-5.877930168e-18,-6.320042933e-18,-2.601845375e-18,-2.953570927e-18,3.602081101e-19,3.110344808e-19,-8.15579442e-19,-3.776325389e-19,3.924091159e-19,-7.671896186e-19,7.613315119e-19,1.528972934e-19,-1.69095053e-19,2.442475003e-19,6.47005619e-19,3.590313674e-19],
				"pinf4": [0,-0.06278676087,-0.1066766227,-0.1358436885,-0.1548032095,-0.1043599103,-0.06855375901,-0.04473381771,-0.02936403089,-0.01948190529,-0.01313507749,-0.009059788036,-0.006443425995,-0.004763978718,-0.003686205815,-0.002994828764,-0.002551607907,-0.00226777474,-0.002086328251,-0.001970666379,-0.00189728579],
				"interest": [0,-0.03046714194,0.008156211886,0.0242411582,0.0177569514,0.0125970654,0.009060024327,0.006770463565,0.005299654718,0.004357859483,0.00375621745,0.003373125265,0.003130431901,0.00297793977,0.002883411168,0.002826143905,0.002792844028,0.002774974942,0.002767054977,0.002765564136,0.002768242061],