{
	"model": "NK_LWW03AL",
	"rule": "Taylor",
	"data": {
		"AC": {
			"ygap": [1,0.3731032857,0.1281311806,0.03247167888,0.001195421907,-0.00252568629,-0.01525616393,-0.01879972982,-0.02170392261,-0.007800332327,-0.01132414376,-0.007259089508,-0.0001161421971,-0.002160358817,0.01578010159,0.001501867932,0.000836636013,-0.0007854114634,-0.03031838465,-0.01323464734,-0.02131228321],
			"pdot": [1,-0.03971362832,-0.0008681800822,0.0199719656,0.03249528162,0.03312880451,0.02336030143,0.02686546296,0.01599186466,0.03131364261,0.02522344748,-0.009420235829,0.006764003546,0.02274176272,0.02462345904,0.01724761653,0.01200954474,0.02952700415,0.01844609267,-0.0003461551996,0.014338819],
			"rff": [1,0.3968208682,0.1937922311,0.1254039101,0.05363509126,0.02560031586,0.01338003483,0.00668766611,-0.0009177129143,0.008168007624,-0.00313665303,0.001843906759,-0.0009819018213,-0.008514089287,0.005498498308,-0.002892800794,0.001554467003,0.01033200322,-0.009310076536,0.003689672739,0.0004696672621],
			"rstar": [1,0.355887883,0.1324006747,0.05533665154,0.02005922249,-0.001128050807,-0.01530214256,-0.0193030453,-0.02317185658,-0.008093076786,-0.01771774766,-0.008744352721,-0.009298040833,-0.01801227308,-0.004258064841,-0.01658679031,-0.01147025442,-0.004408810664,-0.02834730665,-0.01192132448,-0.01792108714],
			"drff": [1,-0.3309176575,-0.111822966,0.004241624985,-0.03868395919,-0.01289827884,-0.004147143381,0.0004304771815,-0.01463432866,0.01659352279,-0.01392609884,0.006783858187,0.00533479063,-0.01848251416,0.01867656596,-0.01245432344,-0.002503703045,0.02472231474,-0.02755028883,0.01365949842,-0.006667402476],
			"pdotsh": [1,-0.008820130413,0.003502166384,-0.01081121454,-0.001339195755,-0.003802943614,0.0004721326445,-0.002482712986,-0.00661220037,-0.0007969480636,0.005735254193,-0.0289842653,-0.01366431333,-0.002993789511,0.005456397535,0.002784341827,-0.002760455971,0.004462436339,-0.006577855005,-0.02258502135,-0.005217818799],
			"pinf4": [1,0.7270240478,0.4975446537,0.276729058,0.03963561573,0.07312116862,0.08200529446,0.0833010975,0.07103691637,0.05791385928,0.04263495099,0.02673114684,0.02820483093,0.03493281318,0.04625258331,0.05647074909,0.05513251992,0.05443882161,0.04700826711,0.04275504682,0.04877054011],
			"interest": [1,0.3968208682,0.1937922311,0.1254039101,0.05363509126,0.02560031586,0.01338003483,0.00668766611,-0.0009177129143,0.008168007624,-0.00313665303,0.001843906759,-0.0009819018213,-0.008514089287,0.005498498308,-0.002892800794,0.001554467003,0.01033200322,-0.009310076536,0.003689672739,0.0004696672621],
			"inflation": [1,0.7270240478,0.4975446537,0.276729058,0.03963561573,0.07312116862,0.08200529446,0.0833010975,0.07103691637,0.05791385928,0.04263495099,0.02673114684,0.02820483093,0.03493281318,0.04625258331,0.05647074909,0.05513251992,0.05443882161,0.04700826711,0.04275504682,0.04877054011],
			"inflationq": [1,-0.03971362832,-0.0008681800822,0.0199719656,0.03249528162,0.03312880451,0.02336030143,0.02686546296,0.01599186466,0.03131364261,0.02522344748,-0.009420235829,0.006764003546,0.02274176272,0.02462345904,0.01724761653,0.01200954474,0.02952700415,0.01844609267,-0.0003461551996,0.014338819],
			"outputgap": [1,0.3731032857,0.1281311806,0.03247167888,0.001195421907,-0.00252568629,-0.01525616393,-0.01879972982,-0.02170392261,-0.007800332327,-0.01132414376,-0.007259089508,-0.0001161421971,-0.002160358817,0.01578010159,0.001501867932,0.000836636013,-0.0007854114634,-0.03031838465,-0.01323464734,-0.02131228321],
			"output": [1,0.3731032857,0.1281311806,0.03247167888,0.001195421907,-0.00252568629,-0.01525616393,-0.01879972982,-0.02170392261,-0.007800332327,-0.01132414376,-0.007259089508,-0.0001161421971,-0.002160358817,0.01578010159,0.001501867932,0.000836636013,-0.0007854114634,-0.03031838465,-0.01323464734,-0.02131228321],
			"inflationql": [1,-0.03983734361,-0.0004416433321,0.01931650811,0.03247858097,0.03309311779,0.02313265377,0.02695928105,0.01678953776,0.0318434843,0.02588782573,-0.00920034345,0.007016740737,0.02281291904,0.02435941696,0.01685436532,0.01239301236,0.03025106914,0.01843168069,0.000204073378,0.01480671101],
			"inflationql2": [1,-0.03912348104,-0.0001233536217,0.0191907542,0.03230101015,0.03306113769,0.02336640701,0.02730544059,0.01726892572,0.03221688337,0.02628752922,-0.009280469586,0.007752847351,0.02281133389,0.02457130892,0.01627392845,0.01253477495,0.03070496128,0.01897284676,-0.0001918596363,0.01524823392],
			"inflationqls": [1,0.4700928374,-0.02656213873,0.02541921791,0.05285956556,0.05645801674,0.04839991704,0.04304426849,0.04355897917,0.05011307923,0.03233345704,0.0006164491579,0.007791756924,0.03439629754,0.04030582222,0.02991504252,0.03136701195,0.04392526986,0.03129796025,0.01236513884,0.01992398852]
		},
		"VAR": {
			"ygap": 18.29038541,
			"pdot": 4.233680768,
			"rff": 4.906253893,
			"rstar": 13.62692855,
			"drff": 5.842354075,
			"pdotsh": 4.951560037,
			"pinf4": 1.047954138,
			"interest": 4.906253893,
			"inflation": 1.047954138,
			"inflationq": 4.233680768,
			"outputgap": 18.29038541,
			"output": 18.29038541,
			"inflationql": 4.226706376,
			"inflationql2": 4.215960699,
			"inflationqls": 8.246366419
		},
		"IRF": {
			"interest_": {
				"ygap": [0,-0.8324133844,0.03954831343,0.03246182602,0.02193098443,0.002193905816,0.005128351053,0.006296217824,0.006414373509,0.006150359382,0.006046376152,0.005980000539,0.005910748612,0.005836378677,0.005763095266,0.005691445965,0.00562100237,0.005551586364,0.005483210408,0.005415876495,0.005349568741],
				"pdot": [0,-0.07213865402,0.0002331525054,-0.002839802396,-0.005263389364,-0.006705502176,-0.006253910706,-0.006091380177,-0.006049358181,-0.006027157257,-0.005987696234,-0.00594619751,-0.005906163288,-0.005867204484,-0.005828710762,-0.005790669725,-0.005753124013,-0.00571607704,-0.005679516815,-0.005643434262,-0.005607822205],
				"rff": [0,0.5567413126,-0.007190406356,-0.01179857596,-0.01903776777,-0.004368875128,-0.005334301214,-0.005969709496,-0.00620536996,-0.006082997679,-0.006035158867,-0.006013903174,-0.005994831052,-0.00597203373,-0.005949055883,-0.005926557614,-0.005904389684,-0.005882424896,-0.005860665143,-0.005839118801,-0.005817784501],
				"rstar": [0,-8.728946322e-17,-2.677867806e-17,-1.669176277e-17,4.854479485e-19,7.802184996e-19,6.083447979e-19,5.854783805e-19,1.365926739e-18,-1.312776796e-18,-2.745489082e-18,-1.544321794e-18,-5.043762033e-19,-5.424838479e-19,-2.538702222e-18,4.143024671e-19,-1.46299628e-18,-2.379603519e-19,-2.092040326e-18,-2.286902634e-18,-1.161432847e-18],
				"drff": [0,0.5567413126,-0.5639317189,-0.004608169603,-0.007239191806,0.01466889264,-0.0009654260855,-0.0006354082821,-0.0002356604641,0.0001223722809,4.783881184e-05,2.125569363e-05,1.907212161e-05,2.279732242e-05,2.297784672e-05,2.249826872e-05,2.216793004e-05,2.196478847e-05,2.175975231e-05,2.154634206e-05,2.133430084e-05],
				"pdotsh": [0,3.469446952e-18,-2.576471499e-19,1.563280059e-19,-1.14389404e-18,-2.431361977e-18,-1.175112659e-18,-1.299254202e-18,8.865358855e-19,-2.458213694e-19,-8.791878724e-19,-1.933896082e-19,-1.085509029e-18,5.087153338e-19,8.133122794e-19,3.031532269e-19,3.903960664e-19,-3.029230348e-19,-7.657251562e-19,3.308064442e-19,-7.193961116e-20],
				"pinf4": [0,-0.01803466351,-0.01797637538,-0.01868632598,-0.02000217332,-0.003643885358,-0.00526565116,-0.006078545605,-0.00627503781,-0.00610545158,-0.006038897962,-0.006002602296,-0.005966803572,-0.005926815379,-0.005887069011,-0.005848187065,-0.005809927246,-0.005772145385,-0.005734846898,-0.005698038033,-0.005661712581],
				"interest": [0,0.5567413126,-0.007190406356,-0.01179857596,-0.01903776777,-0.004368875128,-0.005334301214,-0.005969709496,-0.00620536996,-0.006082997679,-0.006035158867,-0.006013903174,-0.005994831052,-0.00597203373,-0.005949055883,-0.005926557614,-0.005904389684,-0.005882424896,-0.005860665143,-0.005839118801,-0.005817784501],