{
	"model": "NK_LWW03",
	"rule": "Taylor",
	"data": {
		"AC": {
			"ygap": [1,0.3593273426,0.1125238654,0.01644401973,-0.008760009896,0.0003824964718,0.001334874645,0.0005020912412,-4.346556649e-07,-1.576472785e-05,6.837738818e-06,6.842134081e-06,1.519328172e-06,-1.361117049e-10,-4.865354911e-09,5.752677041e-08,2.839404453e-08,5.269239001e-09,2.062255764e-10,3.344313965e-10,3.22660544e-10],
			"pdot": [1,-0.08217367646,-0.04769135139,-0.01400477345,0.007743514442,0.001669101099,-0.0002078253435,-0.0002600601808,9.682144794e-06,2.618804609e-05,5.120877328e-06,-1.992904468e-06,-6.359595103e-07,1.293783909e-07,1.05319021e-07,5.486678146e-09,-8.139313918e-09,-1.31206866e-09,8.846649215e-10,3.343132373e-10,-1.573663528e-11],
			"rff": [1,0.3721748819,0.1597130787,0.08712252847,0.02455836554,0.006388705965,0.002022346199,0.001036924337,0.0004008715873,0.0001202857643,3.287729076e-05,1.280246607e-05,5.488710566e-06,1.975550456e-06,5.84104612e-07,1.852662527e-07,7.252306576e-08,2.871319456e-08,9.700077427e-09,3.006040357e-09,1.027380673e-09],
			"rstar": [1,0.35,0.1225,0.042875,0.01500625,0.0052521875,0.001838265625,0.0006433929688,0.0002251875391,7.881563867e-05,2.758547354e-05,9.654915737e-06,3.379220508e-06,1.182727178e-06,4.139545122e-07,1.448840793e-07,5.070942775e-08,1.774829971e-08,6.211904899e-09,2.174166715e-09,7.609583502e-10],
			"drff": [1,-0.3307953943,-0.1113934828,-0.007985016039,-0.03535578784,-0.01099294964,-0.002692579356,-0.0002782376034,-0.0002830939031,-0.0001538464645,-5.362452607e-05,-1.016291704e-05,-3.026794635e-06,-1.689733498e-06,-7.905127206e-07,-2.278462298e-07,-5.489850098e-08,-1.974813794e-08,-9.810916853e-09,-3.755327119e-09,-1.074043645e-09],
			"pdotsh": [1,0,0,0,0,0,0,0,0,0,0,0,0,0,0,0,0,0,0,0,0],
			"interest": [1,0.3721748819,0.1597130787,0.08712252847,0.02455836554,0.006388705965,0.002022346199,0.001036924337,0.0004008715873,0.0001202857643,3.287729076e-05,1.280246607e-05,5.488710566e-06,1.975550456e-06,5.84104612e-07,1.852662527e-07,7.252306576e-08,2.871319456e-08,9.700077427e-09,3.006040357e-09,1.027380673e-09],
			"inflation": [1,0.6982356247,0.4427009395,0.2016069123,-0.05603856294,-0.0142716707,0.001497370787,0.002890515316,0.0001821101317,-0.0001774251083,-4.524367962e-05,2.065135931e-05,8.67090101e-06,1.930991392e-08,-7.470821734e-07,-1.99065463e-08,9.795277512e-08,2.735037735e-08,-3.116331825e-09,-2.091435461e-09,3.999849459e-10],
			"inflationq": [1,-0.08217367646,-0.04769135139,-0.01400477345,0.007743514442,0.001669101099,-0.0002078253435,-0.0002600601808,9.682144794e-06,2.618804609e-05,5.120877328e-06,-1.992904468e-06,-6.359595103e-07,1.293783909e-07,1.05319021e-07,5.486678146e-09,-8.139313918e-09,-1.31206866e-09,8.846649215e-10,3.343132373e-10,-1.573663528e-11],
			"outputgap": [1,0.3593273426,0.1125238654,0.01644401973,-0.008760009896,0.0003824964718,0.001334874645,0.0005020912412,-4.346556649e-07,-1.576472785e-05,6.837738818e-06,6.842134081e-06,1.519328172e-06,-1.361117049e-10,-4.865354911e-09,5.752677041e-08,2.839404453e-08,5.269239001e-09,2.062255764e-10,3.344313965e-10,3.22660544e-10],
			"AUX_ENDO_LEAD_71": [1,0.3780835841,0.05626331748,-0.0464770682,-0.004816229741,0.003482727855,0.001692452871,-0.0001092604864,-0.0001328708337,-2.815714419e-06,1.947055832e-05,4.271442599e-06,-7.570112247e-07,-4.05759862e-07,9.039525689e-08,7.653579737e-08,1.040667726e-08,-3.818274024e-09,-6.603405502e-10,6.29684043e-10,2.84008874e-10],
			"AUX_ENDO_LEAD_75": [1,0.2010386783,-0.1378571745,-0.02251845909,0.007058093023,0.004782786923,-0.0002575084826,-0.0004363161412,-5.04079873e-05,4.626815951e-05,1.186668631e-05,-2.35145329e-06,-1.559021936e-06,7.982186498e-08,1.84291724e-07,2.620998694e-08,-1.387453729e-08,-4.055861408e-09,1.046847158e-09,6.687582054e-10,1.710662963e-11],
			"AUX_ENDO_LEAD_79": [1,-0.3750218926,-0.09135174412,0.007412181723,0.01529323233,0.0002975878741,-0.00124727995,-0.0003001370846,0.0001058405248,4.166809449e-05,-3.495747792e-06,-5.265156427e-06,-3.375344966e-07,4.732440223e-07,1.114884734e-07,-3.474624463e-08,-1.656507643e-08,1.003587166e-09,1.896525472e-09,1.668898301e-10,-1.732468287e-10],
			"AUX_ENDO_LEAD_106": [1,0.4306169659,0.1023000555,-0.05080168776,-0.007347212144,0.003305347326,0.002173124618,-1.922622348e-05,-0.0001477509844,-1.25078662e-05,2.173657122e-05,5.998962638e-06,-5.053500841e-07,-4.938559874e-07,7.670057078e-08,9.102638103e-08,1.701697229e-08,-3.405526296e-09,-9.319633743e-10,6.634440163e-10,3.606226403e-10],
			"AUX_ENDO_LEAD_110": [1,0.3300070698,-0.1351401053,-0.03138688228,0.004327335616,0.005580566441,7.192039486e-05,-0.0004520396002,-9.239337734e-05,4.281316288e-05,1.538074008e-05,-1.38880126e-06,-1.808075737e-06,-5.374523945e-08,1.884077826e-07,4.102164339e-08,-1.22398089e-08,-5.353810708e-09,6.681031995e-10,7.471318635e-10,6.719559e-11],
			"AUX_ENDO_LEAD_114": [1,-0.2479090542,-0.07889716143,-0.003243202654,0.011868729,0.000921078274,-0.0008412746989,-0.0003066966844,5.806962054e-05,3.460658091e-05,-2.553283084e-09,-4.097505198e-06,-5.769025898e-07,3.02259942e-07,1.05293527e-07,-1.948062699e-08,-1.42931232e-08,-4.662530185e-10,1.359198827e-09,2.135354419e-10,-1.196864776e-10],
			"AUX_ENDO_LAG_1_1": [1,-0.08217367646,-0.04769135139,-0.01400477345,0.007743514442,0.001669101099,-0.0002078253435,-0.0002600601808,9.682144794e-06,2.618804609e-05,5.120877328e-06,-1.992904468e-06,-6.359595103e-07,1.293783909e-07,1.05319021e-07,5.486678146e-09,-8.139313918e-09,-1.31206866e-09,8.846649215e-10,3.343132373e-10,-1.573663528e-11],
			"AUX_ENDO_LAG_1_2": [1,-0.08217367646,-0.04769135139,-0.01400477345,0.007743514442,0.001669101099,-0.0002078253435,-0.0002600601808,9.682144794e-06,2.618804609e-05,5.120877328e-06,-1.992904468e-06,-6.359595103e-07,1.293783909e-07,1.05319021e-07,5.486678146e-09,-8.139313918e-09,-1.31206866e-09,8.846649215e-10,3.343132373e-10,-1.573663528e-11],
			"AUX_ENDO_LAG_9_1": [1,0.3593273426,0.1125238654,0.01644401973,-0.008760009896,0.0003824964718,0.001334874645,0.0005020912412,-4.346556649e-07,-1.576472785e-05,6.837738818e-06,6.842134081e-06,1.519328172e-06,-1.361117049e-10,-4.865354911e-09,5.752677041e-08,2.839404453e-08,5.269239001e-09,2.062255764e-10,3.344313965e-10,3.22660544e-10],
			"AUX_ENDO_LAG_9_2": [1,0.3593273426,0.1125238654,0.01644401973,-0.008760009896,0.0003824964718,0.001334874645,0.0005020912412,-4.346556649e-07,-1.576472785e-05,6.837738818e-06,6.842134081e-06,1.519328172e-06,-1.361117049e-10,-4.865354911e-09,5.752677041e-08,2.839404453e-08,5.269239001e-09,2.062255764e-10,3.344313965e-10,3.22660544e-10],
			"AUX_ENDO_LAG_9_3": [1,0.3593273426,0.1125238654,0.01644401973,-0.008760009896,0.0003824964718,0.001334874645,0.0005020912412,-4.346556649e-07,-1.576472785e-05,6.837738818e-06,6.842134081e-06,1.519328172e-06,-1.361117049e-10,-4.865354911e-09,5.752677041e-08,2.839404453e-08,5.269239001e-09,2.062255764e-10,3.344313965e-10,3.22660544e-10],
			"AUX_ENDO_LAG_6_1": [1,0.3721748819,0.1597130787,0.08712252847,0.02455836554,0.006388705965,0.002022346199,0.001036924337,0.0004008715873,0.0001202857643,3.287729076e-05,1.280246607e-05,5.488710566e-06,1.975550456e-06,5.84104612e-07,1.852662527e-07,7.252306576e-08,2.871319456e-08,9.700077427e-09,3.006040357e-09,1.027380673e-09],
			"AUX_ENDO_LAG_6_2": [1,0.3721748819,0.1597130787,0.08712252847,0.02455836554,0.006388705965,0.002022346199,0.001036924337,0.0004008715873,0.0001202857643,3.287729076e-05,1.280246607e-05,5.488710566e-06,1.975550456e-06,5.84104612e-07,1.852662527e-07,7.252306576e-08,2.871319456e-08,9.700077427e-09,3.006040357e-09,1.027380673e-09],
			"AUX_ENDO_LAG_6_3": [1,0.3721748819,0.1597130787,0.08712252847,0.02455836554,0.006388705965,0.002022346199,0.001036924337,0.0004008715873,0.0001202857643,3.287729076e-05,1.280246607e-05,5.488710566e-06,1.975550456e-06,5.84104612e-07,1.852662527e-07,7.252306576e-08,2.871319456e-08,9.700077427e-09,3.006040357e-09,1.027380673e-09],