{
	"model": "NK_LWW03",
	"rule": "CEE",
	"data": {
		"AC": {
			"ygap": [1,0.1485013491,-0.05218097198,-0.07210273225,-0.05306601673,-0.03295871154,-0.01897159652,-0.01048381784,-0.005656209476,-0.003006705756,-0.001583229214,-0.0008285479537,-0.0004318407477,-0.0002244672523,-0.0001164648441,-6.035421738e-05,-3.125100797e-05,-1.617260561e-05,-8.366302238e-06,-4.326904525e-06,-2.237416399e-06],
			"pdot": [1,0.0013634637,-0.008329998385,-0.007468024941,-0.00496704964,-0.002954878524,-0.001662981222,-0.0009070621636,-0.0004854768316,-0.0002567602078,-0.0001347561552,-7.036873711e-05,-3.662345469e-05,-1.901821944e-05,-9.86121725e-06,-5.108036559e-06,-2.644129503e-06,-1.368083046e-06,-7.076324389e-07,-3.659418514e-07,-1.892147198e-07],
			"rff": [1,0.7340973793,0.4554774331,0.2620459247,0.1447658248,0.0780899267,0.04150609208,0.02185411816,0.01143632553,0.005960446489,0.003098125634,0.001607439933,0.00083299693,0.0004313174472,0.000223208698,0.0001154684667,5.971814425e-05,3.087985323e-05,1.596592541e-05,8.254277955e-06,4.267181868e-06],
			"rstar": [1,0.35,0.1225,0.042875,0.01500625,0.0052521875,0.001838265625,0.0006433929687,0.0002251875391,7.881563867e-05,2.758547354e-05,9.654915737e-06,3.379220508e-06,1.182727178e-06,4.139545122e-07,1.448840793e-07,5.070942775e-08,1.774829971e-08,6.211904899e-09,2.174166715e-09,7.609583502e-10],
			"drff": [1,0.02391350148,-0.1601872848,-0.143194167,-0.0951555154,-0.05658474401,-0.0318384615,-0.01736384031,-0.009292713205,-0.004914502496,-0.002579205782,-0.001346813912,-0.0007009399147,-0.0003639880141,-0.0001887317198,-9.776118166e-05,-5.060505119e-05,-2.618320041e-05,-1.354307892e-05,-7.003600345e-06,-3.621295142e-06],
			"pdotsh": [1,0,0,0,0,0,0,0,0,0,0,0,0,0,0,0,0,0,0,0,0],
			"interest": [1,0.7340973793,0.4554774331,0.2620459247,0.1447658248,0.0780899267,0.04150609208,0.02185411816,0.01143632553,0.005960446489,0.003098125634,0.001607439933,0.00083299693,0.0004313174472,0.000223208698,0.0001154684667,5.971814425e-05,3.087985323e-05,1.596592541e-05,8.254277955e-06,4.267181868e-06],
			"inflation": [1,0.7462156187,0.48911051,0.2336890235,-0.01784540649,-0.0144637234,-0.009310173166,-0.005454322367,-0.003044021604,-0.001652103689,-0.000881504736,-0.0004652888131,-0.0002438828365,-0.0001272450258,-6.618702193e-05,-3.435718797e-05,-1.781012068e-05,-9.223914395e-06,-4.774119993e-06,-2.469953893e-06,-1.277500215e-06],
			"inflationq": [1,0.0013634637,-0.008329998385,-0.007468024941,-0.00496704964,-0.002954878524,-0.001662981222,-0.0009070621636,-0.0004854768316,-0.0002567602078,-0.0001347561552,-7.036873711e-05,-3.662345469e-05,-1.901821944e-05,-9.86121725e-06,-5.108036559e-06,-2.644129503e-06,-1.368083046e-06,-7.076324389e-07,-3.659418514e-07,-1.892147198e-07],
			"outputgap": [1,0.1485013491,-0.05218097198,-0.07210273225,-0.05306601673,-0.03295871154,-0.01897159652,-0.01048381784,-0.005656209476,-0.003006705756,-0.001583229214,-0.0008285479537,-0.0004318407477,-0.0002244672523,-0.0001164648441,-6.035421738e-05,-3.125100797e-05,-1.617260561e-05,-8.366302238e-06,-4.326904525e-06,-2.237416399e-06],
			"AUX_ENDO_LEAD_71": [1,0.8309587628,0.5394474277,0.317316281,0.1774884952,0.0964580921,0.05150949423,0.02720302263,0.01426354174,0.007443671662,0.003872452105,0.002010368138,0.00104220929,0.0005397884921,0.0002793929062,0.0001445506797,7.476503236e-05,3.866263526e-05,1.999063377e-05,1.033528718e-05,5.343084633e-06],
			"AUX_ENDO_LEAD_75": [1,0.7069776301,0.4319670815,0.2465710456,0.1356039629,0.07294711313,0.03870528801,0.02035650433,0.01064474697,0.005545165464,0.00288132572,0.001494626019,0.0007744205757,0.0004009471652,0.000207477954,0.0001073258789,5.5505239e-05,2.870078982e-05,1.483906684e-05,7.671626271e-06,3.96594507e-06],
			"AUX_ENDO_LEAD_79": [1,0.6156515264,0.3527956702,0.1944591915,0.1047512755,0.05562862234,0.02927354432,0.01531327053,0.007979096004,0.004146701278,0.002151249223,0.001114723713,0.0005771639501,0.0002986748505,0.0001545044714,7.990560993e-05,4.131822645e-05,2.13627658e-05,1.104435609e-05,5.709539241e-06,2.951526281e-06],
			"AUX_ENDO_LEAD_106": [1,0.0639134048,-0.125511013,-0.1203697056,-0.08164235252,-0.04899942142,-0.02770745382,-0.01515495526,-0.008125185229,-0.004301989425,-0.002259439712,-0.001180420571,-0.0006145435216,-0.0003191937819,-0.0001655298739,-8.575138309e-05,-4.439128417e-05,-2.296922062e-05,-1.188103426e-05,-6.144226208e-06,-3.176990044e-06],
			"AUX_ENDO_LEAD_110": [1,0.8326546483,0.5409176059,0.3182839751,0.178061416,0.09677968883,0.05168463755,0.02729667326,0.0143130417,0.007469640524,0.003886009304,0.002017422756,0.001045872258,0.0005416876438,0.0002803766004,0.000145059862,7.502847892e-05,3.879889913e-05,2.006109987e-05,1.037172227e-05,5.361921942e-06],
			"AUX_ENDO_LEAD_114": [1,0.6760056809,0.4051172233,0.2288980514,0.1251407128,0.06707379329,0.03550664628,0.01864616331,0.009740729358,0.005070896225,0.00263373066,0.001365787555,0.0007075237966,0.0003662629642,0.0001895127508,9.802668469e-05,5.069391547e-05,2.621220334e-05,1.355214466e-05,7.006212361e-06,3.621919365e-06],
			"AUX_ENDO_LAG_1_1": [1,0.0013634637,-0.008329998385,-0.007468024941,-0.00496704964,-0.002954878524,-0.001662981222,-0.0009070621636,-0.0004854768316,-0.0002567602078,-0.0001347561552,-7.036873711e-05,-3.662345469e-05,-1.901821944e-05,-9.86121725e-06,-5.108036559e-06,-2.644129503e-06,-1.368083046e-06,-7.076324389e-07,-3.659418514e-07,-1.892147198e-07],
			"AUX_ENDO_LAG_1_2": [1,0.0013634637,-0.008329998385,-0.007468024941,-0.00496704964,-0.002954878524,-0.001662981222,-0.0009070621636,-0.0004854768316,-0.0002567602078,-0.0001347561552,-7.036873711e-05,-3.662345469e-05,-1.901821944e-05,-9.86121725e-06,-5.108036559e-06,-2.644129503e-06,-1.368083046e-06,-7.076324389e-07,-3.659418514e-07,-1.892147198e-07],
			"AUX_ENDO_LAG_9_1": [1,0.1485013491,-0.05218097198,-0.07210273225,-0.05306601673,-0.03295871154,-0.01897159652,-0.01048381784,-0.005656209476,-0.003006705756,-0.001583229214,-0.0008285479537,-0.0004318407477,-0.0002244672523,-0.0001164648441,-6.035421738e-05,-3.125100797e-05,-1.617260561e-05,-8.366302238e-06,-4.326904525e-06,-2.237416399e-06],
			"AUX_ENDO_LAG_9_2": [1,0.1485013491,-0.05218097198,-0.07210273225,-0.05306601673,-0.03295871154,-0.01897159652,-0.01048381784,-0.005656209476,-0.003006705756,-0.001583229214,-0.0008285479537,-0.0004318407477,-0.0002244672523,-0.0001164648441,-6.035421738e-05,-3.125100797e-05,-1.617260561e-05,-8.366302238e-06,-4.326904525e-06,-2.237416399e-06],
			"AUX_ENDO_LAG_9_3": [1,0.1485013491,-0.05218097198,-0.07210273225,-0.05306601673,-0.03295871154,-0.01897159652,-0.01048381784,-0.005656209476,-0.003006705756,-0.001583229214,-0.0008285479537,-0.0004318407477,-0.0002244672523,-0.0001164648441,-6.035421738e-05,-3.125100797e-05,-1.617260561e-05,-8.366302238e-06,-4.326904525e-06,-2.237416399e-06],
			"AUX_ENDO_LAG_6_1": [1,0.7340973793,0.4554774331,0.2620459247,0.1447658248,0.0780899267,0.04150609208,0.02185411816,0.01143632553,0.005960446489,0.003098125634,0.001607439933,0.00083299693,0.0004313174472,0.000223208698,0.0001154684667,5.971814425e-05,3.087985323e-05,1.596592541e-05,8.254277955e-06,4.267181868e-06],
			"AUX_ENDO_LAG_6_2": [1,0.7340973793,0.4554774331,0.2620459247,0.1447658248,0.0780899267,0.04150609208,0.02185411816,0.01143632553,0.005960446489,0.003098125634,0.001607439933,0.00083299693,0.0004313174472,0.000223208698,0.0001154684667,5.971814425e-05,3.087985323e-05,1.596592541e-05,8.254277955e-06,4.267181868e-06],
			"AUX_ENDO_LAG_6_3": [1,0.7340973793,0.4554774331,0.2620459247,0.1447658248,0.0780899267,0.04150609208,0.02185411816,0.01143632553,0.005960446489,0.003098125634,0.001607439933,0.00083299693,0.0004313174472,0.000223208698,0.0001154684667,5.971814425e-05,3.087985323e-05,1.596592541e-05,8.254277955e-06,4.267181868e-06],