{
	"model": "NK_LWW03",
	"rule": "Model",
	"data": {
		"AC": {
			"ygap": [1,0.4910976,0.2647123171,0.14662275,0.08170436656,0.04786813168,0.02907237896,0.0180810079,0.0114044012,0.007251204231,0.004631211261,0.002965198968,0.001901090949,0.001219760579,0.0007829291988,0.0005026509656,0.0003227475676,0.0002072468872,0.0001330848548,8.546292368e-05,5.488219664e-05],
			"pdot": [1,-0.093093395,-0.08270532155,-0.06348892294,-0.04191409849,-0.02723773202,-0.01757324421,-0.0113116525,-0.007272968359,-0.004673623058,-0.003002382505,-0.001928450665,-0.001238548834,-0.0007954211035,-0.0005108222997,-0.0003280472978,-0.000210668569,-0.0001352886015,-8.688037343e-05,-5.579324359e-05,-3.582954121e-05],
			"rff": [1,0.3411988539,0.1116688016,0.03591202995,0.01207019326,0.003988730397,0.001265146064,0.0003605314598,7.36562173e-05,-7.921524664e-06,-2.441018611e-05,-2.243835529e-05,-1.677635677e-05,-1.160187737e-05,-7.740466446e-06,-5.072276729e-06,-3.292849811e-06,-2.127045218e-06,-1.370304536e-06,-8.815100122e-07,-5.666243362e-07],
			"rstar": [1,0.35,0.1225,0.042875,0.01500625,0.0052521875,0.001838265625,0.0006433929688,0.0002251875391,7.881563867e-05,2.758547354e-05,9.654915737e-06,3.379220508e-06,1.182727178e-06,4.139545122e-07,1.448840793e-07,5.070942775e-08,1.774829971e-08,6.211904899e-09,2.174166715e-09,7.609583502e-10],
			"drff": [1,-0.3257971668,-0.1167069013,-0.03940106607,-0.01196140438,-0.004066385253,-0.001380515,-0.0004688359797,-0.0001558114325,-4.939964123e-05,-1.401067104e-05,-2.800668849e-06,3.700047651e-07,9.965590329e-07,9.056004367e-07,6.745303979e-07,4.657113367e-07,3.104608384e-07,2.03358903e-07,1.319888781e-07,8.524939346e-08],
			"pdotsh": [1,0,0,0,0,0,0,0,0,0,0,0,0,0,0,0,0,0,0,0,0],
			"interest": [1,0.3411988539,0.1116688016,0.03591202995,0.01207019326,0.003988730397,0.001265146064,0.0003605314598,7.36562173e-05,-7.921524664e-06,-2.441018611e-05,-2.243835529e-05,-1.677635677e-05,-1.160187737e-05,-7.740466446e-06,-5.072276729e-06,-3.292849811e-06,-2.127045218e-06,-1.370304536e-06,-8.815100122e-07,-5.666243362e-07],
			"inflation": [1,0.6507910054,0.3335765273,0.03819178281,-0.2496274395,-0.1766273106,-0.1181368232,-0.07659248459,-0.04939104974,-0.03177746926,-0.02042667648,-0.01312439474,-0.008430603695,-0.005414809467,-0.003477586687,-0.002233348964,-0.001434255122,-0.000921067454,-0.0005914987769,-0.0003798523705,-0.0002439355265],
			"inflationq": [1,-0.093093395,-0.08270532155,-0.06348892294,-0.04191409849,-0.02723773202,-0.01757324421,-0.0113116525,-0.007272968359,-0.004673623058,-0.003002382505,-0.001928450665,-0.001238548834,-0.0007954211035,-0.0005108222997,-0.0003280472978,-0.000210668569,-0.0001352886015,-8.688037343e-05,-5.579324359e-05,-3.582954121e-05],
			"outputgap": [1,0.4910976,0.2647123171,0.14662275,0.08170436656,0.04786813168,0.02907237896,0.0180810079,0.0114044012,0.007251204231,0.004631211261,0.002965198968,0.001901090949,0.001219760579,0.0007829291988,0.0005026509656,0.0003227475676,0.0002072468872,0.0001330848548,8.546292368e-05,5.488219664e-05],
			"AUX_ENDO_LEAD_71": [1,0.700851245,0.4680374778,0.2987309397,0.1908278569,0.1220870013,0.07823293277,0.05017912225,0.03220277949,0.02067257459,0.01327295387,0.008522751511,0.005472848999,0.003514461352,0.002256890235,0.001449324285,0.0009307275956,0.0005976964022,0.0003838302985,0.0002464893569,0.0001582913767],
			"AUX_ENDO_LEAD_75": [1,0.6808740598,0.4382874349,0.2812821237,0.1804112971,0.115766205,0.07430901087,0.04770784196,0.03063289536,0.019670436,0.01263150436,0.008111561035,0.005209047494,0.00334514274,0.002148188227,0.001379528703,0.0008859098862,0.0005689165562,0.0003653488251,0.000234621022,0.0001506697836],
			"AUX_ENDO_LEAD_79": [1,0.6465271866,0.4159034343,0.2670906361,0.1715034989,0.1101270158,0.07071800695,0.04541257896,0.02916273158,0.01872765989,0.01202653805,0.00772322579,0.004959722424,0.003185050367,0.002045386557,0.001313513611,0.0008435169323,0.0005416927938,0.0003478662741,0.0002233940495,0.0001434600177],
			"AUX_ENDO_LEAD_106": [1,0.6622133003,0.4326302433,0.2647745785,0.1648116432,0.1038114648,0.06594063898,0.04208924997,0.02693887354,0.01726810675,0.01107823212,0.007110386839,0.004564818835,0.002930977765,0.001882060087,0.001208570198,0.0007761037469,0.0004983940621,0.0003200580552,0.0002055351968,0.0001319910497],
			"AUX_ENDO_LEAD_110": [1,0.7181603805,0.4569751685,0.2908819459,0.1855100071,0.1186516734,0.07602276513,0.04875934489,0.03129094099,0.02008699245,0.01289689897,0.008281254135,0.005317762978,0.003414867519,0.002192932658,0.001408251757,0.0009043514821,0.0005807580901,0.0003729527898,0.0002395039978,0.0001538054929],
			"AUX_ENDO_LEAD_114": [1,0.6478702186,0.4164644462,0.2669678338,0.1712311618,0.1098792139,0.07053286569,0.04528450396,0.02907726213,0.01867164396,0.01199017029,0.007699732652,0.004944587087,0.00317531375,0.002039127928,0.001309492345,0.0008409338141,0.000540033703,0.000346800744,0.0002227097523,0.0001430205623],
			"AUX_ENDO_LAG_1_1": [1,-0.093093395,-0.08270532155,-0.06348892294,-0.04191409849,-0.02723773202,-0.01757324421,-0.0113116525,-0.007272968359,-0.004673623058,-0.003002382505,-0.001928450665,-0.001238548834,-0.0007954211035,-0.0005108222997,-0.0003280472978,-0.000210668569,-0.0001352886015,-8.688037343e-05,-5.579324359e-05,-3.582954121e-05],
			"AUX_ENDO_LAG_1_2": [1,-0.093093395,-0.08270532155,-0.06348892294,-0.04191409849,-0.02723773202,-0.01757324421,-0.0113116525,-0.007272968359,-0.004673623058,-0.003002382505,-0.001928450665,-0.001238548834,-0.0007954211035,-0.0005108222997,-0.0003280472978,-0.000210668569,-0.0001352886015,-8.688037343e-05,-5.579324359e-05,-3.582954121e-05],
			"AUX_ENDO_LAG_9_1": [1,0.4910976,0.2647123171,0.14662275,0.08170436656,0.04786813168,0.02907237896,0.0180810079,0.0114044012,0.007251204231,0.004631211261,0.002965198968,0.001901090949,0.001219760579,0.0007829291988,0.0005026509656,0.0003227475676,0.0002072468872,0.0001330848548,8.546292368e-05,5.488219664e-05],
			"AUX_ENDO_LAG_9_2": [1,0.4910976,0.2647123171,0.14662275,0.08170436656,0.04786813168,0.02907237896,0.0180810079,0.0114044012,0.007251204231,0.004631211261,0.002965198968,0.001901090949,0.001219760579,0.0007829291988,0.0005026509656,0.0003227475676,0.0002072468872,0.0001330848548,8.546292368e-05,5.488219664e-05],
			"AUX_ENDO_LAG_9_3": [1,0.4910976,0.2647123171,0.14662275,0.08170436656,0.04786813168,0.02907237896,0.0180810079,0.0114044012,0.007251204231,0.004631211261,0.002965198968,0.001901090949,0.001219760579,0.0007829291988,0.0005026509656,0.0003227475676,0.0002072468872,0.0001330848548,8.546292368e-05,5.488219664e-05],
			"AUX_ENDO_LAG_6_1": [1,0.3411988539,0.1116688016,0.03591202995,0.01207019326,0.003988730397,0.001265146064,0.0003605314598,7.36562173e-05,-7.921524664e-06,-2.441018611e-05,-2.243835529e-05,-1.677635677e-05,-1.160187737e-05,-7.740466446e-06,-5.072276729e-06,-3.292849811e-06,-2.127045218e-06,-1.370304536e-06,-8.815100122e-07,-5.666243362e-07],
			"AUX_ENDO_LAG_6_2": [1,0.3411988539,0.1116688016,0.03591202995,0.01207019326,0.003988730397,0.001265146064,0.0003605314598,7.36562173e-05,-7.921524664e-06,-2.441018611e-05,-2.243835529e-05,-1.677635677e-05,-1.160187737e-05,-7.740466446e-06,-5.072276729e-06,-3.292849811e-06,-2.127045218e-06,-1.370304536e-06,-8.815100122e-07,-5.666243362e-07],
			"AUX_ENDO_LAG_6_3": [1,0.3411988539,0.1116688016,0.03591202995,0.01207019326,0.003988730397,0.001265146064,0.0003605314598,7.36562173e-05,-7.921524664e-06,-2.441018611e-05,-2.243835529e-05,-1.677635677e-05,-1.160187737e-05,-7.740466446e-06,-5.072276729e-06,-3.292849811e-06,-2.127045218e-06,-1.370304536e-06,-8.815100122e-07,-5.666243362e-07],
			"AUX_ENDO_LAG_8_1": [1,-0.093093395,-0.08270532155,-0.06348892294,-0.04191409849,-0.02723773202,-0.01757324421,-0.0113116525,-0.007272968359,-0.004673623058,-0.003002382505,-0.001928450665,-0.001238548834,-0.0007954211035,-0.0005108222997,-0.0003280472978,-0.000210668569,-0.0001352886015,-8.688037343e-05,-5.579324359e-05,-3.582954121e-05],