{
	"model": "NK_LWW03AL",
	"rule": "Model",
	"data": {
		"AC": {
			"ygap": [1,0.4782366434,0.2559095883,0.1348562259,0.06744937419,0.02631447055,0.009376596947,-0.003475436136,-0.01110724964,-0.003606571474,-0.008503214143,-0.006396290514,-0.002542654505,-0.005129323855,0.003701802943,-0.008728609552,-0.00980597402,-0.007112144652,-0.02748934738,-0.02283919884,-0.0309131482],
			"pdot": [1,-0.06011386377,-0.07459822445,-0.07539788862,-0.05421257951,-0.02519199943,-0.008313144038,0.006388987235,-0.001406793175,0.01192698777,0.01398442016,-0.02192792296,-0.006536590267,0.000655528385,0.001478858501,-0.008042892254,-0.005199541885,0.01863530818,0.01412417125,-0.01230961682,-0.007138347236],
			"rff": [1,0.3431430656,0.1251331502,0.04583180148,0.01247731227,-0.008595808662,-0.01098807742,-0.01715476418,-0.02000707688,-0.006752899659,-0.01181854916,-0.008276955335,-0.005064741414,-0.01121266915,-0.0005941688817,-0.01499824733,-0.01317422981,-0.003576994908,-0.02420583568,-0.01264784911,-0.01589394185],
			"rstar": [1,0.3555947875,0.132233238,0.05518335345,0.0193310961,-0.001554704597,-0.01520294292,-0.0187692659,-0.02288687943,-0.007935253066,-0.0170267194,-0.008132080981,-0.009165807006,-0.01713769626,-0.00335693293,-0.01628807836,-0.01176268685,-0.004754252077,-0.02888812081,-0.01255587554,-0.01894284792],
			"drff": [1,-0.3322087461,-0.106042919,-0.0336071128,-0.01137227342,-0.01391269,0.001629869929,-0.003222897988,-0.01310000691,0.01492950223,-0.006903598408,0.0004039908674,0.009153405626,-0.01402144345,0.01947344841,-0.01283575007,-0.005380746024,0.02355767863,-0.02533337384,0.01194234336,0.000607130651],
			"pdotsh": [1,-0.008109878699,0.005371920664,-0.01062189765,-0.002124016128,-0.003561128935,0.0009951608957,-0.002114126382,-0.007217441569,-0.0003108566051,0.005727612121,-0.0289429929,-0.01326285335,-0.002180784417,0.005458064359,0.001541437074,-0.00358796207,0.00560684859,-0.005930879055,-0.02282202918,-0.005239214652],
			"pinf4": [1,0.6644176145,0.3438980706,0.04478667389,-0.2281303686,-0.1515972106,-0.07880871072,-0.01933066285,0.004463960265,0.01041643474,0.00187113295,-0.01687745945,-0.019811458,-0.01947494436,-0.01163451478,0.002378281555,0.00817696772,0.01316381167,0.006472420793,-0.004642743971,-0.006445832405],
			"interest": [1,0.3431430656,0.1251331502,0.04583180148,0.01247731227,-0.008595808662,-0.01098807742,-0.01715476418,-0.02000707688,-0.006752899659,-0.01181854916,-0.008276955335,-0.005064741414,-0.01121266915,-0.0005941688817,-0.01499824733,-0.01317422981,-0.003576994908,-0.02420583568,-0.01264784911,-0.01589394185],
			"inflation": [1,0.6644176145,0.3438980706,0.04478667389,-0.2281303686,-0.1515972106,-0.07880871072,-0.01933066285,0.004463960265,0.01041643474,0.00187113295,-0.01687745945,-0.019811458,-0.01947494436,-0.01163451478,0.002378281555,0.00817696772,0.01316381167,0.006472420793,-0.004642743971,-0.006445832405],
			"inflationq": [1,-0.06011386377,-0.07459822445,-0.07539788862,-0.05421257951,-0.02519199943,-0.008313144038,0.006388987235,-0.001406793175,0.01192698777,0.01398442016,-0.02192792296,-0.006536590267,0.000655528385,0.001478858501,-0.008042892254,-0.005199541885,0.01863530818,0.01412417125,-0.01230961682,-0.007138347236],
			"outputgap": [1,0.4782366434,0.2559095883,0.1348562259,0.06744937419,0.02631447055,0.009376596947,-0.003475436136,-0.01110724964,-0.003606571474,-0.008503214143,-0.006396290514,-0.002542654505,-0.005129323855,0.003701802943,-0.008728609552,-0.00980597402,-0.007112144652,-0.02748934738,-0.02283919884,-0.0309131482],
			"output": [1,0.4782366434,0.2559095883,0.1348562259,0.06744937419,0.02631447055,0.009376596947,-0.003475436136,-0.01110724964,-0.003606571474,-0.008503214143,-0.006396290514,-0.002542654505,-0.005129323855,0.003701802943,-0.008728609552,-0.00980597402,-0.007112144652,-0.02748934738,-0.02283919884,-0.0309131482],
			"inflationql": [1,-0.06093845096,-0.07474972783,-0.0751409388,-0.05360556587,-0.02520893617,-0.01011836338,0.005869515428,-0.0005721822366,0.01284501705,0.01491913681,-0.02207205062,-0.006608239024,-0.0003730016723,0.001627349782,-0.007499138786,-0.004614459276,0.01834811246,0.01251307449,-0.01338024198,-0.006276761439],
			"inflationql2": [1,-0.06109062402,-0.07432464896,-0.0751135584,-0.05353323206,-0.02474580256,-0.009886235296,0.005635863121,5.452744927e-05,0.01252506515,0.0160824695,-0.02215337356,-0.007404236987,-0.0005483314761,0.002891552412,-0.007104164832,-0.004591251353,0.01817846646,0.01195481941,-0.01422877012,-0.006279547579],
			"inflationqls": [1,0.4234262973,-0.1541239277,-0.1429577858,-0.1034825053,-0.05661174319,-0.02119634676,0.0001300330123,0.009319882704,0.02131046893,0.01116145834,-0.02128150539,-0.02201535185,-0.00292413798,0.001411043837,-0.00639516577,0.0006636919385,0.02124646651,0.01147712568,-0.0145781833,-0.01542007997]
		},
		"VAR": {
			"ygap": 7.817180931,
			"pdot": 4.111030427,
			"rff": 8.806607146,
			"rstar": 13.60702617,
			"drff": 11.52242378,
			"pdotsh": 4.941702523,
			"pinf4": 0.8182805023,
			"interest": 8.806607146,
			"inflation": 0.8182805023,
			"inflationq": 4.111030427,
			"outputgap": 7.817180931,
			"output": 7.817180931,
			"inflationql": 4.089919291,
			"inflationql2": 4.065908183,
			"inflationqls": 7.732113852
		},
		"IRF": {
			"interest_": {
				"ygap": [0,-0.8439550114,-0.6165781727,-0.4247732502,-0.2723246506,-0.1723595721,-0.1077554055,-0.06622526851,-0.03954642829,-0.02240984218,-0.01140122499,-0.004327516899,0.0002196305763,0.003144580568,0.005028053491,0.006242944922,0.007028699331,0.007539068567,0.007872779125,0.008093224441,0.008241109802],
				"pdot": [0,-0.2511470435,-0.1755594472,-0.1166682634,-0.07583808406,-0.04937384633,-0.03233484224,-0.0213884982,-0.01435893678,-0.009845343917,-0.00694753104,-0.005087340403,-0.003893488618,-0.003127554812,-0.002636439426,-0.002321832198,-0.002120605193,-0.00199222214,-0.00191065347,-0.001859184714,-0.001827082837],
				"rff": [0,-0.03046714194,0.008156211886,0.0242411582,0.0177569514,0.0125970654,0.009060024327,0.006770463565,0.005299654718,0.004357859483,0.00375621745,0.003373125265,0.003130431901,0.00297793977,0.002883411168,0.002826143905,0.002792844028,0.002774974942,0.002767054977,0.002765564136,0.002768242061],
				"rstar": [0,9.887921311e-18,-1.902236497e-18,4.847185723e-18,6.715618786e-18,5.22855107e-18,1.230255097e-18,5.809177205e-19,1.023610921e-19,5.262810444e-19,9.301554325e-19,8.916907068e-19,-3.957131399e-19,-3.81970846e-19,1.162445228e-19,-5.308139603e-19,-9.258195147e-19,3.919226128e-19,-5.910116085e-19,-1.415744112e-19,6.446895394e-19],
				"drff": [0,-0.03046714194,0.03862335382,0.01608494631,-0.006484206798,-0.005159886,-0.003537041071,-0.002289560762,-0.001470808847,-0.0009417952345,-0.000601642033,-0.0003830921849,-0.0002426933641,-0.0001524921316,-9.452860183e-05,-5.726726304e-05,-3.329987692e-05,-1.786908629e-05,-7.919964745e-06,-1.490840776e-06,2.677925228e-06],
				"pdotsh": [0,1.127570259e-17,2.231310937e-17,-6.725881478e-18,5.265913598e-18,1.7493009e-17,6.521248838e-19,-1.934476294e-18,-2.819861757e-19,3.008362233e-18,1.291739959e-18,-6.680812666e-20,1.429587883e-19,-9.797918862e-20,-5.475618111e-19,6.278698403e-20,6.748548264e-21,-5.203047778e-19,-1.263436092e-19,-4.269961913e-21,5.749497433e-19],
				"pinf4": [0,-0.06278676087,-0.1066766227,-0.1358436885,-0.1548032095,-0.1043599103,-0.06855375901,-0.04473381771,-0.02936403089,-0.01948190529,-0.01313507749,-0.009059788036,-0.006443425995,-0.004763978718,-0.003686205815,-0.002994828764,-0.002551607907,-0.00226777474,-0.002086328251,-0.001970666379,-0.00189728579],
				"interest": [0,-0.03046714194,0.008156211886,0.0242411582,0.0177569514,0.0125970654,0.009060024327,0.006770463565,0.005299654718,0.004357859483,0.00375621745,0.003373125265,0.003130431901,0.00297793977,0.002883411168,0.002826143905,0.002792844028,0.002774974942,0.002767054977,0.002765564136,0.002768242061],