{
	"model": "NK_LWW03AL",
	"rule": "Model",
	"data": {
		"AC": {
			"ygap": [1,0.4782366434,0.2559095883,0.1348562259,0.06744937418,0.02631447055,0.009376596956,-0.003475436124,-0.01110724963,-0.00360657147,-0.008503214147,-0.006396290523,-0.002542654514,-0.005129323862,0.003701802943,-0.008728609546,-0.009805974009,-0.007112144644,-0.02748934738,-0.02283919884,-0.03091314821],
			"pdot": [1,-0.06011386376,-0.07459822445,-0.07539788862,-0.05421257952,-0.02519199944,-0.008313144045,0.006388987241,-0.001406793162,0.01192698779,0.01398442016,-0.02192792297,-0.006536590283,0.0006555283705,0.001478858497,-0.008042892248,-0.005199541873,0.01863530819,0.01412417126,-0.01230961682,-0.007138347245],
			"rff": [1,0.3431430656,0.1251331502,0.04583180147,0.01247731226,-0.008595808659,-0.01098807741,-0.01715476417,-0.02000707687,-0.006752899657,-0.01181854916,-0.008276955341,-0.00506474142,-0.01121266915,-0.000594168884,-0.01499824733,-0.01317422981,-0.003576994905,-0.02420583568,-0.01264784911,-0.01589394186],
			"rstar": [1,0.3555947875,0.132233238,0.05518335345,0.0193310961,-0.001554704597,-0.01520294292,-0.0187692659,-0.02288687943,-0.007935253066,-0.0170267194,-0.008132080981,-0.009165807006,-0.01713769626,-0.00335693293,-0.01628807836,-0.01176268685,-0.004754252077,-0.02888812081,-0.01255587554,-0.01894284792],
			"drff": [1,-0.3322087461,-0.106042919,-0.03360711281,-0.01137227343,-0.01391269,0.001629869934,-0.003222897982,-0.01310000691,0.01492950223,-0.00690359841,0.0004039908641,0.009153405625,-0.01402144345,0.01947344841,-0.01283575007,-0.005380746018,0.02355767863,-0.02533337383,0.01194234335,0.0006071306458],
			"pdotsh": [1,-0.008109878699,0.005371920664,-0.01062189765,-0.002124016128,-0.003561128935,0.0009951608957,-0.002114126382,-0.007217441569,-0.0003108566051,0.005727612121,-0.0289429929,-0.01326285335,-0.002180784417,0.005458064359,0.001541437074,-0.00358796207,0.00560684859,-0.005930879055,-0.02282202918,-0.005239214652],
			"pinf4": [1,0.6644176145,0.3438980706,0.04478667387,-0.2281303687,-0.1515972106,-0.07880871072,-0.01933066283,0.004463960295,0.01041643477,0.00187113296,-0.01687745946,-0.01981145804,-0.01947494439,-0.01163451479,0.002378281565,0.008176967743,0.01316381169,0.006472420799,-0.004642743977,-0.00644583242],
			"interest": [1,0.3431430656,0.1251331502,0.04583180147,0.01247731226,-0.008595808659,-0.01098807741,-0.01715476417,-0.02000707687,-0.006752899657,-0.01181854916,-0.008276955341,-0.00506474142,-0.01121266915,-0.000594168884,-0.01499824733,-0.01317422981,-0.003576994905,-0.02420583568,-0.01264784911,-0.01589394186],
			"inflation": [1,0.6644176145,0.3438980706,0.04478667387,-0.2281303687,-0.1515972106,-0.07880871072,-0.01933066283,0.004463960295,0.01041643477,0.00187113296,-0.01687745946,-0.01981145804,-0.01947494439,-0.01163451479,0.002378281565,0.008176967743,0.01316381169,0.006472420799,-0.004642743977,-0.00644583242],
			"inflationq": [1,-0.06011386376,-0.07459822445,-0.07539788862,-0.05421257952,-0.02519199944,-0.008313144045,0.006388987241,-0.001406793162,0.01192698779,0.01398442016,-0.02192792297,-0.006536590283,0.0006555283705,0.001478858497,-0.008042892248,-0.005199541873,0.01863530819,0.01412417126,-0.01230961682,-0.007138347245],
			"outputgap": [1,0.4782366434,0.2559095883,0.1348562259,0.06744937418,0.02631447055,0.009376596956,-0.003475436124,-0.01110724963,-0.00360657147,-0.008503214147,-0.006396290523,-0.002542654514,-0.005129323862,0.003701802943,-0.008728609546,-0.009805974009,-0.007112144644,-0.02748934738,-0.02283919884,-0.03091314821],
			"output": [1,0.4782366434,0.2559095883,0.1348562259,0.06744937418,0.02631447055,0.009376596956,-0.003475436124,-0.01110724963,-0.00360657147,-0.008503214147,-0.006396290523,-0.002542654514,-0.005129323862,0.003701802943,-0.008728609546,-0.009805974009,-0.007112144644,-0.02748934738,-0.02283919884,-0.03091314821],
			"inflationql": [1,-0.06093845095,-0.07474972783,-0.07514093881,-0.05360556588,-0.02520893618,-0.01011836338,0.005869515436,-0.0005721822227,0.01284501706,0.01491913682,-0.02207205063,-0.00660823904,-0.0003730016877,0.001627349777,-0.00749913878,-0.004614459265,0.01834811247,0.01251307449,-0.01338024198,-0.006276761447],
			"inflationql2": [1,-0.06109062401,-0.07432464897,-0.07511355841,-0.05353323207,-0.02474580256,-0.009886235298,0.005635863131,5.452746177e-05,0.01252506516,0.0160824695,-0.02215337357,-0.007404237004,-0.0005483314903,0.002891552409,-0.007104164825,-0.004591251343,0.01817846647,0.01195481941,-0.01422877012,-0.006279547587],
			"inflationqls": [1,0.4234262973,-0.1541239277,-0.1429577858,-0.1034825054,-0.0566117432,-0.02119634676,0.0001300330227,0.009319882726,0.02131046895,0.01116145835,-0.0212815054,-0.02201535188,-0.002924138004,0.001411043832,-0.00639516576,0.0006636919541,0.02124646652,0.01147712569,-0.0145781833,-0.01542007998]
		},
		"VAR": {
			"ygap": 7.817180931,
			"pdot": 4.111030427,
			"rff": 8.806607146,
			"rstar": 13.60702617,
			"drff": 11.52242378,
			"pdotsh": 4.941702523,
			"pinf4": 0.8182805024,
			"interest": 8.806607146,
			"inflation": 0.8182805024,
			"inflationq": 4.111030427,
			"outputgap": 7.817180931,
			"output": 7.817180931,
			"inflationql": 4.089919291,
			"inflationql2": 4.065908184,
			"inflationqls": 7.732113853
		},
		"IRF": {
			"interest_": {
				"ygap": [0,-0.8439550114,-0.6165781727,-0.4247732502,-0.2723246506,-0.1723595721,-0.1077554055,-0.06622526851,-0.03954642829,-0.02240984218,-0.01140122499,-0.004327516899,0.0002196305763,0.003144580568,0.005028053491,0.006242944922,0.007028699331,0.007539068567,0.007872779125,0.008093224441,0.008241109802],
				"pdot": [0,-0.2511470435,-0.1755594472,-0.1166682634,-0.07583808406,-0.04937384633,-0.03233484224,-0.0213884982,-0.01435893678,-0.009845343917,-0.00694753104,-0.005087340403,-0.003893488618,-0.003127554812,-0.002636439426,-0.002321832198,-0.002120605193,-0.00199222214,-0.00191065347,-0.001859184714,-0.001827082837],
				"rff": [0,-0.03046714194,0.008156211886,0.0242411582,0.0177569514,0.0125970654,0.009060024327,0.006770463565,0.005299654718,0.004357859483,0.00375621745,0.003373125265,0.003130431901,0.00297793977,0.002883411168,0.002826143905,0.002792844028,0.002774974942,0.002767054977,0.002765564136,0.002768242061],
				"rstar": [0,-4.943960656e-18,-1.112391148e-18,-2.014853994e-17,-1.910814347e-17,-1.043959555e-17,-5.312149867e-18,-1.119273091e-18,4.998574998e-20,-3.525698929e-19,-6.645039687e-19,-5.931413447e-19,5.156528546e-19,1.024699011e-18,8.584746578e-19,3.545800034e-19,1.461903191e-19,-6.068967495e-19,-1.075253831e-20,5.559017901e-19,1.21036605e-19],
				"drff": [0,-0.03046714194,0.03862335382,0.01608494631,-0.006484206798,-0.005159886,-0.003537041071,-0.002289560762,-0.001470808847,-0.0009417952345,-0.000601642033,-0.0003830921849,-0.0002426933641,-0.0001524921316,-9.452860183e-05,-5.726726304e-05,-3.329987692e-05,-1.786908629e-05,-7.919964745e-06,-1.490840776e-06,2.677925228e-06],
				"pdotsh": [0,-1.561251128e-17,-3.9303601e-17,1.089329266e-17,1.619965134e-18,2.44081539e-18,-8.340517371e-18,-6.397968251e-18,8.353134923e-19,-1.783812452e-18,-8.164531313e-19,1.142203421e-18,-3.513490723e-19,1.80130006e-19,-1.262097141e-18,7.507056156e-19,9.998439601e-20,-2.061400034e-19,5.312494499e-20,-1.315375764e-19,5.104406935e-19],
				"pinf4": [0,-0.06278676087,-0.1066766227,-0.1358436885,-0.1548032095,-0.1043599103,-0.06855375901,-0.04473381771,-0.02936403089,-0.01948190529,-0.01313507749,-0.009059788036,-0.006443425995,-0.004763978718,-0.003686205815,-0.002994828764,-0.002551607907,-0.00226777474,-0.002086328251,-0.001970666379,-0.00189728579],
				"interest": [0,-0.03046714194,0.008156211886,0.0242411582,0.0177569514,0.0125970654,0.009060024327,0.006770463565,0.005299654718,0.004357859483,0.00375621745,0.003373125265,0.003130431901,0.00297793977,0.002883411168,0.002826143905,0.002792844028,0.002774974942,0.002767054977,0.002765564136,0.002768242061],