{
	"model": "NK_LWW03",
	"rule": "OW13",
	"data": {
		"AC": {
			"ygap": [1,-0.007759904112,-0.1487959984,-0.005183121015,0.2648392644,0.06256800493,-0.02797861906,0.007807590527,0.08113964406,0.04000388811,0.003899471302,0.008748166719,0.028213645,0.01995569203,0.007454916164,0.006516317498,0.01123227805,0.009463173254,0.005301461131,0.004134985801,0.005022216565],
			"pdot": [1,-0.07660963151,-0.06500252974,-0.05420017514,-0.04525859062,-0.03935089028,-0.03357168769,-0.02819363488,-0.02368991409,-0.02031053313,-0.01732933954,-0.01463182186,-0.01234204054,-0.01051643871,-0.008959133387,-0.007586751303,-0.00641508785,-0.005451581836,-0.004637452552,-0.00393253365,-0.003330272243],
			"rff": [1,0.622139642,0.3261122804,0.1206416219,-0.07438525364,0.02240855802,0.05478881317,0.02626036046,-0.01835194652,0.002064488753,0.01728886478,0.01097962002,-0.001952164002,0.001067740418,0.005969375463,0.0047308967,0.0008967954247,0.0009458423058,0.00228963725,0.002074088102,0.0009228108936],
			"rstar": [1,0.35,0.1225,0.042875,0.01500625,0.0052521875,0.001838265625,0.0006433929688,0.0002251875391,7.881563867e-05,2.758547354e-05,9.654915737e-06,3.379220508e-06,1.182727178e-06,4.139545122e-07,1.448840793e-07,5.070942775e-08,1.774829971e-08,6.211904899e-09,2.174166715e-09,7.609583502e-10],
			"drff": [1,-0.108284707,-0.1198282663,-0.01381963309,-0.3861488524,0.08523460476,0.08059684823,0.02128280189,-0.08604864323,0.006870341302,0.02849415179,0.008763209908,-0.02110791475,-0.00248998153,0.008124845167,0.003434631946,-0.005138337583,-0.001713262633,0.002063386725,0.001238192947,-0.001210137252],
			"pdotsh": [1,0,0,0,0,0,0,0,0,0,0,0,0,0,0,0,0,0,0,0,0],
			"interest": [1,0.622139642,0.3261122804,0.1206416219,-0.07438525364,0.02240855802,0.05478881317,0.02626036046,-0.01835194652,0.002064488753,0.01728886478,0.01097962002,-0.001952164002,0.001067740418,0.005969375463,0.0047308967,0.0008967954247,0.0009458423058,0.00228963725,0.002074088102,0.0009228108936],
			"inflation": [1,0.6704662408,0.3597437937,0.05893040025,-0.2407489575,-0.2040947009,-0.1731840685,-0.1470618411,-0.1248630044,-0.1058864321,-0.08982488564,-0.07624515233,-0.06471992176,-0.05490371941,-0.04657848154,-0.03952960319,-0.0335497431,-0.02846591019,-0.02415140804,-0.02049471243,-0.01739287678],
			"inflationq": [1,-0.07660963151,-0.06500252974,-0.05420017514,-0.04525859062,-0.03935089028,-0.03357168769,-0.02819363488,-0.02368991409,-0.02031053313,-0.01732933954,-0.01463182186,-0.01234204054,-0.01051643871,-0.008959133387,-0.007586751303,-0.00641508785,-0.005451581836,-0.004637452552,-0.00393253365,-0.003330272243],
			"outputgap": [1,-0.007759904112,-0.1487959984,-0.005183121015,0.2648392644,0.06256800493,-0.02797861906,0.007807590527,0.08113964406,0.04000388811,0.003899471302,0.008748166719,0.028213645,0.01995569203,0.007454916164,0.006516317498,0.01123227805,0.009463173254,0.005301461131,0.004134985801,0.005022216565],
			"AUX_ENDO_LEAD_71": [1,0.8236147312,0.675582806,0.578071744,0.5083023652,0.4274466659,0.3549481031,0.301438664,0.2606265552,0.2209706824,0.1852328984,0.1569087405,0.1344311232,0.1142502078,0.09633042471,0.08156869329,0.06954296982,0.05911793066,0.05000814918,0.04236098137,0.03602446985],
			"AUX_ENDO_LEAD_75": [1,0.8310954142,0.6939361183,0.6007453886,0.5145870715,0.4321795323,0.3629745159,0.3105839559,0.2653994896,0.2242127667,0.1890678771,0.1609405956,0.137181684,0.1162231173,0.09826241421,0.08346005932,0.07100762811,0.0602326463,0.05100715109,0.04328676679,0.03678463959],
			"AUX_ENDO_LEAD_79": [1,0.8364305077,0.6955249602,0.5952081378,0.5130171953,0.433288667,0.3633442475,0.3090089931,0.2645529013,0.2243100309,0.1890967867,0.1604460322,0.1368008985,0.1161425212,0.09821480023,0.0832805853,0.07084119349,0.06015817193,0.05096019288,0.04321110985,0.03671021944],
			"AUX_ENDO_LEAD_106": [1,0.5115862374,0.04379434192,0.09191859627,0.3523133975,0.2552330094,0.09329029249,0.07685542991,0.1394423066,0.1197220529,0.06642691467,0.05036694842,0.06221046062,0.05663267577,0.03871468127,0.02969198141,0.03007417781,0.02744227467,0.02096948223,0.01653425199,0.01517950647],
			"AUX_ENDO_LEAD_110": [1,0.3301997058,-0.1055618029,0.2393745927,0.3810974337,0.1989746295,0.04410679536,0.1057162778,0.1527325605,0.1040896516,0.04982378266,0.05453950244,0.06626825802,0.05224056192,0.0329842484,0.02946267757,0.03089155188,0.02605001304,0.01891562112,0.0159210876,0.01514579347],
			"AUX_ENDO_LEAD_114": [1,0.2878086422,0.1414270747,0.2633991606,0.3790615282,0.2029122567,0.1157884727,0.1339142169,0.1601123042,0.1122642163,0.07431715644,0.07031678917,0.07342894683,0.05828805693,0.04273395824,0.03728970196,0.03559682647,0.02978490461,0.02329002484,0.01973788189,0.01784132543],
			"AUX_ENDO_LAG_1_1": [1,-0.07660963151,-0.06500252974,-0.05420017514,-0.04525859062,-0.03935089028,-0.03357168769,-0.02819363488,-0.02368991409,-0.02031053313,-0.01732933954,-0.01463182186,-0.01234204054,-0.01051643871,-0.008959133387,-0.007586751303,-0.00641508785,-0.005451581836,-0.004637452552,-0.00393253365,-0.003330272243],
			"AUX_ENDO_LAG_1_2": [1,-0.07660963151,-0.06500252974,-0.05420017514,-0.04525859062,-0.03935089028,-0.03357168769,-0.02819363488,-0.02368991409,-0.02031053313,-0.01732933954,-0.01463182186,-0.01234204054,-0.01051643871,-0.008959133387,-0.007586751303,-0.00641508785,-0.005451581836,-0.004637452552,-0.00393253365,-0.003330272243],
			"AUX_ENDO_LAG_9_1": [1,-0.007759904112,-0.1487959984,-0.005183121015,0.2648392644,0.06256800493,-0.02797861906,0.007807590527,0.08113964406,0.04000388811,0.003899471302,0.008748166719,0.028213645,0.01995569203,0.007454916164,0.006516317498,0.01123227805,0.009463173254,0.005301461131,0.004134985801,0.005022216565],
			"AUX_ENDO_LAG_9_2": [1,-0.007759904112,-0.1487959984,-0.005183121015,0.2648392644,0.06256800493,-0.02797861906,0.007807590527,0.08113964406,0.04000388811,0.003899471302,0.008748166719,0.028213645,0.01995569203,0.007454916164,0.006516317498,0.01123227805,0.009463173254,0.005301461131,0.004134985801,0.005022216565],
			"AUX_ENDO_LAG_9_3": [1,-0.007759904112,-0.1487959984,-0.005183121015,0.2648392644,0.06256800493,-0.02797861906,0.007807590527,0.08113964406,0.04000388811,0.003899471302,0.008748166719,0.028213645,0.01995569203,0.007454916164,0.006516317498,0.01123227805,0.009463173254,0.005301461131,0.004134985801,0.005022216565],
			"AUX_ENDO_LAG_6_1": [1,0.622139642,0.3261122804,0.1206416219,-0.07438525364,0.02240855802,0.05478881317,0.02626036046,-0.01835194652,0.002064488753,0.01728886478,0.01097962002,-0.001952164002,0.001067740418,0.005969375463,0.0047308967,0.0008967954247,0.0009458423058,0.00228963725,0.002074088102,0.0009228108936],
			"AUX_ENDO_LAG_6_2": [1,0.622139642,0.3261122804,0.1206416219,-0.07438525364,0.02240855802,0.05478881317,0.02626036046,-0.01835194652,0.002064488753,0.01728886478,0.01097962002,-0.001952164002,0.001067740418,0.005969375463,0.0047308967,0.0008967954247,0.0009458423058,0.00228963725,0.002074088102,0.0009228108936],
			"AUX_ENDO_LAG_6_3": [1,0.622139642,0.3261122804,0.1206416219,-0.07438525364,0.02240855802,0.05478881317,0.02626036046,-0.01835194652,0.002064488753,0.01728886478,0.01097962002,-0.001952164002,0.001067740418,0.005969375463,0.0047308967,0.0008967954247,0.0009458423058,0.00228963725,0.002074088102,0.0009228108936],
			"AUX_ENDO_LAG_8_1": [1,-0.07660963151,-0.06500252974,-0.05420017514,-0.04525859062,-0.03935089028,-0.03357168769,-0.02819363488,-0.02368991409,-0.02031053313,-0.01732933954,-0.01463182186,-0.01234204054,-0.01051643871,-0.008959133387,-0.007586751303,-0.00641508785,-0.005451581836,-0.004637452552,-0.00393253365,-0.003330272243],
			"AUX_ENDO_LAG_8_2": [1,-0.07660963151,-0.06500252974,-0.05420017514,-0.04525859062,-0.03935089028,-0.03357168769,-0.02819363488,-0.02368991409,-0.02031053313,-0.01732933954,-0.01463182186,-0.01234204054,-0.01051643871,-0.008959133387,-0.007586751303,-0.00641508785,-0.005451581836,-0.004637452552,-0.00393253365,-0.003330272243],