{
	"model": "NK_LWW03AL",
	"rule": "CMR",
	"data": {
		"AC": {
			"ygap": [1,0.453164243,0.2995922246,0.2342714245,0.2041847547,0.1856008328,0.1779604917,0.1681998813,0.1622758279,0.1766961524,0.1630493551,0.1734072351,0.1651313323,0.1643960243,0.1644282659,0.1665566921,0.1622575434,0.1641895316,0.139619504,0.1541056302,0.157492689],
			"pdot": [1,0.07897701984,0.08042714444,0.05477088348,0.05493609959,0.04729220473,0.05232265791,0.04340791486,0.03823557262,0.05698726074,0.03813003309,0.01828233636,0.03291711724,0.04486250432,0.03318416054,0.04792375081,0.03669435827,0.05251787103,0.03597742217,0.02329307559,0.04032575964],
			"rff": [1,0.4796125986,0.345138642,0.2902567725,0.2437497303,0.2291083308,0.2264736833,0.2084477297,0.2029103348,0.2089431398,0.1901433641,0.1987582557,0.1925543039,0.1879555773,0.1847224504,0.1915037905,0.1860374661,0.2035077548,0.1797936725,0.1907653883,0.1902392738],
			"rstar": [1,0.3512303777,0.1322951886,0.05692847428,0.0193516888,0.00137902123,-0.009946970544,-0.01319615765,-0.01450179537,-0.0003999105096,-0.01245658651,-0.002758981164,-0.006015466559,-0.01459287632,0.002021220897,-0.01017605721,-0.006387630307,0.003061081531,-0.02339971788,-0.004602440389,-0.008938607257],
			"drff": [1,-0.3282119154,-0.06245800382,-0.00816534224,-0.002960555136,0.008607337084,0.01660136416,0.008684825536,0.003148272298,0.03695902391,-0.005691047106,0.0249898831,0.01720148499,0.003139240312,0.02109754163,0.01242785517,0.00338680164,0.04398214917,-0.01723867407,0.03163606537,0.01336059513],
			"pdotsh": [1,-0.008287047862,0.003863007468,-0.01201346055,-0.001074881989,-0.002580945768,0.0003207641037,-0.0008176155573,-0.007649334728,0.002334691746,0.005098773848,-0.02771309089,-0.01195883524,-0.003533002306,0.003990379256,-0.001453615614,-0.002508974363,0.008505566921,-0.006115238979,-0.02501139565,-0.004996982995],
			"pinf4": [1,0.7621448033,0.538424969,0.3306177148,0.1289015185,0.1198686124,0.1153194431,0.107614565,0.09790974436,0.09195359539,0.07867036776,0.06634877703,0.06753321534,0.07284550242,0.07992327209,0.09318035743,0.09214227143,0.0897411755,0.0825117082,0.0796960136,0.08430794761],
			"interest": [1,0.4796125986,0.345138642,0.2902567725,0.2437497303,0.2291083308,0.2264736833,0.2084477297,0.2029103348,0.2089431398,0.1901433641,0.1987582557,0.1925543039,0.1879555773,0.1847224504,0.1915037905,0.1860374661,0.2035077548,0.1797936725,0.1907653883,0.1902392738],
			"inflation": [1,0.7621448033,0.538424969,0.3306177148,0.1289015185,0.1198686124,0.1153194431,0.107614565,0.09790974436,0.09195359539,0.07867036776,0.06634877703,0.06753321534,0.07284550242,0.07992327209,0.09318035743,0.09214227143,0.0897411755,0.0825117082,0.0796960136,0.08430794761],
			"inflationq": [1,0.07897701984,0.08042714444,0.05477088348,0.05493609959,0.04729220473,0.05232265791,0.04340791486,0.03823557262,0.05698726074,0.03813003309,0.01828233636,0.03291711724,0.04486250432,0.03318416054,0.04792375081,0.03669435827,0.05251787103,0.03597742217,0.02329307559,0.04032575964],
			"outputgap": [1,0.453164243,0.2995922246,0.2342714245,0.2041847547,0.1856008328,0.1779604917,0.1681998813,0.1622758279,0.1766961524,0.1630493551,0.1734072351,0.1651313323,0.1643960243,0.1644282659,0.1665566921,0.1622575434,0.1641895316,0.139619504,0.1541056302,0.157492689],
			"output": [1,0.453164243,0.2995922246,0.2342714245,0.2041847547,0.1856008328,0.1779604917,0.1681998813,0.1622758279,0.1766961524,0.1630493551,0.1734072351,0.1651313323,0.1643960243,0.1644282659,0.1665566921,0.1622575434,0.1641895316,0.139619504,0.1541056302,0.157492689],
			"inflationql": [1,0.07402131572,0.0627104754,0.041005133,0.04236943306,0.03742422139,0.04342396881,0.03548489861,0.02780532204,0.04875830714,0.02788782796,0.006327873991,0.02349340223,0.03233999664,0.02889985203,0.03996513987,0.02602482771,0.04588823197,0.02972985417,0.01553337744,0.03008447177],
			"inflationql2": [1,0.07822675671,0.06933404224,0.01914335458,0.03224070266,0.03411761049,0.03810853432,0.03098146617,0.0225886256,0.04078774832,0.02354139692,0.002319058941,0.01526957286,0.02937439167,0.02515649878,0.03329909612,0.01428558704,0.03928943098,0.02195992651,0.01184771474,0.02124212297],
			"inflationqls": [1,0.5468264314,0.09959236029,0.07437621327,0.06184097244,0.06656902144,0.06967480409,0.05926624498,0.05782771915,0.06441844806,0.04500789925,0.0209168196,0.03062923646,0.04658181434,0.0532153149,0.05548766593,0.05429404181,0.05937766907,0.04782894466,0.03567273823,0.04413416465]
		},
		"VAR": {
			"ygap": 93.43706892,
			"pdot": 7.265526332,
			"rff": 0.6071038361,
			"rstar": 13.14413615,
			"drff": 0.5235539089,
			"pdotsh": 4.84659114,
			"pinf4": 2.101914636,
			"interest": 0.6071038361,
			"inflation": 2.101914636,
			"inflationq": 7.265526332,
			"outputgap": 93.43706892,
			"output": 93.43706892,
			"inflationql": 7.057071123,
			"inflationql2": 6.793875862,
			"inflationqls": 14.85059486
		},
		"IRF": {
			"interest_": {
				"ygap": [0,-5.396866408,-3.439413255,-2.16312086,-1.358152602,-0.8541795041,-0.540004307,-0.3445680246,-0.2230309501,-0.147330576,-0.09999970778,-0.0702051737,-0.05124360436,-0.03897283043,-0.03083532101,-0.02525258607,-0.02125053592,-0.01822805106,-0.01581413411,-0.01377977374,-0.01198357368],
				"pdot": [0,-1.374135985,-0.913352591,-0.5968314352,-0.3904586155,-0.2600561214,-0.1783300373,-0.1273368229,-0.09558209394,-0.07580467185,-0.06345717777,-0.0557082604,-0.05080171836,-0.04765084465,-0.04558417631,-0.04418716474,-0.04320398201,-0.04247677596,-0.04190814787,-0.04143799431,-0.04102922026],
				"rff": [0,0.3918530003,0.242489789,0.1488080828,0.09033318148,0.05396721418,0.03138431945,0.01735885163,0.00863284894,0.003183491635,-0.0002416970107,-0.002416901587,-0.003820193934,-0.004746638929,-0.005378309674,-0.005827552462,-0.006163695071,-0.006429525697,-0.006651458113,-0.006845801879,-0.00702263032],
				"rstar": [0,1.8295889e-16,1.035745898e-16,3.383639453e-17,-2.62240601e-17,-6.652086779e-17,-2.938980009e-17,-2.985438586e-18,-8.007251725e-18,3.051153707e-18,2.663617413e-18,3.468371151e-18,3.919026543e-18,-2.842209966e-19,-1.127452468e-18,1.757636158e-19,-1.999753456e-18,-9.184579122e-19,3.597791527e-18,3.731594352e-18,-7.756244289e-20],
				"drff": [0,0.3918530003,-0.1493632113,-0.09368170621,-0.05847490136,-0.0363659673,-0.02258289473,-0.01402546782,-0.00872600269,-0.005449357306,-0.003425188645,-0.002175204576,-0.001403292347,-0.0009264449949,-0.0006316707453,-0.0004492427876,-0.0003361426087,-0.0002658306261,-0.0002219324159,-0.0001943437668,-0.0001768284409],
				"pdotsh": [0,1.739782516e-16,4.639620176e-17,4.134113697e-17,-5.077487732e-17,7.489000504e-18,-1.455560054e-17,8.195116126e-18,9.358636435e-19,-6.600719493e-18,9.389316978e-19,-3.445028365e-18,7.036596673e-19,2.738983546e-18,7.951825117e-20,5.455958239e-18,3.640909268e-18,-7.398890675e-20,2.342195038e-18,-9.948413063e-19,-7.497516173e-18],
				"pinf4": [0,-0.3435339961,-0.5718721439,-0.7210800027,-0.8186946566,-0.5401746908,-0.3564190524,-0.2390453993,-0.1653262689,-0.1192634065,-0.09054519162,-0.07263805099,-0.06144295709,-0.05440450029,-0.04993624993,-0.04705597601,-0.04515654193,-0.04386302476,-0.04294401764,-0.04225672504,-0.0417130346],
				"interest": [0,0.3918530003,0.242489789,0.1488080828,0.09033318148,0.05396721418,0.03138431945,0.01735885163,0.00863284894,0.003183491635,-0.0002416970107,-0.002416901587,-0.003820193934,-0.004746638929,-0.005378309674,-0.005827552462,-0.006163695071,-0.006429525697,-0.006651458113,-0.006845801879,-0.00702263032],
				"inflation": [0,-0.3435339961,-0.5718721439,-0.7210800027,-0.8186946566,-0.5401746908,-0.3564190524,-0.2390453993,-0.1653262689,-0.1192634065,-0.09054519162,-0.07263805099,-0.06144295709,-0.05440450029,-0.04993624993,-0.04705597601,-0.04515654193,-0.04386302476,-0.04294401764,-0.04225672504,-0.0417130346],