{
	"model": "NK_LWW03AL",
	"rule": "GR",
	"data": {
		"AC": {
			"ygap": [1,0.265260946,0.05356973608,0.002653609796,-0.007302060801,-0.01172180717,-0.01719162107,-0.01581914705,-0.01910384189,-0.003487530744,-0.008159502522,-0.004521549585,0.002381396281,-0.001739040352,0.02067186994,0.004886903169,0.007129833375,0.00625205552,-0.02518867749,-0.005420234642,-0.01770288907],
			"pdot": [1,-0.1092525643,-0.04862338509,-0.008655605538,0.006108528674,0.02014768728,0.01373511929,0.0172648797,0.01078381066,0.02655887891,0.01891437775,-0.01606524669,0.002201255081,0.0170720033,0.01983789575,0.008726829587,0.003163069364,0.02427527156,0.008612467138,-0.009960706169,0.006535145516],
			"rff": [1,0.7880957461,0.5485308864,0.3537887018,0.196904479,0.1180130072,0.08160031651,0.06237817396,0.04992484672,0.04330406074,0.03422912767,0.02898368111,0.02302824156,0.01859474806,0.02179729341,0.0214495338,0.02340107131,0.02502200838,0.02171174363,0.02627775081,0.03150318403],
			"rstar": [1,0.3556869013,0.1319511298,0.05497657643,0.01995263527,-0.0008350782641,-0.01560598672,-0.01990311279,-0.02355633733,-0.007899259991,-0.01683013469,-0.007682462492,-0.008870473169,-0.01755317759,-0.003799514393,-0.01659758267,-0.01165386064,-0.004978640771,-0.02920301328,-0.01214927735,-0.01749930221],
			"drff": [1,0.07004226469,-0.09794384422,-0.08438608521,-0.1844444726,-0.1029947026,-0.04318307226,-0.0174369126,-0.01440912396,0.003134982637,-0.01197776304,-1.880334847e-05,-0.00482212029,-0.01816493959,0.005692107055,-0.004775784024,0.001720699681,0.0146132248,-0.01651201302,-0.003896952003,-0.009393608625],
			"pdotsh": [1,-0.008340388634,0.003237756073,-0.01102423689,-0.001678647706,-0.003479517169,0.000393487236,-0.00248304219,-0.006676543326,-0.000443495395,0.005469711956,-0.02905269385,-0.01322538477,-0.003196117181,0.005232476106,0.002811602909,-0.002691180451,0.00473477666,-0.007012215928,-0.02333613266,-0.005571225131],
			"pinf4": [1,0.6715322468,0.4227242639,0.1958210357,-0.05632350872,0.02356044884,0.06087846715,0.07862020588,0.07531494251,0.0644087138,0.04793336806,0.03040629483,0.03197215515,0.03826589951,0.05089220653,0.05899985809,0.05332879038,0.04945093309,0.03646207283,0.03232105013,0.0416844706],
			"interest": [1,0.7880957461,0.5485308864,0.3537887018,0.196904479,0.1180130072,0.08160031651,0.06237817396,0.04992484672,0.04330406074,0.03422912767,0.02898368111,0.02302824156,0.01859474806,0.02179729341,0.0214495338,0.02340107131,0.02502200838,0.02171174363,0.02627775081,0.03150318403],
			"inflation": [1,0.6715322468,0.4227242639,0.1958210357,-0.05632350872,0.02356044884,0.06087846715,0.07862020588,0.07531494251,0.0644087138,0.04793336806,0.03040629483,0.03197215515,0.03826589951,0.05089220653,0.05899985809,0.05332879038,0.04945093309,0.03646207283,0.03232105013,0.0416844706],
			"inflationq": [1,-0.1092525643,-0.04862338509,-0.008655605538,0.006108528674,0.02014768728,0.01373511929,0.0172648797,0.01078381066,0.02655887891,0.01891437775,-0.01606524669,0.002201255081,0.0170720033,0.01983789575,0.008726829587,0.003163069364,0.02427527156,0.008612467138,-0.009960706169,0.006535145516],
			"outputgap": [1,0.265260946,0.05356973608,0.002653609796,-0.007302060801,-0.01172180717,-0.01719162107,-0.01581914705,-0.01910384189,-0.003487530744,-0.008159502522,-0.004521549585,0.002381396281,-0.001739040352,0.02067186994,0.004886903169,0.007129833375,0.00625205552,-0.02518867749,-0.005420234642,-0.01770288907],
			"output": [1,0.265260946,0.05356973608,0.002653609796,-0.007302060801,-0.01172180717,-0.01719162107,-0.01581914705,-0.01910384189,-0.003487530744,-0.008159502522,-0.004521549585,0.002381396281,-0.001739040352,0.02067186994,0.004886903169,0.007129833375,0.00625205552,-0.02518867749,-0.005420234642,-0.01770288907],
			"inflationql": [1,-0.1097101402,-0.04868265119,-0.009135063024,0.006408786447,0.01933416566,0.01364695697,0.01721634297,0.01098222482,0.02686997807,0.02012079529,-0.0158807215,0.00256206729,0.01699479688,0.01981040252,0.009141704073,0.003878631209,0.02491467024,0.008882369959,-0.009740029654,0.006721213127],
			"inflationql2": [1,-0.1093452062,-0.04812330865,-0.008954679518,0.005176827825,0.01946655842,0.0134733109,0.01825518391,0.01176887504,0.02718806374,0.02110226141,-0.01615066524,0.00337376519,0.01658125271,0.0208283782,0.009574701441,0.003607662347,0.0254962268,0.008772037233,-0.009702438323,0.007054373212],
			"inflationqls": [1,0.4073944683,-0.1267106457,-0.03743700582,0.009951620036,0.03061653423,0.03503541539,0.03391341655,0.03769881924,0.04703531417,0.02787799097,-0.006767571354,0.001595486187,0.03083836353,0.03689861304,0.02238033139,0.02202364407,0.03583581597,0.01882288474,-0.003171360082,0.007989274287]
		},
		"VAR": {
			"ygap": 37.67537544,
			"pdot": 3.553725782,
			"rff": 1.164260679,
			"rstar": 13.62144785,
			"drff": 0.4640035047,
			"pdotsh": 4.953715103,
			"pinf4": 0.7012764267,
			"interest": 1.164260679,
			"inflation": 0.7012764267,
			"inflationq": 3.553725782,
			"outputgap": 37.67537544,
			"output": 37.67537544,
			"inflationql": 3.545856262,
			"inflationql2": 3.532841621,
			"inflationqls": 6.331028648
		},
		"IRF": {
			"interest_": {
				"ygap": [0,-2.151288965,-0.8164548245,-0.2129655159,0.01475967184,0.04881611486,0.04208586124,0.03503818449,0.03229364955,0.03155639617,0.03131244661,0.03109147125,0.03083284549,0.03055714265,0.03028020366,0.03000720806,0.02973887228,0.02947494618,0.02921519503,0.02895949249,0.02870776177],
				"pdot": [0,-0.3032502685,-0.115853357,-0.03441926453,-0.01061333406,-0.008712713028,-0.01014571048,-0.01097671364,-0.01116382129,-0.01111734583,-0.01102954409,-0.01094755985,-0.01087325211,-0.01080257992,-0.01073345838,-0.01066532744,-0.01059813276,-0.01053189682,-0.01046662539,-0.01040230868,-0.01033893157],
				"rff": [0,0.7443283113,0.3430170321,0.1307861501,0.01105758532,-0.01599595413,-0.0170366399,-0.01453314445,-0.01323772036,-0.01285139214,-0.0127659514,-0.01272601416,-0.01267656719,-0.01261850398,-0.01255796313,-0.01249769633,-0.01243833645,-0.01237988311,-0.01232226191,-0.01226543003,-0.01220936717],
				"rstar": [0,0,-4.525296852e-18,-2.539152739e-17,-1.347044598e-17,-4.870830286e-18,9.631933322e-19,-2.935188397e-18,-3.739155051e-18,-3.686567217e-19,-3.018010841e-18,1.16289777e-18,2.604002635e-18,-1.19569841e-18,-4.603083958e-19,-5.353789996e-20,2.867940384e-18,-1.185249706e-18,3.244830973e-18,5.260317831e-18,-1.688293375e-18],
				"drff": [0,0.7443283113,-0.4013112792,-0.212230882,-0.1197285648,-0.02705353945,-0.001040685772,0.002503495453,0.001295424092,0.0003863282195,8.544074084e-05,3.993724335e-05,4.944696806e-05,5.806320659e-05,6.054084684e-05,6.026680329e-05,5.93598774e-05,5.845334275e-05,5.762120037e-05,5.683187808e-05,5.606285981e-05],
				"pdotsh": [0,1.387778781e-17,-1.813016442e-17,1.23907792e-17,2.665958942e-18,1.403722604e-18,-2.75327534e-18,-1.372369398e-18,1.218997613e-18,6.010798629e-18,3.267851876e-18,1.527744129e-19,3.597161621e-19,1.946913193e-18,1.758567947e-18,-4.351479321e-19,6.631343807e-19,-3.126052752e-18,-1.762821267e-18,1.826850314e-18,-5.638301914e-19],
				"pinf4": [0,-0.07581256712,-0.1047759064,-0.1133807225,-0.116034056,-0.04239966716,-0.01597275552,-0.0101121178,-0.01024973961,-0.01085089781,-0.01107185621,-0.01106456776,-0.01099192547,-0.01091323399,-0.01083921256,-0.01076865446,-0.01069987462,-0.01063220385,-0.0105654956,-0.01049974091,-0.01043494061],
				"interest": [0,0.7443283113,0.3430170321,0.1307861501,0.01105758532,-0.01599595413,-0.0170366399,-0.01453314445,-0.01323772036,-0.01285139214,-0.0127659514,-0.01272601416,-0.01267656719,-0.01261850398,-0.01255796313,-0.01249769633,-0.01243833645,-0.01237988311,-0.01232226191,-0.01226543003,-0.01220936717],