{
	"model": "NK_LWW03AL",
	"rule": "CMR",
	"data": {
		"AC": {
			"ygap": [1,0.4500663396,0.3016801318,0.2345867012,0.2049266402,0.1871474585,0.1771309194,0.1691064748,0.1617179301,0.1800186839,0.1619325359,0.173856921,0.165697998,0.1645232695,0.1646932185,0.1650751357,0.1618312965,0.1644758839,0.1411974101,0.1518383057,0.1593492623],
			"pdot": [1,0.07761085747,0.08142667587,0.05317130487,0.05479178642,0.04871058703,0.04900223236,0.04752170986,0.03510634113,0.06003654206,0.03489557249,0.02020709425,0.0333542971,0.04326461442,0.03555573195,0.04553394208,0.03848679423,0.05082077839,0.03978210231,0.01912191669,0.04412731721],
			"rff": [1,0.4752816462,0.3460850239,0.2884274602,0.2432361403,0.230246076,0.2217936674,0.210706969,0.1998739831,0.2128802206,0.1870863059,0.199781234,0.1925284659,0.1860582384,0.185172258,0.186768188,0.1853956919,0.2021287782,0.1830237489,0.1869927401,0.1927162095],
			"rstar": [1,0.3515704924,0.1328517834,0.05696548266,0.02002737398,0.002457361662,-0.009685523734,-0.01348666329,-0.01357200243,0.001649293915,-0.01096348118,-0.003179813606,-0.00597013832,-0.01338573657,0.002255569471,-0.0101870376,-0.006530957211,0.003671298884,-0.02311779805,-0.004495218116,-0.008673983393],
			"drff": [1,-0.3286127007,-0.06027968445,-0.01068011447,-0.001623872527,0.009614640529,0.01273390211,0.0122153876,-0.0003955027111,0.04118798133,-0.00910425307,0.02610535689,0.01802183994,0.001297871564,0.02418708427,0.009896884013,0.004350646232,0.04243733701,-0.01358428739,0.02708131361,0.01750065812],
			"pdotsh": [1,-0.007392450706,0.001904357133,-0.01403627098,-0.001397660771,-0.002424964901,0.002036411086,0.000191894128,-0.00946449696,0.0008656172736,0.004514249153,-0.02779006111,-0.01230806364,-0.003184846503,0.003716285249,-0.001150951867,-0.003316140415,0.009188744725,-0.005090461194,-0.02582802843,-0.003333182708],
			"pinf4": [1,0.7576850242,0.537212015,0.3298511233,0.128671721,0.1198686707,0.1133635065,0.1069003826,0.09542452893,0.09172770853,0.07790545901,0.0664613974,0.0683762746,0.07232014999,0.07867780776,0.09153480489,0.09064168295,0.08924865766,0.08312570514,0.0793362081,0.08709776439],
			"interest": [1,0.4752816462,0.3460850239,0.2884274602,0.2432361403,0.230246076,0.2217936674,0.210706969,0.1998739831,0.2128802206,0.1870863059,0.199781234,0.1925284659,0.1860582384,0.185172258,0.186768188,0.1853956919,0.2021287782,0.1830237489,0.1869927401,0.1927162095],
			"inflation": [1,0.7576850242,0.537212015,0.3298511233,0.128671721,0.1198686707,0.1133635065,0.1069003826,0.09542452893,0.09172770853,0.07790545901,0.0664613974,0.0683762746,0.07232014999,0.07867780776,0.09153480489,0.09064168295,0.08924865766,0.08312570514,0.0793362081,0.08709776439],
			"inflationq": [1,0.07761085747,0.08142667587,0.05317130487,0.05479178642,0.04871058703,0.04900223236,0.04752170986,0.03510634113,0.06003654206,0.03489557249,0.02020709425,0.0333542971,0.04326461442,0.03555573195,0.04553394208,0.03848679423,0.05082077839,0.03978210231,0.01912191669,0.04412731721],
			"outputgap": [1,0.4500663396,0.3016801318,0.2345867012,0.2049266402,0.1871474585,0.1771309194,0.1691064748,0.1617179301,0.1800186839,0.1619325359,0.173856921,0.165697998,0.1645232695,0.1646932185,0.1650751357,0.1618312965,0.1644758839,0.1411974101,0.1518383057,0.1593492623],
			"output": [1,0.4500663396,0.3016801318,0.2345867012,0.2049266402,0.1871474585,0.1771309194,0.1691064748,0.1617179301,0.1800186839,0.1619325359,0.173856921,0.165697998,0.1645232695,0.1646932185,0.1650751357,0.1618312965,0.1644758839,0.1411974101,0.1518383057,0.1593492623],
			"inflationql": [1,0.07239248416,0.06336693627,0.03960679873,0.04355072989,0.03737003032,0.04217876716,0.03645160831,0.02486985476,0.04932530923,0.02646746786,0.006949166005,0.02495874812,0.03025367155,0.02924589038,0.03871705305,0.02545800201,0.04407880003,0.03165999378,0.01139851852,0.03349361357],
			"inflationql2": [1,0.07589756506,0.07070601264,0.01771024056,0.03386867157,0.03328188007,0.03735970655,0.03088183968,0.02130977185,0.04078476525,0.02348583384,0.002947843553,0.01692762398,0.02730674213,0.02534518314,0.03217504735,0.01415468956,0.03778156949,0.02336123123,0.009235690991,0.02478881721],
			"inflationqls": [1,0.5436056885,0.09816470811,0.07542275594,0.06225525225,0.06731590323,0.06925892871,0.05750982823,0.05457700903,0.06198615305,0.04495645274,0.02156184593,0.03219785436,0.04544283304,0.05093768521,0.05395872005,0.05188055072,0.05862025852,0.04707508911,0.03479296483,0.04471425634]
		},
		"VAR": {
			"ygap": 93.67169315,
			"pdot": 7.384769972,
			"rff": 0.6165694319,
			"rstar": 13.11180165,
			"drff": 0.5492597308,
			"pdotsh": 4.833376376,
			"pinf4": 2.099985892,
			"interest": 0.6165694319,
			"inflation": 2.099985892,
			"inflationq": 7.384769972,
			"outputgap": 93.67169315,
			"output": 93.67169315,
			"inflationql": 7.096402336,
			"inflationql2": 6.808614882,
			"inflationqls": 14.83206998
		},
		"IRF": {
			"interest_": {
				"ygap": [0,-5.396866408,-3.439413255,-2.16312086,-1.358152602,-0.8541795041,-0.540004307,-0.3445680246,-0.2230309501,-0.147330576,-0.09999970778,-0.0702051737,-0.05124360436,-0.03897283043,-0.03083532101,-0.02525258607,-0.02125053592,-0.01822805106,-0.01581413411,-0.01377977374,-0.01198357368],
				"pdot": [0,-1.374135985,-0.913352591,-0.5968314352,-0.3904586155,-0.2600561214,-0.1783300373,-0.1273368229,-0.09558209394,-0.07580467185,-0.06345717777,-0.0557082604,-0.05080171836,-0.04765084465,-0.04558417631,-0.04418716474,-0.04320398201,-0.04247677596,-0.04190814787,-0.04143799431,-0.04102922026],
				"rff": [0,0.3918530003,0.242489789,0.1488080828,0.09033318148,0.05396721418,0.03138431945,0.01735885163,0.00863284894,0.003183491635,-0.0002416970107,-0.002416901587,-0.003820193934,-0.004746638929,-0.005378309674,-0.005827552462,-0.006163695071,-0.006429525697,-0.006651458113,-0.006845801879,-0.00702263032],
				"rstar": [0,0,-1.825122474e-16,-5.883954325e-17,1.330117427e-18,3.858411181e-18,1.015269055e-17,-1.202465647e-17,1.389272205e-18,-9.014369737e-19,2.207503323e-18,2.79339945e-18,3.19002137e-18,1.21934297e-18,8.222613605e-19,1.159102851e-18,4.515577859e-18,1.78991611e-18,6.239705231e-19,2.221171061e-19,-6.069181766e-20],
				"drff": [0,0.3918530003,-0.1493632113,-0.09368170621,-0.05847490136,-0.0363659673,-0.02258289473,-0.01402546782,-0.00872600269,-0.005449357306,-0.003425188645,-0.002175204576,-0.001403292347,-0.0009264449949,-0.0006316707453,-0.0004492427876,-0.0003361426087,-0.0002658306261,-0.0002219324159,-0.0001943437668,-0.0001768284409],
				"pdotsh": [0,-1.110223025e-16,-1.274928941e-16,-1.26794454e-16,-1.628595228e-17,-1.247197575e-17,8.195233195e-18,7.518736111e-18,-4.329905747e-18,1.900554973e-18,-4.487872051e-18,-5.178655227e-18,-1.131391691e-18,7.549877119e-22,8.608315393e-18,-1.958370817e-18,9.167589017e-19,1.441010743e-18,-8.059220667e-18,-1.212880966e-18,-2.796132309e-18],
				"pinf4": [0,-0.3435339961,-0.5718721439,-0.7210800027,-0.8186946566,-0.5401746908,-0.3564190524,-0.2390453993,-0.1653262689,-0.1192634065,-0.09054519162,-0.07263805099,-0.06144295709,-0.05440450029,-0.04993624993,-0.04705597601,-0.04515654193,-0.04386302476,-0.04294401764,-0.04225672504,-0.0417130346],
				"interest": [0,0.3918530003,0.242489789,0.1488080828,0.09033318148,0.05396721418,0.03138431945,0.01735885163,0.00863284894,0.003183491635,-0.0002416970107,-0.002416901587,-0.003820193934,-0.004746638929,-0.005378309674,-0.005827552462,-0.006163695071,-0.006429525697,-0.006651458113,-0.006845801879,-0.00702263032],
				"inflation": [0,-0.3435339961,-0.5718721439,-0.7210800027,-0.8186946566,-0.5401746908,-0.3564190524,-0.2390453993,-0.1653262689,-0.1192634065,-0.09054519162,-0.07263805099,-0.06144295709,-0.05440450029,-0.04993624993,-0.04705597601,-0.04515654193,-0.04386302476,-0.04294401764,-0.04225672504,-0.0417130346],