{
	"model": "NK_LWW03AL",
	"rule": "SW",
	"data": {
		"AC": {
			"ygap": [1,0.4733065075,0.2946431527,0.1962110282,0.1440964631,0.09808503649,0.06235895,0.04111221106,0.02794409392,0.03516277502,0.02937508937,0.02444219993,0.03156024643,0.01805725902,0.03768124065,0.01286412228,0.01072681482,0.009848226342,-0.01990609491,-0.01350106256,-0.0184867649],
			"pdot": [1,0.06161822017,0.0453535059,-0.001812242137,-0.01180686038,-0.02468193403,-0.02438732756,-0.02871319512,-0.02071690648,-0.007130620811,0.01662645319,-0.01786185571,0.01308319846,0.01719409629,0.02597968336,0.01077771997,0.01445058547,0.01976071358,0.01674819493,-0.01128591981,0.01237605329],
			"rff": [1,0.3596966911,0.1712175566,0.07928736082,0.04142552354,0.007933532276,-0.01259365253,-0.020972491,-0.01993302477,0.0005440118441,-0.0002482799439,-0.001761294617,0.01055876243,-0.003235124157,0.02298960674,-0.001145091041,0.00411809345,0.0133969986,-0.01819579832,-0.005073224297,-0.004410164887],
			"rstar": [1,0.3558408835,0.1320358687,0.05671234779,0.02113062134,-0.001180255837,-0.01530451414,-0.01922097383,-0.02253664325,-0.008211738413,-0.01747644477,-0.009350699047,-0.008730684999,-0.01751212371,-0.003831778505,-0.01493438538,-0.01066483101,-0.005616045253,-0.03010140684,-0.01262781383,-0.01767174554],
			"drff": [1,-0.3512369232,-0.07211422413,-0.03983339011,-0.006572418178,-0.008038154198,-0.01288561749,-0.00773499046,-0.0157348592,0.01800917831,-0.001243216178,-0.009672198292,0.02239889275,-0.03366576909,0.0390219007,-0.02289615534,-0.002269188815,0.03213013792,-0.03474964798,0.009761760117,0.0003687277833],
			"pdotsh": [1,-0.009153846226,0.001875663223,-0.0111618961,-0.001208772345,-0.0033741719,0.0005430225643,-0.00367994328,-0.007468185897,0.001080774028,0.004588760477,-0.02803390161,-0.01290570918,-0.006325939137,0.005223791035,0.00283131776,-0.001667464948,0.004795887989,-0.006001801798,-0.02104539303,-0.006148951315],
			"pinf4": [1,0.7567132782,0.4999570014,0.2367826981,-0.02061397728,-0.03850087048,-0.04462305386,-0.03439131148,-0.02497415412,-0.01268490597,0.001231828591,0.007526551093,0.0220029176,0.03281698823,0.04067894723,0.04527901318,0.03950520305,0.03369475214,0.02283524754,0.01839835713,0.02095888412],
			"interest": [1,0.3596966911,0.1712175566,0.07928736082,0.04142552354,0.007933532276,-0.01259365253,-0.020972491,-0.01993302477,0.0005440118441,-0.0002482799439,-0.001761294617,0.01055876243,-0.003235124157,0.02298960674,-0.001145091041,0.00411809345,0.0133969986,-0.01819579832,-0.005073224297,-0.004410164887],
			"inflation": [1,0.7567132782,0.4999570014,0.2367826981,-0.02061397728,-0.03850087048,-0.04462305386,-0.03439131148,-0.02497415412,-0.01268490597,0.001231828591,0.007526551093,0.0220029176,0.03281698823,0.04067894723,0.04527901318,0.03950520305,0.03369475214,0.02283524754,0.01839835713,0.02095888412],
			"inflationq": [1,0.06161822017,0.0453535059,-0.001812242137,-0.01180686038,-0.02468193403,-0.02438732756,-0.02871319512,-0.02071690648,-0.007130620811,0.01662645319,-0.01786185571,0.01308319846,0.01719409629,0.02597968336,0.01077771997,0.01445058547,0.01976071358,0.01674819493,-0.01128591981,0.01237605329],
			"outputgap": [1,0.4733065075,0.2946431527,0.1962110282,0.1440964631,0.09808503649,0.06235895,0.04111221106,0.02794409392,0.03516277502,0.02937508937,0.02444219993,0.03156024643,0.01805725902,0.03768124065,0.01286412228,0.01072681482,0.009848226342,-0.01990609491,-0.01350106256,-0.0184867649],
			"output": [1,0.4733065075,0.2946431527,0.1962110282,0.1440964631,0.09808503649,0.06235895,0.04111221106,0.02794409392,0.03516277502,0.02937508937,0.02444219993,0.03156024643,0.01805725902,0.03768124065,0.01286412228,0.01072681482,0.009848226342,-0.01990609491,-0.01350106256,-0.0184867649],
			"inflationql": [1,0.06145829792,0.04548215613,-0.002170541104,-0.01444515659,-0.02731175222,-0.02856526707,-0.02925795283,-0.02080104292,-0.005105554216,0.0183345385,-0.01609118299,0.01489491555,0.02161036443,0.02716171718,0.01177038654,0.01465257933,0.01982380952,0.01535869167,-0.01265377446,0.01132039374],
			"inflationql2": [1,0.06315617516,0.04686510136,-0.001529694378,-0.01432467905,-0.0293822047,-0.02837561091,-0.03127749544,-0.02036558904,-0.005396432803,0.02046292603,-0.0141167968,0.01532181804,0.02343651319,0.02746224444,0.01120357588,0.01698267895,0.02095860536,0.0158501393,-0.01379924413,0.01118156689],
			"inflationqls": [1,0.5322034683,0.04736682497,0.006838121825,-0.019778757,-0.03119559225,-0.03657877506,-0.03377546182,-0.02209521826,0.002481341528,0.009643199315,-0.005230354491,0.007773022596,0.03367897032,0.03488746669,0.02445866642,0.0244413562,0.0304548478,0.01550972932,-0.001096440668,0.005621482322]
		},
		"VAR": {
			"ygap": 11.54270992,
			"pdot": 5.239287046,
			"rff": 10.64132443,
			"rstar": 13.58261134,
			"drff": 13.26435712,
			"pdotsh": 4.914519308,
			"pinf4": 1.602612308,
			"interest": 10.64132443,
			"inflation": 1.602612308,
			"inflationq": 5.239287046,
			"outputgap": 11.54270992,
			"output": 11.54270992,
			"inflationql": 5.137501953,
			"inflationql2": 5.059083638,
			"inflationqls": 11.38327783
		},
		"IRF": {
			"interest_": {
				"ygap": [0,-1.081659433,-0.8457777125,-0.6641163651,-0.5208708066,-0.4080244588,-0.3191231495,-0.2490842219,-0.1939039637,-0.1504285553,-0.1161736264,-0.08918213276,-0.06791241335,-0.0511500163,-0.0379382446,-0.02752344666,-0.01931192046,-0.01283596554,-0.007727140813,-0.003695198312,-0.000511488214],
				"pdot": [0,-0.4718299882,-0.3721796638,-0.2928991563,-0.2304150755,-0.1811895787,-0.1424088782,-0.1118563746,-0.08778584394,-0.06882164487,-0.05388008069,-0.04210744345,-0.03283120456,-0.02552156349,-0.01976115679,-0.01522119577,-0.01164266854,-0.00882153149,-0.006597043604,-0.004842576597,-0.003458375352],
				"rff": [0,-0.2275642309,-0.1733221146,-0.1351998279,-0.1050190167,-0.08124411285,-0.06251198614,-0.0477510418,-0.03611757669,-0.02694727016,-0.01971699282,-0.01401476523,-0.009516120434,-0.005965501102,-0.003161616088,-0.0009459119143,0.0008065045975,0.00219401443,0.00329411571,0.004167857276,0.004863330653],
				"rstar": [0,0,1.159465089e-17,-6.177782501e-18,3.521975226e-17,-2.279485988e-17,1.316781745e-17,4.608059492e-18,-1.027606205e-17,1.742171973e-18,-8.273704369e-18,-1.731435215e-18,6.505907091e-18,1.7147615e-18,-5.745896773e-19,-1.651784327e-18,-2.203450029e-18,-1.911735034e-18,8.885949939e-20,-1.358013723e-18,-7.214987696e-19],
				"drff": [0,-0.2275642309,0.05424211636,0.03812228666,0.03018081123,0.02377490383,0.01873212671,0.01476094434,0.01163346511,0.009170306532,0.007230277339,0.005702227591,0.004498644795,0.003550619332,0.002803885014,0.002215704174,0.001752416512,0.001387509832,0.00110010128,0.0008737415663,0.0006954733765],
				"pdotsh": [0,4.163336342e-17,4.762864838e-17,-2.749126434e-17,-2.185587648e-17,5.243247868e-17,-2.19989958e-17,1.534735428e-22,-4.33822988e-19,-8.758944767e-18,-7.916723121e-18,-5.571304849e-18,-3.955624063e-18,7.450634259e-19,5.678814198e-18,-3.923453833e-19,2.578570863e-23,1.072032999e-18,-5.554731358e-19,-2.507945936e-19,-2.348129236e-23],
				"pinf4": [0,-0.1179574971,-0.211002413,-0.2842272021,-0.341830971,-0.2691708686,-0.2117281722,-0.1664674767,-0.1308101689,-0.1027181854,-0.08058598603,-0.06314875324,-0.04941009339,-0.03858507305,-0.03005534207,-0.02333378015,-0.01803664615,-0.01386163815,-0.01057060985,-0.007975955059,-0.005929881761],
				"interest": [0,-0.2275642309,-0.1733221146,-0.1351998279,-0.1050190167,-0.08124411285,-0.06251198614,-0.0477510418,-0.03611757669,-0.02694727016,-0.01971699282,-0.01401476523,-0.009516120434,-0.005965501102,-0.003161616088,-0.0009459119143,0.0008065045975,0.00219401443,0.00329411571,0.004167857276,0.004863330653],