{
	"model": "NK_LWW03AL",
	"rule": "LWW",
	"data": {
		"AC": {
			"ygap": [1,0.4782366434,0.2559095884,0.1348562259,0.06744937421,0.02631447057,0.009376596955,-0.003475436137,-0.01110724965,-0.003606571484,-0.008503214145,-0.006396290506,-0.002542654488,-0.005129323839,0.003701802955,-0.008728609552,-0.009805974027,-0.007112144661,-0.02748934739,-0.02283919883,-0.03091314818],
			"pdot": [1,-0.0601138638,-0.07459822446,-0.07539788861,-0.05421257949,-0.02519199941,-0.008313144024,0.006388987226,-0.001406793194,0.01192698775,0.01398442015,-0.02192792295,-0.006536590238,0.0006555284105,0.001478858509,-0.008042892265,-0.00519954191,0.01863530816,0.01412417124,-0.01230961681,-0.007138347212],
			"rff": [1,0.3431430656,0.1251331502,0.04583180149,0.01247731228,-0.008595808648,-0.01098807741,-0.01715476418,-0.02000707688,-0.006752899667,-0.01181854916,-0.008276955332,-0.005064741405,-0.01121266914,-0.0005941688739,-0.01499824733,-0.01317422982,-0.003576994921,-0.02420583569,-0.01264784911,-0.01589394184],
			"rstar": [1,0.3555947875,0.132233238,0.05518335345,0.0193310961,-0.001554704597,-0.01520294292,-0.0187692659,-0.02288687943,-0.007935253066,-0.0170267194,-0.008132080981,-0.009165807006,-0.01713769626,-0.00335693293,-0.01628807836,-0.01176268685,-0.004754252077,-0.02888812081,-0.01255587554,-0.01894284792],
			"drff": [1,-0.3322087461,-0.106042919,-0.0336071128,-0.01137227342,-0.01391268999,0.001629869926,-0.003222897988,-0.01310000691,0.01492950222,-0.006903598411,0.000403990869,0.00915340563,-0.01402144345,0.01947344842,-0.01283575008,-0.005380746025,0.02355767862,-0.02533337384,0.01194234336,0.0006071306543],
			"pdotsh": [1,-0.008109878699,0.005371920664,-0.01062189765,-0.002124016128,-0.003561128935,0.0009951608957,-0.002114126382,-0.007217441569,-0.0003108566051,0.005727612121,-0.0289429929,-0.01326285335,-0.002180784417,0.005458064359,0.001541437074,-0.00358796207,0.00560684859,-0.005930879055,-0.02282202918,-0.005239214652],
			"pinf4": [1,0.6644176145,0.3438980706,0.04478667391,-0.2281303686,-0.1515972106,-0.07880871071,-0.01933066286,0.004463960236,0.01041643471,0.001871132952,-0.01687745941,-0.01981145795,-0.01947494431,-0.01163451476,0.002378281535,0.008176967679,0.01316381164,0.006472420786,-0.004642743945,-0.006445832355],
			"interest": [1,0.3431430656,0.1251331502,0.04583180149,0.01247731228,-0.008595808648,-0.01098807741,-0.01715476418,-0.02000707688,-0.006752899667,-0.01181854916,-0.008276955332,-0.005064741405,-0.01121266914,-0.0005941688739,-0.01499824733,-0.01317422982,-0.003576994921,-0.02420583569,-0.01264784911,-0.01589394184],
			"inflation": [1,0.6644176145,0.3438980706,0.04478667391,-0.2281303686,-0.1515972106,-0.07880871071,-0.01933066286,0.004463960236,0.01041643471,0.001871132952,-0.01687745941,-0.01981145795,-0.01947494431,-0.01163451476,0.002378281535,0.008176967679,0.01316381164,0.006472420786,-0.004642743945,-0.006445832355],
			"inflationq": [1,-0.0601138638,-0.07459822446,-0.07539788861,-0.05421257949,-0.02519199941,-0.008313144024,0.006388987226,-0.001406793194,0.01192698775,0.01398442015,-0.02192792295,-0.006536590238,0.0006555284105,0.001478858509,-0.008042892265,-0.00519954191,0.01863530816,0.01412417124,-0.01230961681,-0.007138347212],
			"outputgap": [1,0.4782366434,0.2559095884,0.1348562259,0.06744937421,0.02631447057,0.009376596955,-0.003475436137,-0.01110724965,-0.003606571484,-0.008503214145,-0.006396290506,-0.002542654488,-0.005129323839,0.003701802955,-0.008728609552,-0.009805974027,-0.007112144661,-0.02748934739,-0.02283919883,-0.03091314818],
			"output": [1,0.4782366434,0.2559095884,0.1348562259,0.06744937421,0.02631447057,0.009376596955,-0.003475436137,-0.01110724965,-0.003606571484,-0.008503214145,-0.006396290506,-0.002542654488,-0.005129323839,0.003701802955,-0.008728609552,-0.009805974027,-0.007112144661,-0.02748934739,-0.02283919883,-0.03091314818],
			"inflationql": [1,-0.06093845098,-0.07474972783,-0.07514093879,-0.05360556585,-0.02520893615,-0.01011836337,0.005869515419,-0.0005721822553,0.01284501703,0.01491913681,-0.02207205061,-0.006608238997,-0.0003730016479,0.001627349788,-0.007499138798,-0.0046144593,0.01834811244,0.01251307448,-0.01338024197,-0.006276761417],
			"inflationql2": [1,-0.06109062403,-0.07432464896,-0.07511355839,-0.05353323204,-0.02474580255,-0.009886235288,0.00563586311,5.45274331e-05,0.01252506514,0.0160824695,-0.02215337355,-0.007404236959,-0.000548331454,0.002891552415,-0.007104164845,-0.004591251374,0.01817846644,0.0119548194,-0.01422877011,-0.006279547557],
			"inflationqls": [1,0.4234262973,-0.1541239277,-0.1429577858,-0.1034825053,-0.05661174316,-0.02119634675,0.0001300330024,0.009319882679,0.02131046891,0.01116145833,-0.02128150537,-0.02201535181,-0.002924137944,0.001411043845,-0.006395165791,0.0006636919061,0.02124646649,0.01147712568,-0.01457818328,-0.01542007993]
		},
		"VAR": {
			"ygap": 7.817180931,
			"pdot": 4.111030427,
			"rff": 8.806607146,
			"rstar": 13.60702617,
			"drff": 11.52242378,
			"pdotsh": 4.941702523,
			"pinf4": 0.8182805022,
			"interest": 8.806607146,
			"inflation": 0.8182805022,
			"inflationq": 4.111030427,
			"outputgap": 7.817180931,
			"output": 7.817180931,
			"inflationql": 4.08991929,
			"inflationql2": 4.065908183,
			"inflationqls": 7.732113851
		},
		"IRF": {
			"interest_": {
				"ygap": [0,-0.8439550114,-0.6165781727,-0.4247732502,-0.2723246506,-0.1723595721,-0.1077554055,-0.06622526851,-0.03954642829,-0.02240984218,-0.01140122499,-0.004327516899,0.0002196305763,0.003144580568,0.005028053491,0.006242944922,0.007028699331,0.007539068567,0.007872779125,0.008093224441,0.008241109802],
				"pdot": [0,-0.2511470435,-0.1755594472,-0.1166682634,-0.07583808406,-0.04937384633,-0.03233484224,-0.0213884982,-0.01435893678,-0.009845343917,-0.00694753104,-0.005087340403,-0.003893488618,-0.003127554812,-0.002636439426,-0.002321832198,-0.002120605193,-0.00199222214,-0.00191065347,-0.001859184714,-0.001827082837],
				"rff": [0,-0.03046714194,0.008156211886,0.0242411582,0.0177569514,0.0125970654,0.009060024327,0.006770463565,0.005299654718,0.004357859483,0.00375621745,0.003373125265,0.003130431901,0.00297793977,0.002883411168,0.002826143905,0.002792844028,0.002774974942,0.002767054977,0.002765564136,0.002768242061],
				"rstar": [0,-1.483188197e-17,-5.507897068e-18,-3.169509763e-18,3.177642157e-18,1.224992217e-18,-3.341487864e-19,2.167049226e-19,-1.021625057e-18,-6.240872453e-19,-7.646551895e-20,-2.717583986e-19,-7.8938058e-20,-1.012758927e-18,-5.397630619e-19,-2.121087316e-19,-1.775457815e-19,-1.448197225e-19,-1.276687255e-20,-2.751073963e-19,5.820699558e-19],
				"drff": [0,-0.03046714194,0.03862335382,0.01608494631,-0.006484206798,-0.005159886,-0.003537041071,-0.002289560762,-0.001470808847,-0.0009417952345,-0.000601642033,-0.0003830921849,-0.0002426933641,-0.0001524921316,-9.452860183e-05,-5.726726304e-05,-3.329987692e-05,-1.786908629e-05,-7.919964745e-06,-1.490840776e-06,2.677925228e-06],
				"pdotsh": [0,-7.806255642e-18,5.582996608e-18,-1.15854893e-17,-3.077033218e-19,2.940330313e-19,1.104479264e-17,-7.175026034e-19,-3.173120938e-19,8.21250617e-20,1.038587999e-18,-1.55793144e-18,-1.795419579e-18,-5.963111949e-19,5.505095374e-19,6.751342798e-19,-1.553799177e-18,-6.008737539e-20,1.663938581e-18,-5.697487224e-19,-3.949161359e-20],
				"pinf4": [0,-0.06278676087,-0.1066766227,-0.1358436885,-0.1548032095,-0.1043599103,-0.06855375901,-0.04473381771,-0.02936403089,-0.01948190529,-0.01313507749,-0.009059788036,-0.006443425995,-0.004763978718,-0.003686205815,-0.002994828764,-0.002551607907,-0.00226777474,-0.002086328251,-0.001970666379,-0.00189728579],
				"interest": [0,-0.03046714194,0.008156211886,0.0242411582,0.0177569514,0.0125970654,0.009060024327,0.006770463565,0.005299654718,0.004357859483,0.00375621745,0.003373125265,0.003130431901,0.00297793977,0.002883411168,0.002826143905,0.002792844028,0.002774974942,0.002767054977,0.002765564136,0.002768242061],