{
	"model": "NK_LWW03AL",
	"rule": "SW",
	"data": {
		"AC": {
			"ygap": [1,0.4733065039,0.2946431519,0.1962110271,0.1440964629,0.09808503569,0.06235895054,0.04111221091,0.02794409463,0.03516277382,0.02937509103,0.02444219915,0.0315602475,0.01805725808,0.03768124047,0.01286412263,0.01072681434,0.00984822581,-0.01990609394,-0.01350106294,-0.01848676438],
			"pdot": [1,0.06161821405,0.04535350444,-0.001812242009,-0.01180685842,-0.02468193271,-0.02438732335,-0.02871319372,-0.02071690501,-0.007130621838,0.01662645523,-0.01786185754,0.01308319879,0.01719409389,0.02597968262,0.0107777209,0.01445058444,0.01976071267,0.0167481964,-0.01128592059,0.01237605451],
			"rff": [1,0.3596966868,0.1712175557,0.07928735987,0.04142552382,0.007933531764,-0.01259365101,-0.02097249086,-0.01993302385,0.0005440106674,-0.0002482779612,-0.001761295666,0.01055876347,-0.003235125772,0.0229896062,-0.001145090828,0.004118092727,0.0133969979,-0.01819579697,-0.005073224545,-0.004410163858],
			"rstar": [1,0.3558408835,0.1320358687,0.05671234779,0.02113062134,-0.001180255837,-0.01530451414,-0.01922097383,-0.02253664325,-0.008211738413,-0.01747644477,-0.009350699047,-0.008730684999,-0.01751212371,-0.003831778505,-0.01493438538,-0.01066483101,-0.005616045253,-0.03010140684,-0.01262781383,-0.01767174554],
			"drff": [1,-0.3512369242,-0.07211422313,-0.03983338917,-0.006572417932,-0.008038154293,-0.01288561657,-0.007734991659,-0.0157348563,0.01800917535,-0.001243212054,-0.009672201499,0.02239889569,-0.03366577031,0.03902190034,-0.0228961534,-0.002269190195,0.03213013733,-0.03474964644,0.009761759141,0.0003687303559],
			"pdotsh": [1,-0.009153846226,0.001875663223,-0.0111618961,-0.001208772345,-0.0033741719,0.0005430225643,-0.00367994328,-0.007468185897,0.001080774028,0.004588760477,-0.02803390161,-0.01290570918,-0.006325939137,0.005223791035,0.00283131776,-0.001667464948,0.004795887989,-0.006001801798,-0.02104539303,-0.006148951315],
			"pinf4": [1,0.7567132776,0.499957001,0.2367826979,-0.02061397696,-0.03850087011,-0.04462305301,-0.03439131096,-0.02497415378,-0.01268490596,0.001231828636,0.007526550685,0.02200291712,0.03281698724,0.04067894624,0.04527901225,0.03950520235,0.03369475176,0.0228352476,0.0183983575,0.02095888502],
			"interest": [1,0.3596966868,0.1712175557,0.07928735987,0.04142552382,0.007933531764,-0.01259365101,-0.02097249086,-0.01993302385,0.0005440106674,-0.0002482779612,-0.001761295666,0.01055876347,-0.003235125772,0.0229896062,-0.001145090828,0.004118092727,0.0133969979,-0.01819579697,-0.005073224545,-0.004410163858],
			"inflation": [1,0.7567132776,0.499957001,0.2367826979,-0.02061397696,-0.03850087011,-0.04462305301,-0.03439131096,-0.02497415378,-0.01268490596,0.001231828636,0.007526550685,0.02200291712,0.03281698724,0.04067894624,0.04527901225,0.03950520235,0.03369475176,0.0228352476,0.0183983575,0.02095888502],
			"inflationq": [1,0.06161821405,0.04535350444,-0.001812242009,-0.01180685842,-0.02468193271,-0.02438732335,-0.02871319372,-0.02071690501,-0.007130621838,0.01662645523,-0.01786185754,0.01308319879,0.01719409389,0.02597968262,0.0107777209,0.01445058444,0.01976071267,0.0167481964,-0.01128592059,0.01237605451],
			"outputgap": [1,0.4733065039,0.2946431519,0.1962110271,0.1440964629,0.09808503569,0.06235895054,0.04111221091,0.02794409463,0.03516277382,0.02937509103,0.02444219915,0.0315602475,0.01805725808,0.03768124047,0.01286412263,0.01072681434,0.00984822581,-0.01990609394,-0.01350106294,-0.01848676438],
			"output": [1,0.4733065039,0.2946431519,0.1962110271,0.1440964629,0.09808503569,0.06235895054,0.04111221091,0.02794409463,0.03516277382,0.02937509103,0.02444219915,0.0315602475,0.01805725808,0.03768124047,0.01286412263,0.01072681434,0.00984822581,-0.01990609394,-0.01350106294,-0.01848676438],
			"inflationql": [1,0.06145829521,0.04548215463,-0.002170540331,-0.01444515645,-0.02731175067,-0.02856526641,-0.02925795246,-0.02080104108,-0.005105555147,0.01833453882,-0.01609118479,0.0148949157,0.02161036409,0.02716171628,0.0117703863,0.01465257761,0.01982380913,0.01535869143,-0.01265377512,0.01132039532],
			"inflationql2": [1,0.06315617463,0.04686510035,-0.00152969396,-0.01432467941,-0.0293822041,-0.02837560979,-0.03127749442,-0.02036558833,-0.005396432913,0.02046292568,-0.01411679851,0.01532181757,0.02343651295,0.02746224397,0.01120357595,0.01698267843,0.0209586055,0.01585013912,-0.01379924433,0.01118156788],
			"inflationqls": [1,0.5322034676,0.0473668245,0.006838121755,-0.01977875684,-0.03119559198,-0.03657877449,-0.03377546104,-0.02209521784,0.0024813413,0.00964319896,-0.005230355329,0.007773022002,0.03367896988,0.03488746602,0.02445866593,0.0244413555,0.03045484744,0.01550972904,-0.001096440378,0.005621483128]
		},
		"VAR": {
			"ygap": 11.54271001,
			"pdot": 5.239287154,
			"rff": 10.64132459,
			"rstar": 13.58261134,
			"drff": 13.26435743,
			"pdotsh": 4.914519308,
			"pinf4": 1.602612318,
			"interest": 10.64132459,
			"inflation": 1.602612318,
			"inflationq": 5.239287154,
			"outputgap": 11.54271001,
			"output": 11.54271001,
			"inflationql": 5.137502005,
			"inflationql2": 5.059083668,
			"inflationqls": 11.3832779
		},
		"IRF": {
			"interest_": {
				"ygap": [0,-1.081659433,-0.8457777125,-0.6641163651,-0.5208708066,-0.4080244588,-0.3191231495,-0.2490842219,-0.1939039637,-0.1504285553,-0.1161736264,-0.08918213276,-0.06791241335,-0.0511500163,-0.0379382446,-0.02752344666,-0.01931192046,-0.01283596554,-0.007727140813,-0.003695198312,-0.000511488214],
				"pdot": [0,-0.4718299882,-0.3721796638,-0.2928991563,-0.2304150755,-0.1811895787,-0.1424088782,-0.1118563746,-0.08778584394,-0.06882164487,-0.05388008069,-0.04210744345,-0.03283120456,-0.02552156349,-0.01976115679,-0.01522119577,-0.01164266854,-0.00882153149,-0.006597043604,-0.004842576597,-0.003458375352],
				"rff": [0,-0.2275642309,-0.1733221146,-0.1351998279,-0.1050190167,-0.08124411285,-0.06251198614,-0.0477510418,-0.03611757669,-0.02694727016,-0.01971699282,-0.01401476523,-0.009516120434,-0.005965501102,-0.003161616088,-0.0009459119143,0.0008065045975,0.00219401443,0.00329411571,0.004167857276,0.004863330653],
				"rstar": [0,2.34549644e-17,3.434303342e-17,-2.052876059e-17,4.863442382e-18,2.417614645e-17,1.521427182e-17,1.104159862e-17,-1.123201232e-17,-1.924087252e-17,-6.102643872e-18,4.88959625e-18,-9.975479852e-19,2.278252268e-19,-1.49984963e-18,-1.855347242e-19,1.10670718e-18,6.586393986e-20,8.486338359e-20,1.173484374e-18,-7.979814399e-19],
				"drff": [0,-0.2275642309,0.05424211636,0.03812228666,0.03018081123,0.02377490383,0.01873212671,0.01476094434,0.01163346511,0.009170306532,0.007230277339,0.005702227591,0.004498644795,0.003550619332,0.002803885014,0.002215704174,0.001752416512,0.001387509832,0.00110010128,0.0008737415663,0.0006954733765],
				"pdotsh": [0,5.301874316e-17,4.459211635e-17,-4.008395504e-17,3.65501045e-17,-3.677949759e-18,-1.466120412e-17,1.225919748e-18,2.305290583e-17,1.788658076e-18,-2.150774495e-18,2.213743954e-18,1.909224132e-18,-7.280781844e-19,9.698948781e-19,1.66720119e-18,-6.248597961e-19,5.118777958e-19,-8.013195256e-19,4.163012554e-19,-7.701710031e-19],
				"pinf4": [0,-0.1179574971,-0.211002413,-0.2842272021,-0.341830971,-0.2691708686,-0.2117281722,-0.1664674767,-0.1308101689,-0.1027181854,-0.08058598603,-0.06314875324,-0.04941009339,-0.03858507305,-0.03005534207,-0.02333378015,-0.01803664615,-0.01386163815,-0.01057060985,-0.007975955059,-0.005929881761],
				"interest": [0,-0.2275642309,-0.1733221146,-0.1351998279,-0.1050190167,-0.08124411285,-0.06251198614,-0.0477510418,-0.03611757669,-0.02694727016,-0.01971699282,-0.01401476523,-0.009516120434,-0.005965501102,-0.003161616088,-0.0009459119143,0.0008065045975,0.00219401443,0.00329411571,0.004167857276,0.004863330653],