{
	"model": "NK_LWW03AL",
	"rule": "CMR",
	"data": {
		"AC": {
			"ygap": [1,0.4532806436,0.3015285271,0.2351137514,0.2050592508,0.186932994,0.1788538133,0.1693793993,0.1622016942,0.1786830154,0.1618872593,0.1737523388,0.1650566957,0.1647532655,0.1652666246,0.166164236,0.1629063737,0.1642407914,0.1403074654,0.1525221785,0.1578435842],
			"pdot": [1,0.07807834234,0.08194632851,0.0540835501,0.05525270417,0.04768290161,0.05028140039,0.04663418577,0.03613870008,0.0587401606,0.03658332618,0.01905420839,0.03296406156,0.0444894215,0.03485249924,0.04671206936,0.03832730466,0.0507320949,0.03909096365,0.02096911672,0.04219932921],
			"rff": [1,0.4896925736,0.354287021,0.295880258,0.2539325414,0.238507347,0.2325092926,0.2180003115,0.2074782976,0.2167968632,0.1945000591,0.2070919334,0.1988837587,0.1927786468,0.1903248084,0.1932657851,0.1909476904,0.2069927886,0.185649635,0.1923513842,0.193811056],
			"rstar": [1,0.351342271,0.1329150998,0.05759036243,0.01951604416,0.002367899832,-0.009267084424,-0.01374460057,-0.01411182569,0.0005496241237,-0.01207375969,-0.003146752417,-0.005942197947,-0.01353141007,0.003298900068,-0.01013671494,-0.006324529209,0.00314836704,-0.02417794866,-0.004955194539,-0.009181674289],
			"drff": [1,-0.328604889,-0.06086535665,-0.009733668454,-0.002077749967,0.008973504607,0.01504041402,0.01060340717,0.001017956642,0.03967911169,-0.007860904907,0.0257711161,0.01706001847,0.002874226143,0.02235804859,0.01137915522,0.004307716819,0.04291693779,-0.01498283546,0.02937920171,0.01481758051],
			"pdotsh": [1,-0.008608060501,0.002512549613,-0.01278329736,-0.001577360933,-0.00295122858,0.0006743452595,-0.001060050036,-0.008637157789,0.001824839335,0.00497959042,-0.02806994383,-0.01228429382,-0.003138523206,0.004140469994,-0.001929518425,-0.00320579751,0.008894338065,-0.005623833517,-0.02515473681,-0.00428982642],
			"pinf4": [1,0.761798696,0.5395462531,0.3318311654,0.1315032157,0.1230659954,0.1169642772,0.1096226364,0.0977499061,0.09338029674,0.08064650617,0.07048474304,0.07018509203,0.07466891655,0.08020148523,0.09290608215,0.09315819196,0.09129632023,0.08531633473,0.08124400814,0.08656113178],
			"interest": [1,0.4896925736,0.354287021,0.295880258,0.2539325414,0.238507347,0.2325092926,0.2180003115,0.2074782976,0.2167968632,0.1945000591,0.2070919334,0.1988837587,0.1927786468,0.1903248084,0.1932657851,0.1909476904,0.2069927886,0.185649635,0.1923513842,0.193811056],
			"inflation": [1,0.761798696,0.5395462531,0.3318311654,0.1315032157,0.1230659954,0.1169642772,0.1096226364,0.0977499061,0.09338029674,0.08064650617,0.07048474304,0.07018509203,0.07466891655,0.08020148523,0.09290608215,0.09315819196,0.09129632023,0.08531633473,0.08124400814,0.08656113178],
			"inflationq": [1,0.07807834234,0.08194632851,0.0540835501,0.05525270417,0.04768290161,0.05028140039,0.04663418577,0.03613870008,0.0587401606,0.03658332618,0.01905420839,0.03296406156,0.0444894215,0.03485249924,0.04671206936,0.03832730466,0.0507320949,0.03909096365,0.02096911672,0.04219932921],
			"outputgap": [1,0.4532806436,0.3015285271,0.2351137514,0.2050592508,0.186932994,0.1788538133,0.1693793993,0.1622016942,0.1786830154,0.1618872593,0.1737523388,0.1650566957,0.1647532655,0.1652666246,0.166164236,0.1629063737,0.1642407914,0.1403074654,0.1525221785,0.1578435842],
			"output": [1,0.4532806436,0.3015285271,0.2351137514,0.2050592508,0.186932994,0.1788538133,0.1693793993,0.1622016942,0.1786830154,0.1618872593,0.1737523388,0.1650566957,0.1647532655,0.1652666246,0.166164236,0.1629063737,0.1642407914,0.1403074654,0.1525221785,0.1578435842],
			"inflationql": [1,0.07279915477,0.06325452683,0.04054996486,0.0429428008,0.03784853921,0.04267151765,0.0360227636,0.02610403961,0.04847636677,0.02713492867,0.007661712903,0.02356597408,0.03181950221,0.02882013895,0.03870423668,0.02575393665,0.04460993835,0.03088324676,0.01395292687,0.03040099593],
			"inflationql2": [1,0.07728054702,0.06968844185,0.01880005917,0.03271631523,0.03506653894,0.03781988706,0.03094005024,0.02154936566,0.0404176996,0.02339104102,0.004155635748,0.01588728933,0.02880427654,0.02485090867,0.0319879905,0.01417699577,0.038992311,0.022878211,0.0118415406,0.0218918702],
			"inflationqls": [1,0.5465739156,0.1000812279,0.07538550385,0.06324501215,0.06856283328,0.07079465636,0.05934463095,0.05654142189,0.06342826806,0.04605345755,0.02364488806,0.03265535414,0.04660674855,0.05200498773,0.05424168686,0.05333261978,0.05972734671,0.04910291483,0.03595797974,0.04410275141]
		},
		"VAR": {
			"ygap": 93.57146292,
			"pdot": 7.299626397,
			"rff": 0.6205640787,
			"rstar": 13.12577427,
			"drff": 0.5317401416,
			"pdotsh": 4.84075244,
			"pinf4": 2.100709058,
			"interest": 0.6205640787,
			"inflation": 2.100709058,
			"inflationq": 7.299626397,
			"outputgap": 93.57146292,
			"output": 93.57146292,
			"inflationql": 7.066947187,
			"inflationql2": 6.79826144,
			"inflationqls": 14.82795053
		},
		"IRF": {
			"interest_": {
				"ygap": [0,-5.396866408,-3.439413255,-2.16312086,-1.358152602,-0.8541795041,-0.540004307,-0.3445680246,-0.2230309501,-0.147330576,-0.09999970778,-0.0702051737,-0.05124360436,-0.03897283043,-0.03083532101,-0.02525258607,-0.02125053592,-0.01822805106,-0.01581413411,-0.01377977374,-0.01198357368],
				"pdot": [0,-1.374135985,-0.913352591,-0.5968314352,-0.3904586155,-0.2600561214,-0.1783300373,-0.1273368229,-0.09558209394,-0.07580467185,-0.06345717777,-0.0557082604,-0.05080171836,-0.04765084465,-0.04558417631,-0.04418716474,-0.04320398201,-0.04247677596,-0.04190814787,-0.04143799431,-0.04102922026],
				"rff": [0,0.3918530003,0.242489789,0.1488080828,0.09033318148,0.05396721418,0.03138431945,0.01735885163,0.00863284894,0.003183491635,-0.0002416970107,-0.002416901587,-0.003820193934,-0.004746638929,-0.005378309674,-0.005827552462,-0.006163695071,-0.006429525697,-0.006651458113,-0.006845801879,-0.00702263032],
				"rstar": [0,0,-5.491666468e-17,-1.920722158e-17,2.245495492e-17,1.996326426e-17,9.409277952e-18,2.431327597e-17,5.991441569e-18,-1.547778817e-18,-3.063786841e-18,3.467397591e-18,4.304288463e-19,2.469284932e-18,-1.283808671e-18,1.100521575e-19,-1.155122628e-18,-1.402564961e-18,-2.572058531e-18,-1.976387349e-18,1.837688957e-18],
				"drff": [0,0.3918530003,-0.1493632113,-0.09368170621,-0.05847490136,-0.0363659673,-0.02258289473,-0.01402546782,-0.00872600269,-0.005449357306,-0.003425188645,-0.002175204576,-0.001403292347,-0.0009264449949,-0.0006316707453,-0.0004492427876,-0.0003361426087,-0.0002658306261,-0.0002219324159,-0.0001943437668,-0.0001768284409],
				"pdotsh": [0,-1.665334537e-16,-1.309777344e-16,-8.247976263e-17,6.941977929e-17,2.491065184e-17,-2.982000906e-17,1.392604959e-17,6.497962567e-18,1.885014734e-18,2.448431095e-18,-6.517965933e-18,4.072778737e-18,7.230178987e-18,1.898754769e-19,2.988463463e-18,-5.058801968e-18,-9.546315449e-18,-3.445316089e-18,-2.644963261e-18,-1.261510466e-18],
				"pinf4": [0,-0.3435339961,-0.5718721439,-0.7210800027,-0.8186946566,-0.5401746908,-0.3564190524,-0.2390453993,-0.1653262689,-0.1192634065,-0.09054519162,-0.07263805099,-0.06144295709,-0.05440450029,-0.04993624993,-0.04705597601,-0.04515654193,-0.04386302476,-0.04294401764,-0.04225672504,-0.0417130346],
				"interest": [0,0.3918530003,0.242489789,0.1488080828,0.09033318148,0.05396721418,0.03138431945,0.01735885163,0.00863284894,0.003183491635,-0.0002416970107,-0.002416901587,-0.003820193934,-0.004746638929,-0.005378309674,-0.005827552462,-0.006163695071,-0.006429525697,-0.006651458113,-0.006845801879,-0.00702263032],
				"inflation": [0,-0.3435339961,-0.5718721439,-0.7210800027,-0.8186946566,-0.5401746908,-0.3564190524,-0.2390453993,-0.1653262689,-0.1192634065,-0.09054519162,-0.07263805099,-0.06144295709,-0.05440450029,-0.04993624993,-0.04705597601,-0.04515654193,-0.04386302476,-0.04294401764,-0.04225672504,-0.0417130346],