{
	"model": "NK_MCN99cr",
	"rule": "SW",
	"data": {
		"AC": {
			"pi": [1,0.206525533,-0.01235239896,-0.05760377145,-0.05494763586,-0.04237661129,-0.03037657611,-0.02111994164,-0.01448399772,-0.009870047974,-0.006705759536,-0.004549453585,-0.003084443041,-0.002090519904,-0.001416658331,-0.0009599400216,-0.0006504409713,-0.0004407217,-0.0002986190586,-0.0002023340431,-0.000137094367],
			"p": [1,"_NaN_","_NaN_","_NaN_","_NaN_","_NaN_","_NaN_","_NaN_","_NaN_","_NaN_","_NaN_","_NaN_","_NaN_","_NaN_","_NaN_","_NaN_","_NaN_","_NaN_","_NaN_","_NaN_","_NaN_"],
			"y": [1,"_NaN_","_NaN_","_NaN_","_NaN_","_NaN_","_NaN_","_NaN_","_NaN_","_NaN_","_NaN_","_NaN_","_NaN_","_NaN_","_NaN_","_NaN_","_NaN_","_NaN_","_NaN_","_NaN_","_NaN_"],
			"R": [1,0.506771638,0.2881529356,0.1773902324,0.1144216896,0.07566204212,0.05066258242,0.03413208123,0.02306359552,0.01560666288,0.01056791291,0.007158300194,0.004849513289,0.003285629957,0.002226150571,0.00150833485,0.001021984949,0.0006924571534,0.0004691828298,0.0003179008545,0.0002153978985],
			"v": [1,0.3233,0.10452289,0.03379225034,0.01092503453,0.003532063665,0.001141916183,0.0003691815019,0.0001193563796,3.858791751e-05,1.247547373e-05,4.033320658e-06,1.303972569e-06,4.215743314e-07,1.362949814e-07,4.406416747e-08,1.424594534e-08,4.60571413e-09,1.489027378e-09,4.814025513e-10,1.556374448e-10],
			"m": [1,"_NaN_","_NaN_","_NaN_","_NaN_","_NaN_","_NaN_","_NaN_","_NaN_","_NaN_","_NaN_","_NaN_","_NaN_","_NaN_","_NaN_","_NaN_","_NaN_","_NaN_","_NaN_","_NaN_","_NaN_"],
			"i": [1,"_NaN_","_NaN_","_NaN_","_NaN_","_NaN_","_NaN_","_NaN_","_NaN_","_NaN_","_NaN_","_NaN_","_NaN_","_NaN_","_NaN_","_NaN_","_NaN_","_NaN_","_NaN_","_NaN_","_NaN_"],
			"eta": [1,0.9346,0.87347716,0.8163517537,0.762962349,0.7130646114,0.6664301858,0.6228456517,0.5821115461,0.5440414509,0.5084611401,0.4752077815,0.4441291926,0.4150831434,0.3879367058,0.3625656453,0.3388538521,0.3166928101,0.2959811003,0.2766239364,0.2585327309],
			"ytilde": [1,0.2713845521,0.05256261877,-0.006840479844,-0.01836055569,-0.01687795819,-0.01287053609,-0.009184426254,-0.006372984703,-0.004366581156,-0.002974309127,-0.002020350249,-0.001370553614,-0.0009291665989,-0.0006297405053,-0.0004267444719,-0.000289164329,-0.0001959329495,-0.0001327588642,-8.995315094e-05,-6.094915745e-05],
			"ybar": [1,"_NaN_","_NaN_","_NaN_","_NaN_","_NaN_","_NaN_","_NaN_","_NaN_","_NaN_","_NaN_","_NaN_","_NaN_","_NaN_","_NaN_","_NaN_","_NaN_","_NaN_","_NaN_","_NaN_","_NaN_"],
			"interest": [1,0.506771638,0.2881529356,0.1773902324,0.1144216896,0.07566204212,0.05066258242,0.03413208123,0.02306359552,0.01560666288,0.01056791291,0.007158300194,0.004849513289,0.003285629957,0.002226150571,0.00150833485,0.001021984949,0.0006924571534,0.0004691828298,0.0003179008545,0.0002153978985],
			"inflation": [1,0.79210954,0.4831198971,0.1705783675,-0.0827236314,-0.1201613107,-0.1021439288,-0.07591003345,-0.05360030804,-0.0370180192,-0.02530849804,-0.0172213209,-0.0116922051,-0.007929862157,-0.005375458189,-0.003643013487,-0.002468631148,-0.001672737688,-0.001133412847,-0.0007679677887,-0.0005203496835],
			"inflationq": [1,0.206525533,-0.01235239896,-0.05760377145,-0.05494763586,-0.04237661129,-0.03037657611,-0.02111994164,-0.01448399772,-0.009870047974,-0.006705759536,-0.004549453585,-0.003084443041,-0.002090519904,-0.001416658331,-0.0009599400216,-0.0006504409713,-0.0004407217,-0.0002986190586,-0.0002023340431,-0.000137094367],
			"outputgap": [1,0.2713845521,0.05256261877,-0.006840479844,-0.01836055569,-0.01687795819,-0.01287053609,-0.009184426254,-0.006372984703,-0.004366581156,-0.002974309127,-0.002020350249,-0.001370553614,-0.0009291665989,-0.0006297405053,-0.0004267444719,-0.000289164329,-0.0001959329495,-0.0001327588642,-8.995315094e-05,-6.094915745e-05],
			"AUX_ENDO_LEAD_81": [1,0.1123485386,-0.1066107048,-0.1313134003,-0.1080730345,-0.07940132338,-0.0557958047,-0.03845062257,-0.02626140105,-0.01786122593,-0.01212392326,-0.008221777866,-0.005573055377,-0.003776835319,-0.002559283623,-0.001734153924,-0.001175024118,-0.0007961613767,-0.0005394524047,-0.0003655140418,-0.0002476592054],
			"AUX_ENDO_LEAD_85": [1,0.8522376554,0.6339172249,0.447776563,0.3092996426,0.2114784368,0.1439070072,0.09770558304,0.06626621259,0.04492040814,0.03044316435,0.02062935279,0.01397839873,0.009471479002,0.00641760106,0.004348355338,0.002946294082,0.001996303495,0.001352622968,0.0009164880641,0.0006209788438],
			"AUX_ENDO_LEAD_89": [1,0.8130501519,0.5946958874,0.4171056295,0.2871939069,0.1960722748,0.1333299431,0.09049420277,0.06136557803,0.0415952403,0.02818864018,0.01910128087,0.01294287508,0.008769794991,0.005942149143,0.004026201184,0.002728012494,0.001848403324,0.001252411047,0.0008485880764,0.0005749722791],
			"AUX_ENDO_LEAD_116": [1,0.2045800075,-0.01429960414,-0.05912647833,-0.05604510998,-0.04314147451,-0.03090169114,-0.02147796199,-0.01472729746,-0.01003513118,-0.006817688945,-0.004625317127,-0.003135853247,-0.002125356114,-0.001440262892,-0.0009759338729,-0.0006612779051,-0.0004480644373,-0.0003035942376,-0.0002057050451,-0.0001393784355],
			"AUX_ENDO_LEAD_120": [1,0.1139730632,-0.1049847776,-0.1300419316,-0.1071566375,-0.07876265834,-0.05535733072,-0.03815167359,-0.02605824442,-0.01772338053,-0.01203046158,-0.008158431387,-0.005530127569,-0.00374774689,-0.002539573684,-0.001720798969,-0.001165975218,-0.0007900301501,-0.0005352981026,-0.0003626992363,-0.0002457519955],
			"AUX_ENDO_LEAD_124": [1,0.8590587845,0.6407442434,0.4531152649,0.3131474528,0.2141600932,0.1457480921,0.09896082391,0.06711923608,0.04549919978,0.03083559558,0.02089533492,0.014158646,0.009593616847,0.006500360069,0.004404430742,0.002984289023,0.002022047573,0.001370066245,0.0009283069998,0.0006289869253],
			"AUX_ENDO_LAG_0_1": [1,0.206525533,-0.01235239896,-0.05760377145,-0.05494763586,-0.04237661129,-0.03037657611,-0.02111994164,-0.01448399772,-0.009870047974,-0.006705759536,-0.004549453585,-0.003084443041,-0.002090519904,-0.001416658331,-0.0009599400216,-0.0006504409713,-0.0004407217,-0.0002986190586,-0.0002023340431,-0.000137094367],
			"AUX_ENDO_LAG_0_2": [1,0.206525533,-0.01235239896,-0.05760377145,-0.05494763586,-0.04237661129,-0.03037657611,-0.02111994164,-0.01448399772,-0.009870047974,-0.006705759536,-0.004549453585,-0.003084443041,-0.002090519904,-0.001416658331,-0.0009599400216,-0.0006504409713,-0.0004407217,-0.0002986190586,-0.0002023340431,-0.000137094367],
			"AUX_ENDO_LAG_13_1": [1,0.2713845521,0.05256261877,-0.006840479844,-0.01836055569,-0.01687795819,-0.01287053609,-0.009184426254,-0.006372984703,-0.004366581156,-0.002974309127,-0.002020350249,-0.001370553614,-0.0009291665989,-0.0006297405053,-0.0004267444719,-0.000289164329,-0.0001959329495,-0.0001327588642,-8.995315094e-05,-6.094915745e-05],
			"AUX_ENDO_LAG_13_2": [1,0.2713845521,0.05256261877,-0.006840479844,-0.01836055569,-0.01687795819,-0.01287053609,-0.009184426254,-0.006372984703,-0.004366581156,-0.002974309127,-0.002020350249,-0.001370553614,-0.0009291665989,-0.0006297405053,-0.0004267444719,-0.000289164329,-0.0001959329495,-0.0001327588642,-8.995315094e-05,-6.094915745e-05],
			"AUX_ENDO_LAG_13_3": [1,0.2713845521,0.05256261877,-0.006840479844,-0.01836055569,-0.01687795819,-0.01287053609,-0.009184426254,-0.006372984703,-0.004366581156,-0.002974309127,-0.002020350249,-0.001370553614,-0.0009291665989,-0.0006297405053,-0.0004267444719,-0.000289164329,-0.0001959329495,-0.0001327588642,-8.995315094e-05,-6.094915745e-05],
			"AUX_ENDO_LAG_10_1": [1,0.506771638,0.2881529356,0.1773902324,0.1144216896,0.07566204212,0.05066258242,0.03413208123,0.02306359552,0.01560666288,0.01056791291,0.007158300194,0.004849513289,0.003285629957,0.002226150571,0.00150833485,0.001021984949,0.0006924571534,0.0004691828298,0.0003179008545,0.0002153978985],