{
	"model": "NK_MCN99cr",
	"rule": "CMR",
	"data": {
		"AC": {
			"pi": [1,0.2598091176,0.03957770237,-0.01828002577,-0.02765052814,-0.02414926121,-0.01844835123,-0.01340878315,-0.009543226339,-0.006728988388,-0.004724609688,-0.003310850694,-0.002318063967,-0.001622304323,-0.001135158812,-0.0007942235543,-0.000555662731,-0.0003887510975,-0.000271974522,-0.0001902755897,-0.0001331181051],
			"p": [1,"_NaN_","_NaN_","_NaN_","_NaN_","_NaN_","_NaN_","_NaN_","_NaN_","_NaN_","_NaN_","_NaN_","_NaN_","_NaN_","_NaN_","_NaN_","_NaN_","_NaN_","_NaN_","_NaN_","_NaN_"],
			"y": [1,"_NaN_","_NaN_","_NaN_","_NaN_","_NaN_","_NaN_","_NaN_","_NaN_","_NaN_","_NaN_","_NaN_","_NaN_","_NaN_","_NaN_","_NaN_","_NaN_","_NaN_","_NaN_","_NaN_","_NaN_"],
			"R": [1,0.8342197878,0.6271456699,0.452824956,0.321347847,0.2262874592,0.1587874691,0.1112423417,0.07787547698,0.05449819719,0.03813244565,0.02667935696,0.01866557402,0.01305871812,0.009136010811,0.006391623885,0.004471622643,0.003128374754,0.002188629532,0.001531177968,0.001071220949],
			"v": [1,0.3233,0.10452289,0.03379225034,0.01092503453,0.003532063665,0.001141916183,0.0003691815019,0.0001193563796,3.858791751e-05,1.247547373e-05,4.033320658e-06,1.303972569e-06,4.215743314e-07,1.362949814e-07,4.406416747e-08,1.424594534e-08,4.60571413e-09,1.489027378e-09,4.814025513e-10,1.556374448e-10],
			"m": [1,"_NaN_","_NaN_","_NaN_","_NaN_","_NaN_","_NaN_","_NaN_","_NaN_","_NaN_","_NaN_","_NaN_","_NaN_","_NaN_","_NaN_","_NaN_","_NaN_","_NaN_","_NaN_","_NaN_","_NaN_"],
			"i": [1,"_NaN_","_NaN_","_NaN_","_NaN_","_NaN_","_NaN_","_NaN_","_NaN_","_NaN_","_NaN_","_NaN_","_NaN_","_NaN_","_NaN_","_NaN_","_NaN_","_NaN_","_NaN_","_NaN_","_NaN_"],
			"eta": [1,0.9346,0.87347716,0.8163517537,0.762962349,0.7130646114,0.6664301858,0.6228456517,0.5821115461,0.5440414509,0.5084611401,0.4752077815,0.4441291926,0.4150831434,0.3879367058,0.3625656453,0.3388538521,0.3166928101,0.2959811003,0.2766239364,0.2585327309],
			"ytilde": [1,0.2960431505,0.07664170234,0.01143744692,-0.005635584373,-0.008351622284,-0.007268251561,-0.005545745103,-0.004028822907,-0.002866755371,-0.002021171132,-0.001419057545,-0.000994408491,-0.0006962201156,-0.0004872497158,-0.000340937698,-0.0002385397507,-0.0001668895262,-0.000116758728,-8.168567635e-05,-5.714796173e-05],
			"ybar": [1,"_NaN_","_NaN_","_NaN_","_NaN_","_NaN_","_NaN_","_NaN_","_NaN_","_NaN_","_NaN_","_NaN_","_NaN_","_NaN_","_NaN_","_NaN_","_NaN_","_NaN_","_NaN_","_NaN_","_NaN_"],
			"interest": [1,"_NaN_","_NaN_","_NaN_","_NaN_","_NaN_","_NaN_","_NaN_","_NaN_","_NaN_","_NaN_","_NaN_","_NaN_","_NaN_","_NaN_","_NaN_","_NaN_","_NaN_","_NaN_","_NaN_","_NaN_"],
			"inflation": [1,"_NaN_","_NaN_","_NaN_","_NaN_","_NaN_","_NaN_","_NaN_","_NaN_","_NaN_","_NaN_","_NaN_","_NaN_","_NaN_","_NaN_","_NaN_","_NaN_","_NaN_","_NaN_","_NaN_","_NaN_"],
			"inflationq": [1,"_NaN_","_NaN_","_NaN_","_NaN_","_NaN_","_NaN_","_NaN_","_NaN_","_NaN_","_NaN_","_NaN_","_NaN_","_NaN_","_NaN_","_NaN_","_NaN_","_NaN_","_NaN_","_NaN_","_NaN_"],
			"outputgap": [1,0.2960431505,0.07664170234,0.01143744692,-0.005635584373,-0.008351622284,-0.007268251561,-0.005545745103,-0.004028822907,-0.002866755371,-0.002021171132,-0.001419057545,-0.000994408491,-0.0006962201156,-0.0004872497158,-0.000340937698,-0.0002385397507,-0.0001668895262,-0.000116758728,-8.168567635e-05,-5.714796173e-05],
			"AUX_ENDO_LEAD_81": [1,"_NaN_","_NaN_","_NaN_","_NaN_","_NaN_","_NaN_","_NaN_","_NaN_","_NaN_","_NaN_","_NaN_","_NaN_","_NaN_","_NaN_","_NaN_","_NaN_","_NaN_","_NaN_","_NaN_","_NaN_"],
			"AUX_ENDO_LEAD_85": [1,"_NaN_","_NaN_","_NaN_","_NaN_","_NaN_","_NaN_","_NaN_","_NaN_","_NaN_","_NaN_","_NaN_","_NaN_","_NaN_","_NaN_","_NaN_","_NaN_","_NaN_","_NaN_","_NaN_","_NaN_"],
			"AUX_ENDO_LEAD_89": [1,"_NaN_","_NaN_","_NaN_","_NaN_","_NaN_","_NaN_","_NaN_","_NaN_","_NaN_","_NaN_","_NaN_","_NaN_","_NaN_","_NaN_","_NaN_","_NaN_","_NaN_","_NaN_","_NaN_","_NaN_"],
			"AUX_ENDO_LEAD_116": [1,0.2613045703,0.04110740953,-0.01705352483,-0.02674192634,-0.02349726031,-0.01798692563,-0.01308425948,-0.00931563562,-0.006569586124,-0.004613033244,-0.003232772517,-0.002263433995,-0.001584082931,-0.001108418277,-0.0007755155189,-0.0005425744162,-0.0003795944161,-0.0002655684483,-0.0001857938615,-0.0001299826616],
			"AUX_ENDO_LEAD_120": [1,0.1800451134,-0.04201335474,-0.0836987613,-0.07611325575,-0.05892548777,-0.04305973024,-0.03071812881,-0.02168239118,-0.01523113805,-0.01067584026,-0.007475360811,-0.005231900833,-0.003660945309,-0.002561437359,-0.001792067074,-0.001253763292,-0.0008771473884,-0.0006136597343,-0.0004293206417,-0.0003003554322],
			"AUX_ENDO_LEAD_124": [1,0.2332959821,0.0124572641,-0.0400248694,-0.04375928391,-0.03570869602,-0.02662904417,-0.01916231861,-0.01357822089,-0.009555058218,-0.006702767429,-0.004695111953,-0.003286608015,-0.002299937864,-0.001609246299,-0.001125901491,-0.0007877076852,-0.0005510914551,-0.0003855488887,-0.0002697329069,-0.0001887069122],
			"AUX_ENDO_LAG_0_1": [1,0.2598091176,0.03957770237,-0.01828002577,-0.02765052814,-0.02414926121,-0.01844835123,-0.01340878315,-0.009543226339,-0.006728988388,-0.004724609688,-0.003310850694,-0.002318063967,-0.001622304323,-0.001135158812,-0.0007942235543,-0.000555662731,-0.0003887510974,-0.000271974522,-0.0001902755896,-0.000133118105],
			"AUX_ENDO_LAG_0_2": [1,0.2598091176,0.03957770237,-0.01828002577,-0.02765052814,-0.02414926121,-0.01844835123,-0.01340878315,-0.009543226339,-0.006728988388,-0.004724609688,-0.003310850694,-0.002318063967,-0.001622304323,-0.001135158812,-0.0007942235542,-0.0005556627309,-0.0003887510974,-0.0002719745219,-0.0001902755896,-0.000133118105],
			"AUX_ENDO_LAG_13_1": [1,0.2960431505,0.07664170234,0.01143744692,-0.005635584373,-0.008351622284,-0.007268251561,-0.005545745103,-0.004028822907,-0.002866755371,-0.002021171132,-0.001419057545,-0.000994408491,-0.0006962201156,-0.0004872497158,-0.000340937698,-0.0002385397507,-0.0001668895262,-0.000116758728,-8.168567637e-05,-5.714796175e-05],
			"AUX_ENDO_LAG_13_2": [1,0.2960431505,0.07664170234,0.01143744692,-0.005635584373,-0.008351622284,-0.007268251561,-0.005545745103,-0.004028822907,-0.002866755371,-0.002021171132,-0.001419057545,-0.000994408491,-0.0006962201156,-0.0004872497158,-0.000340937698,-0.0002385397507,-0.0001668895262,-0.000116758728,-8.168567637e-05,-5.714796175e-05],
			"AUX_ENDO_LAG_13_3": [1,0.2960431505,0.07664170234,0.01143744692,-0.005635584373,-0.008351622284,-0.007268251561,-0.005545745103,-0.004028822907,-0.002866755371,-0.002021171132,-0.001419057545,-0.000994408491,-0.0006962201156,-0.0004872497158,-0.000340937698,-0.0002385397507,-0.0001668895262,-0.000116758728,-8.168567637e-05,-5.714796176e-05],
			"AUX_ENDO_LAG_10_1": [1,"_NaN_","_NaN_","_NaN_","_NaN_","_NaN_","_NaN_","_NaN_","_NaN_","_NaN_","_NaN_","_NaN_","_NaN_","_NaN_","_NaN_","_NaN_","_NaN_","_NaN_","_NaN_","_NaN_","_NaN_"],
			"AUX_ENDO_LAG_10_2": [1,"_NaN_","_NaN_","_NaN_","_NaN_","_NaN_","_NaN_","_NaN_","_NaN_","_NaN_","_NaN_","_NaN_","_NaN_","_NaN_","_NaN_","_NaN_","_NaN_","_NaN_","_NaN_","_NaN_","_NaN_"],
			"AUX_ENDO_LAG_10_3": [1,"_NaN_","_NaN_","_NaN_","_NaN_","_NaN_","_NaN_","_NaN_","_NaN_","_NaN_","_NaN_","_NaN_","_NaN_","_NaN_","_NaN_","_NaN_","_NaN_","_NaN_","_NaN_","_NaN_","_NaN_"],
			"AUX_ENDO_LAG_12_1": [1,"_NaN_","_NaN_","_NaN_","_NaN_","_NaN_","_NaN_","_NaN_","_NaN_","_NaN_","_NaN_","_NaN_","_NaN_","_NaN_","_NaN_","_NaN_","_NaN_","_NaN_","_NaN_","_NaN_","_NaN_"],
			"AUX_ENDO_LAG_12_2": [1,"_NaN_","_NaN_","_NaN_","_NaN_","_NaN_","_NaN_","_NaN_","_NaN_","_NaN_","_NaN_","_NaN_","_NaN_","_NaN_","_NaN_","_NaN_","_NaN_","_NaN_","_NaN_","_NaN_","_NaN_"],
			"AUX_ENDO_LAG_12_3": [1,"_NaN_","_NaN_","_NaN_","_NaN_","_NaN_","_NaN_","_NaN_","_NaN_","_NaN_","_NaN_","_NaN_","_NaN_","_NaN_","_NaN_","_NaN_","_NaN_","_NaN_","_NaN_","_NaN_","_NaN_"]
		},
		"VAR": {
			"pi": 3.199140306e-05,
			"p": "_NaN_",
			"y": "_NaN_",
			"R": 9.510298547e-07,
			"v": 0.0001451293378,
			"m": "_NaN_",
			"i": "_NaN_",
			"eta": 0.004001253845,