{
	"model": "NK_MCN99cr",
	"rule": "CEE",
	"data": {
		"AC": {
			"pi": [1,0.2527562017,0.03334897068,-0.02238033199,-0.02997253807,-0.02527932806,-0.01886127085,-0.01342620548,-0.009365250506,-0.006472785121,-0.00445465458,-0.003059655566,-0.002099544725,-0.001440080216,-0.0009875480536,-0.000677153879,-0.0004642976711,-0.0003183436641,-0.0002182687042,-0.0001496527264,-0.000102606957],
			"p": [1,"_NaN_","_NaN_","_NaN_","_NaN_","_NaN_","_NaN_","_NaN_","_NaN_","_NaN_","_NaN_","_NaN_","_NaN_","_NaN_","_NaN_","_NaN_","_NaN_","_NaN_","_NaN_","_NaN_","_NaN_"],
			"y": [1,"_NaN_","_NaN_","_NaN_","_NaN_","_NaN_","_NaN_","_NaN_","_NaN_","_NaN_","_NaN_","_NaN_","_NaN_","_NaN_","_NaN_","_NaN_","_NaN_","_NaN_","_NaN_","_NaN_","_NaN_"],
			"R": [1,0.8258666584,0.6115786433,0.4339757911,0.3022866693,0.2087895804,0.1436482045,0.09864999005,0.06768939516,0.04642677607,0.03183711034,0.02183030186,0.0149681265,0.01026281442,0.007036576554,0.004824523542,0.003307855532,0.002267974717,0.001554997452,0.001066156746,0.0007309916091],
			"v": [1,0.3233,0.10452289,0.03379225034,0.01092503453,0.003532063665,0.001141916183,0.0003691815019,0.0001193563796,3.858791751e-05,1.247547373e-05,4.033320658e-06,1.303972569e-06,4.215743314e-07,1.362949814e-07,4.406416747e-08,1.424594534e-08,4.60571413e-09,1.489027378e-09,4.814025513e-10,1.556374448e-10],
			"m": [1,"_NaN_","_NaN_","_NaN_","_NaN_","_NaN_","_NaN_","_NaN_","_NaN_","_NaN_","_NaN_","_NaN_","_NaN_","_NaN_","_NaN_","_NaN_","_NaN_","_NaN_","_NaN_","_NaN_","_NaN_"],
			"i": [1,"_NaN_","_NaN_","_NaN_","_NaN_","_NaN_","_NaN_","_NaN_","_NaN_","_NaN_","_NaN_","_NaN_","_NaN_","_NaN_","_NaN_","_NaN_","_NaN_","_NaN_","_NaN_","_NaN_","_NaN_"],
			"eta": [1,0.9346,0.87347716,0.8163517537,0.762962349,0.7130646114,0.6664301858,0.6228456517,0.5821115461,0.5440414509,0.5084611401,0.4752077815,0.4441291926,0.4150831434,0.3879367058,0.3625656453,0.3388538521,0.3166928101,0.2959811003,0.2766239364,0.2585327309],
			"ytilde": [1,0.2919181355,0.07286071209,0.008803514126,-0.007268514901,-0.00928487011,-0.007756630821,-0.005767785537,-0.004099932279,-0.002858038453,-0.001974756195,-0.001358868477,-0.0009332721454,-0.0006403949549,-0.0004392414695,-0.0003012118166,-0.0002065379105,-0.0001416146791,-9.709741678e-05,-6.657371505e-05,-4.564528138e-05],
			"ybar": [1,"_NaN_","_NaN_","_NaN_","_NaN_","_NaN_","_NaN_","_NaN_","_NaN_","_NaN_","_NaN_","_NaN_","_NaN_","_NaN_","_NaN_","_NaN_","_NaN_","_NaN_","_NaN_","_NaN_","_NaN_"],
			"interest": [1,"_NaN_","_NaN_","_NaN_","_NaN_","_NaN_","_NaN_","_NaN_","_NaN_","_NaN_","_NaN_","_NaN_","_NaN_","_NaN_","_NaN_","_NaN_","_NaN_","_NaN_","_NaN_","_NaN_","_NaN_"],
			"inflation": [1,"_NaN_","_NaN_","_NaN_","_NaN_","_NaN_","_NaN_","_NaN_","_NaN_","_NaN_","_NaN_","_NaN_","_NaN_","_NaN_","_NaN_","_NaN_","_NaN_","_NaN_","_NaN_","_NaN_","_NaN_"],
			"inflationq": [1,"_NaN_","_NaN_","_NaN_","_NaN_","_NaN_","_NaN_","_NaN_","_NaN_","_NaN_","_NaN_","_NaN_","_NaN_","_NaN_","_NaN_","_NaN_","_NaN_","_NaN_","_NaN_","_NaN_","_NaN_"],
			"outputgap": [1,0.2919181355,0.07286071209,0.008803514126,-0.007268514901,-0.00928487011,-0.007756630821,-0.005767785537,-0.004099932279,-0.002858038453,-0.001974756195,-0.001358868477,-0.0009332721454,-0.0006403949549,-0.0004392414695,-0.0003012118166,-0.0002065379105,-0.0001416146791,-9.709741678e-05,-6.657371505e-05,-4.564528138e-05],
			"AUX_ENDO_LEAD_81": [1,"_NaN_","_NaN_","_NaN_","_NaN_","_NaN_","_NaN_","_NaN_","_NaN_","_NaN_","_NaN_","_NaN_","_NaN_","_NaN_","_NaN_","_NaN_","_NaN_","_NaN_","_NaN_","_NaN_","_NaN_"],
			"AUX_ENDO_LEAD_85": [1,"_NaN_","_NaN_","_NaN_","_NaN_","_NaN_","_NaN_","_NaN_","_NaN_","_NaN_","_NaN_","_NaN_","_NaN_","_NaN_","_NaN_","_NaN_","_NaN_","_NaN_","_NaN_","_NaN_","_NaN_"],
			"AUX_ENDO_LEAD_89": [1,"_NaN_","_NaN_","_NaN_","_NaN_","_NaN_","_NaN_","_NaN_","_NaN_","_NaN_","_NaN_","_NaN_","_NaN_","_NaN_","_NaN_","_NaN_","_NaN_","_NaN_","_NaN_","_NaN_","_NaN_"],
			"AUX_ENDO_LEAD_116": [1,0.2526073911,0.03319883087,-0.02249882681,-0.0300588106,-0.02534010505,-0.01890346713,-0.01345530655,-0.009385258075,-0.006486520719,-0.004464077892,-0.00306611835,-0.002103976419,-0.001443118922,-0.0009896315519,-0.0006785824131,-0.0004652771268,-0.0003190152127,-0.0002187291403,-0.0001499684165,-0.0001028234044],
			"AUX_ENDO_LEAD_120": [1,0.161695581,-0.05852503417,-0.0948900399,-0.08276468187,-0.06247016942,-0.04468214625,-0.03123381623,-0.02160834218,-0.01487791335,-0.01022099613,-0.007014381824,-0.004811400209,-0.00329953477,-0.002262488614,-0.001551306767,-0.001063649171,-0.0007292797311,-0.0005000201796,-0.0003428307846,-0.0002350561243],
			"AUX_ENDO_LEAD_124": [1,0.3168920539,0.09805770591,0.02868973401,0.00721004542,0.0009149399626,-0.0006751017317,-0.000883942075,-0.0007421913625,-0.0005528819037,-0.0003933026314,-0.0002742612121,-0.0001895296036,-0.0001304284523,-8.958141597e-05,-6.147017301e-05,-4.216218658e-05,-2.891301153e-05,-1.982539394e-05,-1.35934802e-05,-9.320307065e-06],
			"AUX_ENDO_LAG_0_1": [1,0.2527562017,0.03334897068,-0.02238033199,-0.02997253807,-0.02527932806,-0.01886127085,-0.01342620548,-0.009365250506,-0.006472785121,-0.00445465458,-0.003059655566,-0.002099544725,-0.001440080216,-0.0009875480535,-0.0006771538789,-0.000464297671,-0.0003183436641,-0.0002182687042,-0.0001496527263,-0.0001026069569],
			"AUX_ENDO_LAG_0_2": [1,0.2527562017,0.03334897068,-0.02238033199,-0.02997253807,-0.02527932806,-0.01886127085,-0.01342620548,-0.009365250506,-0.006472785121,-0.00445465458,-0.003059655566,-0.002099544725,-0.001440080216,-0.0009875480535,-0.0006771538789,-0.000464297671,-0.0003183436641,-0.0002182687041,-0.0001496527263,-0.0001026069569],
			"AUX_ENDO_LAG_13_1": [1,0.2919181355,0.07286071209,0.008803514126,-0.007268514901,-0.00928487011,-0.007756630821,-0.005767785537,-0.004099932279,-0.002858038453,-0.001974756195,-0.001358868477,-0.0009332721454,-0.0006403949549,-0.0004392414695,-0.0003012118166,-0.0002065379105,-0.0001416146791,-9.709741678e-05,-6.657371506e-05,-4.564528139e-05],
			"AUX_ENDO_LAG_13_2": [1,0.2919181355,0.07286071209,0.008803514126,-0.007268514901,-0.00928487011,-0.007756630821,-0.005767785537,-0.004099932279,-0.002858038453,-0.001974756195,-0.001358868477,-0.0009332721454,-0.0006403949549,-0.0004392414695,-0.0003012118166,-0.0002065379105,-0.0001416146791,-9.709741678e-05,-6.657371506e-05,-4.564528139e-05],
			"AUX_ENDO_LAG_13_3": [1,0.2919181355,0.07286071209,0.008803514126,-0.007268514901,-0.00928487011,-0.007756630821,-0.005767785537,-0.004099932279,-0.002858038453,-0.001974756195,-0.001358868477,-0.0009332721454,-0.0006403949549,-0.0004392414695,-0.0003012118166,-0.0002065379105,-0.0001416146791,-9.709741678e-05,-6.657371506e-05,-4.564528139e-05],
			"AUX_ENDO_LAG_10_1": [1,"_NaN_","_NaN_","_NaN_","_NaN_","_NaN_","_NaN_","_NaN_","_NaN_","_NaN_","_NaN_","_NaN_","_NaN_","_NaN_","_NaN_","_NaN_","_NaN_","_NaN_","_NaN_","_NaN_","_NaN_"],
			"AUX_ENDO_LAG_10_2": [1,"_NaN_","_NaN_","_NaN_","_NaN_","_NaN_","_NaN_","_NaN_","_NaN_","_NaN_","_NaN_","_NaN_","_NaN_","_NaN_","_NaN_","_NaN_","_NaN_","_NaN_","_NaN_","_NaN_","_NaN_"],
			"AUX_ENDO_LAG_10_3": [1,"_NaN_","_NaN_","_NaN_","_NaN_","_NaN_","_NaN_","_NaN_","_NaN_","_NaN_","_NaN_","_NaN_","_NaN_","_NaN_","_NaN_","_NaN_","_NaN_","_NaN_","_NaN_","_NaN_","_NaN_"],
			"AUX_ENDO_LAG_12_1": [1,"_NaN_","_NaN_","_NaN_","_NaN_","_NaN_","_NaN_","_NaN_","_NaN_","_NaN_","_NaN_","_NaN_","_NaN_","_NaN_","_NaN_","_NaN_","_NaN_","_NaN_","_NaN_","_NaN_","_NaN_"],
			"AUX_ENDO_LAG_12_2": [1,"_NaN_","_NaN_","_NaN_","_NaN_","_NaN_","_NaN_","_NaN_","_NaN_","_NaN_","_NaN_","_NaN_","_NaN_","_NaN_","_NaN_","_NaN_","_NaN_","_NaN_","_NaN_","_NaN_","_NaN_"],
			"AUX_ENDO_LAG_12_3": [1,"_NaN_","_NaN_","_NaN_","_NaN_","_NaN_","_NaN_","_NaN_","_NaN_","_NaN_","_NaN_","_NaN_","_NaN_","_NaN_","_NaN_","_NaN_","_NaN_","_NaN_","_NaN_","_NaN_","_NaN_"]
		},
		"VAR": {
			"pi": 3.072609453e-05,
			"p": "_NaN_",
			"y": "_NaN_",
			"R": 1.538433479e-06,
			"v": 0.0001451293378,
			"m": "_NaN_",
			"i": "_NaN_",