{
	"model": "NK_MCN99cr",
	"rule": "Coenen",
	"data": {
		"AC": {
			"pi": [1,0.1630043154,-0.03164971268,-0.05461754653,-0.0410137349,-0.02554981236,-0.01472739892,-0.008164436783,-0.004430287286,-0.002374607156,-0.001263554607,-0.0006694247653,-0.0003537221562,-0.0001866053378,-9.83464979e-05,-5.180030051e-05,-2.727378087e-05,-1.435687905e-05,-7.556389632e-06,-3.976779918e-06,-2.092791634e-06],
			"p": [1,"_NaN_","_NaN_","_NaN_","_NaN_","_NaN_","_NaN_","_NaN_","_NaN_","_NaN_","_NaN_","_NaN_","_NaN_","_NaN_","_NaN_","_NaN_","_NaN_","_NaN_","_NaN_","_NaN_","_NaN_"],
			"y": [1,"_NaN_","_NaN_","_NaN_","_NaN_","_NaN_","_NaN_","_NaN_","_NaN_","_NaN_","_NaN_","_NaN_","_NaN_","_NaN_","_NaN_","_NaN_","_NaN_","_NaN_","_NaN_","_NaN_","_NaN_"],
			"R": [1,0.7259994178,0.4466196093,0.2558978785,0.1414071013,0.07659238698,0.04100926487,0.02180758219,0.01154910173,0.006101085816,0.003218154853,0.001695914046,0.0008932107992,0.0004702759489,0.0002475475928,0.0001302889646,6.856800981e-05,3.608393979e-05,1.898860864e-05,9.992271411e-06,5.258117829e-06],
			"v": [1,0.3233,0.10452289,0.03379225034,0.01092503453,0.003532063665,0.001141916183,0.0003691815019,0.0001193563796,3.858791751e-05,1.247547373e-05,4.033320658e-06,1.303972569e-06,4.215743314e-07,1.362949814e-07,4.406416747e-08,1.424594534e-08,4.60571413e-09,1.489027378e-09,4.814025513e-10,1.556374448e-10],
			"m": [1,"_NaN_","_NaN_","_NaN_","_NaN_","_NaN_","_NaN_","_NaN_","_NaN_","_NaN_","_NaN_","_NaN_","_NaN_","_NaN_","_NaN_","_NaN_","_NaN_","_NaN_","_NaN_","_NaN_","_NaN_"],
			"i": [1,"_NaN_","_NaN_","_NaN_","_NaN_","_NaN_","_NaN_","_NaN_","_NaN_","_NaN_","_NaN_","_NaN_","_NaN_","_NaN_","_NaN_","_NaN_","_NaN_","_NaN_","_NaN_","_NaN_","_NaN_"],
			"eta": [1,0.9346,0.87347716,0.8163517537,0.762962349,0.7130646114,0.6664301858,0.6228456517,0.5821115461,0.5440414509,0.5084611401,0.4752077815,0.4441291926,0.4150831434,0.3879367058,0.3625656453,0.3388538521,0.3166928101,0.2959811003,0.2766239364,0.2585327309],
			"ytilde": [1,0.2282323668,0.02376209426,-0.01864153888,-0.01987863865,-0.01371571895,-0.008269804604,-0.004691908538,-0.002578931202,-0.001392621816,-0.0007443082161,-0.0003953789682,-0.0002092537469,-0.0001104997266,-5.827155332e-05,-3.070361975e-05,-1.616964653e-05,-8.512856058e-06,-4.48091259e-06,-2.358339555e-06,-1.241122591e-06],
			"ybar": [1,"_NaN_","_NaN_","_NaN_","_NaN_","_NaN_","_NaN_","_NaN_","_NaN_","_NaN_","_NaN_","_NaN_","_NaN_","_NaN_","_NaN_","_NaN_","_NaN_","_NaN_","_NaN_","_NaN_","_NaN_"],
			"interest": [1,"_NaN_","_NaN_","_NaN_","_NaN_","_NaN_","_NaN_","_NaN_","_NaN_","_NaN_","_NaN_","_NaN_","_NaN_","_NaN_","_NaN_","_NaN_","_NaN_","_NaN_","_NaN_","_NaN_","_NaN_"],
			"inflation": [1,0.780478364,0.4753051993,0.1737004928,-0.07221794574,-0.09090028876,-0.06493464298,-0.03969829486,-0.02267715569,-0.01251083868,-0.00677015514,-0.00362292128,-0.001925942412,-0.001019761723,-0.0005386488891,-0.0002841017472,-0.0001497102105,-7.884781599e-05,-4.151271925e-05,-2.185157006e-05,-1.150082048e-05],
			"inflationq": [1,0.1630043154,-0.03164971268,-0.05461754653,-0.0410137349,-0.02554981236,-0.01472739892,-0.008164436783,-0.004430287286,-0.002374607156,-0.001263554607,-0.0006694247653,-0.0003537221562,-0.0001866053378,-9.83464979e-05,-5.180030051e-05,-2.727378087e-05,-1.435687905e-05,-7.556389632e-06,-3.976779919e-06,-2.092791635e-06],
			"outputgap": [1,0.2282323668,0.02376209426,-0.01864153888,-0.01987863865,-0.01371571895,-0.008269804604,-0.004691908538,-0.002578931202,-0.001392621816,-0.0007443082161,-0.0003953789682,-0.0002092537469,-0.0001104997266,-5.827155332e-05,-3.070361975e-05,-1.616964653e-05,-8.512856058e-06,-4.48091259e-06,-2.358339555e-06,-1.241122591e-06],
			"AUX_ENDO_LEAD_81": [1,0.009979459833,-0.1616456817,-0.1390171761,-0.09059662112,-0.05331256772,-0.02987690002,-0.0163109799,-0.008773564314,-0.004678342459,-0.002481705422,-0.001312335562,-0.0006926447056,-0.0003651489229,-0.0001923622239,-0.0001012930641,-5.332405396e-05,-2.806694328e-05,-1.477145155e-05,-7.773637208e-06,-4.090805206e-06],
			"AUX_ENDO_LEAD_85": [1,0.8396086183,0.5431316305,0.3185581202,0.1782185855,0.0972041002,0.05225660571,0.02785576466,0.01477365128,0.007811432314,0.004122538259,0.002173225927,0.001144834757,0.0006028308458,0.0003173470474,0.0001670335396,8.79083365e-05,4.626260932e-05,2.434523788e-05,1.281114628e-05,6.741489423e-06],
			"AUX_ENDO_LEAD_89": [1,0.6860081899,0.4126467073,0.2338410381,0.128449203,0.06933692071,0.03705012275,0.01967857994,0.01041403788,0.005499031965,0.00289980561,0.001527896948,0.0008046374177,0.0004236157041,0.0002229776998,0.0001173546188,6.176008042e-05,3.250097738e-05,1.710303791e-05,9.000007852e-06,4.735960703e-06],
			"AUX_ENDO_LEAD_116": [1,0.1230968087,-0.06555149277,-0.07662821117,-0.05394450588,-0.03279008937,-0.01867825261,-0.01028898199,-0.005562974889,-0.002975400613,-0.001581237389,-0.0008370901215,-0.0004421101103,-0.0002331678997,-0.000122864954,-6.470756831e-05,-3.40674579e-05,-1.793234055e-05,-9.438012914e-06,-4.966966163e-06,-2.613855608e-06],
			"AUX_ENDO_LEAD_120": [1,0.1259475792,-0.06312973803,-0.07505589162,-0.05302080347,-0.03227288422,-0.01839602558,-0.01013721629,-0.005482061982,-0.002932483267,-0.001558543896,-0.0008251130403,-0.0004357961661,-0.0002298417291,-0.0001211134918,-6.378554481e-05,-3.358215534e-05,-1.767692943e-05,-9.303600176e-06,-4.896232733e-06,-2.576633666e-06],
			"AUX_ENDO_LEAD_124": [1,0.8059857285,0.5145686881,0.3000136855,0.1673241467,0.09110401889,0.04892793075,0.02606579192,0.01381933884,0.007305251551,0.003854884025,0.002031964438,0.0010703661,0.000563600936,0.0002966897471,0.0001561589028,8.218452477e-05,4.325020994e-05,2.275993179e-05,1.197689412e-05,6.302482355e-06],
			"AUX_ENDO_LAG_0_1": [1,0.1630043154,-0.03164971268,-0.05461754653,-0.0410137349,-0.02554981236,-0.01472739892,-0.008164436783,-0.004430287286,-0.002374607156,-0.001263554607,-0.0006694247653,-0.0003537221562,-0.0001866053378,-9.834649791e-05,-5.180030052e-05,-2.727378087e-05,-1.435687906e-05,-7.556389633e-06,-3.97677992e-06,-2.092791636e-06],
			"AUX_ENDO_LAG_0_2": [1,0.1630043154,-0.03164971268,-0.05461754653,-0.0410137349,-0.02554981236,-0.01472739892,-0.008164436783,-0.004430287286,-0.002374607156,-0.001263554607,-0.0006694247653,-0.0003537221562,-0.0001866053378,-9.834649791e-05,-5.180030052e-05,-2.727378087e-05,-1.435687906e-05,-7.556389634e-06,-3.97677992e-06,-2.092791636e-06],
			"AUX_ENDO_LAG_13_1": [1,0.2282323668,0.02376209426,-0.01864153888,-0.01987863865,-0.01371571895,-0.008269804604,-0.004691908538,-0.002578931202,-0.001392621816,-0.0007443082161,-0.0003953789682,-0.0002092537469,-0.0001104997266,-5.827155332e-05,-3.070361976e-05,-1.616964653e-05,-8.51285606e-06,-4.480912592e-06,-2.358339557e-06,-1.241122593e-06],
			"AUX_ENDO_LAG_13_2": [1,0.2282323668,0.02376209426,-0.01864153888,-0.01987863865,-0.01371571895,-0.008269804604,-0.004691908538,-0.002578931202,-0.001392621816,-0.0007443082161,-0.0003953789682,-0.0002092537469,-0.0001104997266,-5.827155332e-05,-3.070361976e-05,-1.616964653e-05,-8.51285606e-06,-4.480912592e-06,-2.358339557e-06,-1.241122593e-06],
			"AUX_ENDO_LAG_13_3": [1,0.2282323668,0.02376209426,-0.01864153888,-0.01987863865,-0.01371571895,-0.008269804604,-0.004691908538,-0.002578931202,-0.001392621816,-0.0007443082161,-0.0003953789682,-0.0002092537469,-0.0001104997266,-5.827155332e-05,-3.070361976e-05,-1.616964653e-05,-8.51285606e-06,-4.480912592e-06,-2.358339557e-06,-1.241122593e-06],
			"AUX_ENDO_LAG_10_1": [1,"_NaN_","_NaN_","_NaN_","_NaN_","_NaN_","_NaN_","_NaN_","_NaN_","_NaN_","_NaN_","_NaN_","_NaN_","_NaN_","_NaN_","_NaN_","_NaN_","_NaN_","_NaN_","_NaN_","_NaN_"],
			"AUX_ENDO_LAG_10_2": [1,"_NaN_","_NaN_","_NaN_","_NaN_","_NaN_","_NaN_","_NaN_","_NaN_","_NaN_","_NaN_","_NaN_","_NaN_","_NaN_","_NaN_","_NaN_","_NaN_","_NaN_","_NaN_","_NaN_","_NaN_"],