{
	"model": "NK_RW97AL",
	"rule": "CMR",
	"data": {
		"AC": {
			"pi": [1,0.1992564689,0.2472795644,0.1818198973,0.2134769389,0.1528052145,0.1689287657,0.1459343488,0.1522891414,0.1355048928,0.1471290806,0.1327065457,0.1516130844,0.1089179952,0.1486827674,0.08981929582,0.1340039855,0.1211386148,0.1224064931,0.1053786838,0.1277390761],
			"y": [1,0.5163958663,0.5162063468,0.2912516836,0.3339203781,0.1748944199,0.2378020696,0.1194815115,0.2013119778,0.1069693865,0.1767313783,0.110998806,0.1718120701,0.1007966355,0.1590890336,0.08163099997,0.1483898504,0.08353994448,0.1465659122,0.09223993601,0.1495856106],
			"ynat": [1,0.6738834352,0.4774293288,0.3506472645,0.2508578852,0.1712259283,0.1138118047,0.08093045034,0.05812062225,0.0312245084,0.02848156951,0.02723848803,0.0204029475,0.02163978178,0.01579938582,0.001749999823,-0.00791882913,-0.004020818897,0.003155014344,0.00728943211,0.01546294672],
			"rnat": [1,0.3366963774,0.4526130942,0.2202314549,0.359809046,0.1351550691,0.2696194101,0.08870275108,0.2449012162,0.09112579169,0.2137771008,0.08509787464,0.2219028592,0.07315795669,0.1946153422,0.06361279616,0.1859557549,0.06293712767,0.1737937212,0.07175466084,0.1838534468],
			"i": [1,0.4418885834,0.552220254,0.3192154333,0.4649979234,0.2579743836,0.3950635286,0.216670747,0.3596669441,0.2007731769,0.3186792014,0.1938306112,0.315630238,0.1837897964,0.2929892428,0.1708973908,0.2866005506,0.1738709244,0.2791624461,0.1779361872,0.2750900428],
			"x": [1,0.4864045068,0.5410117329,0.3137234697,0.3956476806,0.2278298551,0.3218701962,0.1919334881,0.29176959,0.1843866749,0.2661787645,0.1885456792,0.2636157345,0.1788123501,0.2524763503,0.1590675174,0.2431161229,0.1645402157,0.2355769777,0.1675166471,0.2306109607],
			"u": [1,-0.005551610086,0.006903304532,0.01353547862,0.01230624755,-0.007044775056,-0.009376684718,0.008553453644,-0.0211602669,0.006098390624,-0.01027084948,0.00436357755,0.00390101179,-0.009361503476,0.01178058363,-0.02364054392,-0.001149622316,0.01085758423,-0.01947211964,-0.004622738949,-0.004388427054],
			"g": [1,0.6738834352,0.4774293288,0.3506472645,0.2508578852,0.1712259283,0.1138118047,0.08093045034,0.05812062225,0.0312245084,0.02848156951,0.02723848803,0.0204029475,0.02163978178,0.01579938582,0.001749999823,-0.00791882913,-0.004020818897,0.003155014344,0.00728943211,0.01546294672],
			"g_": [1,-0.01540544097,-0.0190823424,0.003722904274,0.002172426899,-0.02063492347,-0.01380406567,-0.00973048091,0.009859476778,-0.02905922343,0.001132117229,0.008891611497,-0.004177266777,0.01199021864,0.009150580327,0.002000663628,-0.006886314633,-0.0009338617334,-0.003441060774,0.006447229897,0.0216534563],
			"interest": [1,0.4418885834,0.552220254,0.3192154333,0.4649979234,0.2579743836,0.3950635286,0.216670747,0.3596669441,0.2007731769,0.3186792014,0.1938306112,0.315630238,0.1837897964,0.2929892428,0.1708973908,0.2866005506,0.1738709244,0.2791624461,0.1779361872,0.2750900428],
			"inflation": [1,0.7335150254,0.5665043393,0.4186147233,0.3235124814,0.2979587321,0.2832566754,0.2598478716,0.2516960258,0.2325908984,0.2324126793,0.2282002879,0.2314885398,0.2140236931,0.2127222853,0.1947310371,0.2018457427,0.2012194055,0.197668005,0.1956609076,0.1973045993],
			"inflationq": [1,0.1992564689,0.2472795644,0.1818198973,0.2134769389,0.1528052145,0.1689287657,0.1459343488,0.1522891414,0.1355048928,0.1471290806,0.1327065457,0.1516130844,0.1089179952,0.1486827674,0.08981929582,0.1340039855,0.1211386148,0.1224064931,0.1053786838,0.1277390761],
			"inflationql": [1,0.2254888839,0.157714274,0.1599276046,0.1652590994,0.145897608,0.1226785188,0.1355963628,0.1062171439,0.1203359261,0.1068474726,0.1189055344,0.1153392825,0.1108349088,0.1141228577,0.09119948911,0.09250609847,0.1151673944,0.08960716609,0.1039205857,0.09561662766],
			"inflationql2": [1,0.2183740696,0.1683910127,0.1116934321,0.1297934458,0.1221422366,0.1071303047,0.1199301453,0.09030261039,0.09686671331,0.08892080096,0.09639289943,0.1040155417,0.08285689022,0.09314174849,0.07306949949,0.0730455744,0.1054849669,0.07605556595,0.08410069762,0.0783042589],
			"inflationqls": [1,0.6102547125,0.2498863728,0.2205011187,0.2295726508,0.2106331828,0.1931611057,0.1854930798,0.1701244093,0.1607809469,0.1626391059,0.1661405967,0.1664849664,0.160075085,0.1494763067,0.1366371153,0.1376721637,0.1515541146,0.1441599414,0.141681047,0.1367176976],
			"outputgap": [1,0.4864045068,0.5410117329,0.3137234697,0.3956476806,0.2278298551,0.3218701962,0.1919334881,0.29176959,0.1843866749,0.2661787645,0.1885456792,0.2636157345,0.1788123501,0.2524763503,0.1590675174,0.2431161229,0.1645402157,0.2355769777,0.1675166471,0.2306109607],
			"output": [1,0.5163958663,0.5162063468,0.2912516836,0.3339203781,0.1748944199,0.2378020696,0.1194815115,0.2013119778,0.1069693865,0.1767313783,0.110998806,0.1718120701,0.1007966355,0.1590890336,0.08163099997,0.1483898504,0.08353994448,0.1465659122,0.09223993601,0.1495856106],
			"fispol": [1,-0.01540544097,-0.0190823424,0.003722904274,0.002172426899,-0.02063492347,-0.01380406567,-0.00973048091,0.009859476778,-0.02905922343,0.001132117229,0.008891611497,-0.004177266777,0.01199021864,0.009150580327,0.002000663628,-0.006886314633,-0.0009338617334,-0.003441060774,0.006447229897,0.0216534563]
		},
		"VAR": {
			"pi": 0.04007090778,
			"y": 2.285537582,
			"ynat": 0.2510091792,
			"rnat": 0.006966689474,
			"i": 0.009446865016,
			"x": 1.502146933,
			"u": 0.01865258917,
			"g": 3.891622782,
			"g_": 1.795426977,
			"interest": 0.1511498403,
			"inflation": 0.2157622264,
			"inflationq": 0.6411345245,
			"inflationql": 0.5165703172,
			"inflationql2": 0.4423248655,
			"inflationqls": 1.235538639,
			"outputgap": 1.502146933,
			"output": 2.285537582,
			"fispol": 1.795426977
		},
		"IRF": {
			"interest_": {
				"pi": [0,-0.3341549119,-0.2140592189,-0.1344133601,-0.08308187181,-0.0493356984,-0.02722994514,-0.01274679646,-0.003285136807,0.002858871838,0.006807284699,0.009301850803,0.0108341675,0.0117305457,0.01220775041,0.01240980394,0.0124323714,0.01233895438,0.01217165882,0.01195835996,0.01171747114],
				"y": [0,-4.758325736,-3.05908225,-1.930122665,-1.198327995,-0.7165545017,-0.4003757603,-0.1929292949,-0.05723281314,0.03100495124,0.08781077118,0.1237927184,0.1459870302,0.1590664783,0.1661359754,0.1692587433,0.1698053119,0.1686854249,0.1665022961,0.1636552679,0.160408141],
				"ynat": [0,0,0,0,0,0,0,0,0,0,0,0,0,0,0,0,0,0,0,0,0],
				"rnat": [0,1.399769189e-14,-0.002138591436,-0.002130327651,-0.00212127798,-0.002098714912,-0.002067456891,-0.002027839475,-0.00198252538,-0.00193372532,-0.001883138325,-0.001831958955,-0.001780980406,-0.001730705862,-0.001681440198,-0.001633357349,-0.001586546903,-0.001541045186,-0.001496855564,-0.001453961478,-0.001412334734],
				"i": [0,0.04007868554,0.02562547792,0.0166805897,0.01038626607,0.006225682365,0.003443603581,0.00159926477,0.0003861966409,-0.0004037681645,-0.0009112553377,-0.00123080742,-0.001425741444,-0.0015383368,-0.001596760192,-0.00161974104,-0.001619712524,-0.001604914378,-0.001580797092,-0.001550957928,-0.001517764029],
				"x": [0,-4.758325736,-3.05908225,-1.930122665,-1.198327995,-0.7165545017,-0.4003757603,-0.1929292949,-0.05723281314,0.03100495124,0.08781077118,0.1237927184,0.1459870302,0.1590664783,0.1661359754,0.1692587433,0.1698053119,0.1686854249,0.1665022961,0.1636552679,0.160408141],
				"u": [0,2.775557562e-17,3.388487918e-17,1.821097906e-17,-4.734590343e-18,-6.257441778e-19,1.444537955e-18,-4.533560076e-19,-3.387904418e-19,-5.849110789e-19,-1.172435172e-19,-5.631248534e-19,-7.904123076e-19,1.21246123e-18,1.768349722e-18,-6.669456924e-19,1.326742071e-18,1.150725221e-19,5.285800109e-19,6.9325754e-19,5.112207753e-19],
				"g": [0,0,0,0,0,0,0,0,0,0,0,0,0,0,0,0,0,0,0,0,0],
				"g_": [0,0,0,0,0,0,0,0,0,0,0,0,0,0,0,0,0,0,0,0,0],