{
	"model": "NK_RW06",
	"rule": "CMR",
	"data": {
		"AC": {
			"x": [1,0.2456681317,0.1508799434,0.09266467393,0.05691108839,0.03495260755,0.02146655088,0.01318393216,0.008097065437,0.004972907012,0.003054168741,0.001875753292,0.001152015724,0.0007075238698,0.0004345340223,0.0002668741291,0.0001639038536,0.00010066346,6.182363601e-05,3.796970587e-05,2.331953694e-05],
			"pi": [1,0.4752359345,0.2918716824,0.179256392,0.1100924002,0.06761452941,0.04152625047,0.02550383022,0.01566347427,0.009619905094,0.005908176718,0.00362857552,0.002228531903,0.001368678815,0.00084059003,0.000516258154,0.0003170659561,0.0001947297485,0.0001195955423,7.345099476e-05,4.511078362e-05],
			"R": [1,0.614161643,0.3771945238,0.2316584085,0.1422757088,0.08738028305,0.05366561821,0.03295936425,0.0202423773,0.0124320917,0.007635313866,0.004689316909,0.002879998578,0.001768784658,0.001086319692,0.0006671758868,0.0004097538389,0.0002516550909,0.0001545569041,9.492292217e-05,5.829801784e-05],
			"interest": [1,0.614161643,0.3771945238,0.2316584085,0.1422757088,0.08738028305,0.05366561821,0.03295936425,0.0202423773,0.0124320917,0.007635313866,0.004689316909,0.002879998578,0.001768784658,0.001086319692,0.0006671758868,0.0004097538389,0.0002516550909,0.0001545569041,9.492292217e-05,5.829801784e-05],
			"inflation": [1,0.8937730091,0.7035581845,0.4834599857,0.280339217,0.1721735941,0.1057424175,0.06494293684,0.03988546079,0.02449612013,0.01504457739,0.009239802368,0.005674732203,0.003485202854,0.002140477911,0.001314599431,0.0008073765463,0.0004958597062,0.0003045380119,0.0001870355657,0.0001148700704],
			"inflationq": [1,0.4752359345,0.2918716824,0.179256392,0.1100924002,0.06761452941,0.04152625047,0.02550383022,0.01566347427,0.009619905094,0.005908176718,0.00362857552,0.002228531903,0.001368678815,0.00084059003,0.000516258154,0.0003170659561,0.0001947297485,0.0001195955423,7.345099476e-05,4.511078362e-05],
			"outputgap": [1,0.2456681317,0.1508799434,0.09266467393,0.05691108839,0.03495260755,0.02146655088,0.01318393216,0.008097065437,0.004972907012,0.003054168741,0.001875753292,0.001152015724,0.0007075238698,0.0004345340223,0.0002668741291,0.0001639038536,0.00010066346,6.182363601e-05,3.796970587e-05,2.331953694e-05],
			"AUX_ENDO_LEAD_71": [1,0.614161643,0.3771945238,0.2316584085,0.1422757088,0.08738028305,0.05366561821,0.03295936425,0.0202423773,0.0124320917,0.007635313866,0.004689316909,0.002879998578,0.001768784658,0.001086319692,0.0006671758868,0.0004097538389,0.0002516550909,0.0001545569041,9.492292217e-05,5.829801784e-05],
			"AUX_ENDO_LEAD_75": [1,0.614161643,0.3771945238,0.2316584085,0.1422757088,0.08738028305,0.05366561821,0.03295936425,0.0202423773,0.0124320917,0.007635313866,0.004689316909,0.002879998578,0.001768784658,0.001086319692,0.0006671758868,0.0004097538389,0.0002516550909,0.0001545569041,9.492292217e-05,5.829801784e-05],
			"AUX_ENDO_LEAD_79": [1,0.614161643,0.3771945238,0.2316584085,0.1422757088,0.08738028305,0.05366561821,0.03295936425,0.0202423773,0.0124320917,0.007635313866,0.004689316909,0.002879998578,0.001768784658,0.001086319692,0.0006671758868,0.0004097538389,0.0002516550909,0.0001545569041,9.492292217e-05,5.829801784e-05],
			"AUX_ENDO_LEAD_106": [1,0.614161643,0.3771945238,0.2316584085,0.1422757088,0.08738028305,0.05366561821,0.03295936425,0.0202423773,0.0124320917,0.007635313866,0.004689316909,0.002879998578,0.001768784658,0.001086319692,0.0006671758868,0.0004097538389,0.0002516550909,0.0001545569041,9.492292217e-05,5.829801784e-05],
			"AUX_ENDO_LEAD_110": [1,0.614161643,0.3771945238,0.2316584085,0.1422757088,0.08738028305,0.05366561821,0.03295936425,0.0202423773,0.0124320917,0.007635313866,0.004689316909,0.002879998578,0.001768784658,0.001086319692,0.0006671758868,0.0004097538389,0.0002516550909,0.0001545569041,9.492292217e-05,5.829801784e-05],
			"AUX_ENDO_LEAD_114": [1,0.614161643,0.3771945238,0.2316584085,0.1422757088,0.08738028305,0.05366561821,0.03295936425,0.0202423773,0.0124320917,0.007635313866,0.004689316909,0.002879998578,0.001768784658,0.001086319692,0.0006671758868,0.0004097538389,0.0002516550909,0.0001545569041,9.492292217e-05,5.829801784e-05],
			"AUX_ENDO_LAG_1_1": [1,0.4752359345,0.2918716824,0.179256392,0.1100924002,0.06761452941,0.04152625047,0.02550383022,0.01566347427,0.009619905094,0.005908176718,0.00362857552,0.002228531903,0.001368678815,0.00084059003,0.000516258154,0.0003170659561,0.0001947297485,0.0001195955423,7.345099476e-05,4.511078362e-05],
			"AUX_ENDO_LAG_1_2": [1,0.4752359345,0.2918716824,0.179256392,0.1100924002,0.06761452941,0.04152625047,0.02550383022,0.01566347427,0.009619905094,0.005908176718,0.00362857552,0.002228531903,0.001368678815,0.00084059003,0.000516258154,0.0003170659561,0.0001947297485,0.0001195955423,7.345099476e-05,4.511078362e-05],
			"AUX_ENDO_LAG_6_1": [1,0.2456681317,0.1508799434,0.09266467393,0.05691108839,0.03495260755,0.02146655088,0.01318393216,0.008097065437,0.004972907012,0.003054168741,0.001875753292,0.001152015724,0.0007075238698,0.0004345340223,0.0002668741291,0.0001639038536,0.00010066346,6.182363601e-05,3.796970587e-05,2.331953694e-05],
			"AUX_ENDO_LAG_6_2": [1,0.2456681317,0.1508799434,0.09266467393,0.05691108839,0.03495260755,0.02146655088,0.01318393216,0.008097065437,0.004972907012,0.003054168741,0.001875753292,0.001152015724,0.0007075238698,0.0004345340223,0.0002668741291,0.0001639038536,0.00010066346,6.182363601e-05,3.796970587e-05,2.331953694e-05],
			"AUX_ENDO_LAG_6_3": [1,0.2456681317,0.1508799434,0.09266467393,0.05691108839,0.03495260755,0.02146655088,0.01318393216,0.008097065437,0.004972907012,0.003054168741,0.001875753292,0.001152015724,0.0007075238698,0.0004345340223,0.0002668741291,0.0001639038536,0.00010066346,6.182363601e-05,3.796970587e-05,2.331953694e-05],
			"AUX_ENDO_LAG_3_1": [1,0.614161643,0.3771945238,0.2316584085,0.1422757088,0.08738028305,0.05366561821,0.03295936425,0.0202423773,0.0124320917,0.007635313866,0.004689316909,0.002879998578,0.001768784658,0.001086319692,0.0006671758868,0.0004097538389,0.0002516550909,0.0001545569041,9.492292217e-05,5.829801784e-05],
			"AUX_ENDO_LAG_3_2": [1,0.614161643,0.3771945238,0.2316584085,0.1422757088,0.08738028305,0.05366561821,0.03295936425,0.0202423773,0.0124320917,0.007635313866,0.004689316909,0.002879998578,0.001768784658,0.001086319692,0.0006671758868,0.0004097538389,0.0002516550909,0.0001545569041,9.492292217e-05,5.829801784e-05],
			"AUX_ENDO_LAG_3_3": [1,0.614161643,0.3771945238,0.2316584085,0.1422757088,0.08738028305,0.05366561821,0.03295936425,0.0202423773,0.0124320917,0.007635313866,0.004689316909,0.002879998578,0.001768784658,0.001086319692,0.0006671758868,0.0004097538389,0.0002516550909,0.0001545569041,9.492292217e-05,5.829801784e-05],
			"AUX_ENDO_LAG_5_1": [1,0.4752359345,0.2918716824,0.179256392,0.1100924002,0.06761452941,0.04152625047,0.02550383022,0.01566347427,0.009619905094,0.005908176718,0.00362857552,0.002228531903,0.001368678815,0.00084059003,0.000516258154,0.0003170659561,0.0001947297485,0.0001195955423,7.345099476e-05,4.511078362e-05],
			"AUX_ENDO_LAG_5_2": [1,0.4752359345,0.2918716824,0.179256392,0.1100924002,0.06761452941,0.04152625047,0.02550383022,0.01566347427,0.009619905094,0.005908176718,0.00362857552,0.002228531903,0.001368678815,0.00084059003,0.000516258154,0.0003170659561,0.0001947297485,0.0001195955423,7.345099476e-05,4.511078362e-05],
			"AUX_ENDO_LAG_5_3": [1,0.4752359345,0.2918716824,0.179256392,0.1100924002,0.06761452941,0.04152625047,0.02550383022,0.01566347427,0.009619905094,0.005908176718,0.00362857552,0.002228531903,0.001368678815,0.00084059003,0.000516258154,0.0003170659561,0.0001947297485,0.0001195955423,7.345099476e-05,4.511078362e-05]
		},
		"VAR": {
			"x": 1.666682381,
			"pi": 0.2035598132,
			"R": 0.05235428605,
			"interest": 0.8376685768,
			"inflation": 1.705305057,
			"inflationq": 3.256957011,
			"outputgap": 1.666682381,
			"AUX_ENDO_LEAD_71": 0.9506135223,
			"AUX_ENDO_LEAD_75": 0.3585662148,
			"AUX_ENDO_LEAD_79": 0.1352492126,