{
	"model": "NK_RW97AL",
	"rule": "CMR",
	"data": {
		"AC": {
			"pi": [1,0.1992565112,0.2472796117,0.1818199429,0.2134769864,0.1528052625,0.1689288169,0.145934394,0.152289192,0.1355049546,0.1471291401,0.1327066026,0.1516131313,0.1089180434,0.1486828141,0.08981934032,0.1340040338,0.1211386643,0.1224065438,0.1053787279,0.1277391261],
			"y": [1,0.5163958607,0.5162063468,0.2912516944,0.3339203965,0.1748944429,0.2378020934,0.1194815368,0.2013120045,0.1069694104,0.1767313964,0.1109988191,0.1718120812,0.1007966477,0.1590890435,0.08163101132,0.1483898626,0.08353996107,0.1465659319,0.09223995413,0.1495856282],
			"ynat": [1,0.6738834352,0.4774293288,0.3506472645,0.2508578852,0.1712259283,0.1138118047,0.08093045034,0.05812062225,0.0312245084,0.02848156951,0.02723848803,0.0204029475,0.02163978178,0.01579938582,0.001749999823,-0.00791882913,-0.004020818897,0.003155014344,0.00728943211,0.01546294672],
			"rnat": [1,0.3366963524,0.4526130606,0.2202314215,0.3598090082,0.1351550393,0.2696193886,0.08870273309,0.244901206,0.09112578209,0.2137770968,0.08509786907,0.2219028507,0.07315794932,0.1946153276,0.06361278517,0.1859557527,0.06293713441,0.1737937401,0.07175467464,0.18385347],
			"i": [1,0.4418885787,0.5522202411,0.3192154184,0.4649979108,0.2579743905,0.3950635601,0.2166708274,0.3596670389,0.20077329,0.3186793331,0.1938307515,0.3156303595,0.1837899163,0.2929893415,0.1708974661,0.2866006252,0.1738710104,0.2791625536,0.1779362748,0.2750901362],
			"x": [1,0.4864044944,0.5410117322,0.3137234888,0.3956477168,0.2278298989,0.321870243,0.1919335397,0.2917696478,0.1843867283,0.2661788092,0.1885457154,0.2636157691,0.1788123867,0.2524763829,0.1590675507,0.2431161579,0.1645402562,0.235577025,0.1675166893,0.2306110035],
			"u": [1,-0.005551610086,0.006903304532,0.01353547862,0.01230624755,-0.007044775056,-0.009376684718,0.008553453644,-0.0211602669,0.006098390624,-0.01027084948,0.00436357755,0.00390101179,-0.009361503476,0.01178058363,-0.02364054392,-0.001149622316,0.01085758423,-0.01947211964,-0.004622738949,-0.004388427054],
			"g": [1,0.6738834352,0.4774293288,0.3506472645,0.2508578852,0.1712259283,0.1138118047,0.08093045034,0.05812062225,0.0312245084,0.02848156951,0.02723848803,0.0204029475,0.02163978178,0.01579938582,0.001749999823,-0.00791882913,-0.004020818897,0.003155014344,0.00728943211,0.01546294672],
			"g_": [1,-0.01540544097,-0.0190823424,0.003722904274,0.002172426899,-0.02063492347,-0.01380406567,-0.00973048091,0.009859476778,-0.02905922343,0.001132117229,0.008891611497,-0.004177266777,0.01199021864,0.009150580327,0.002000663628,-0.006886314633,-0.0009338617334,-0.003441060774,0.006447229897,0.0216534563],
			"interest": [1,0.4418885787,0.5522202411,0.3192154184,0.4649979108,0.2579743905,0.3950635601,0.2166708274,0.3596670389,0.20077329,0.3186793331,0.1938307515,0.3156303595,0.1837899163,0.2929893415,0.1708974661,0.2866006252,0.1738710104,0.2791625536,0.1779362748,0.2750901362],
			"inflation": [1,0.7335150206,0.5665043403,0.4186147334,0.3235125051,0.2979587586,0.2832567093,0.2598479159,0.2516960748,0.2325909578,0.232412745,0.2282003554,0.2314885977,0.2140237524,0.212722342,0.1947310897,0.2018457979,0.2012194658,0.1976680656,0.1956609572,0.1973046442],
			"inflationq": [1,0.1992565112,0.2472796117,0.1818199429,0.2134769864,0.1528052625,0.1689288169,0.145934394,0.152289192,0.1355049546,0.1471291401,0.1327066026,0.1516131313,0.1089180434,0.1486828141,0.08981934032,0.1340040338,0.1211386643,0.1224065438,0.1053787279,0.1277391261],
			"inflationql": [1,0.2254889187,0.1577142923,0.1599276278,0.1652591344,0.1458976362,0.1226785434,0.1355963904,0.1062171843,0.1203359612,0.1068475107,0.1189055751,0.1153393168,0.1108349446,0.1141228899,0.09119951821,0.09250613206,0.115167425,0.08960720158,0.1039206143,0.09561665303],
			"inflationql2": [1,0.2183740926,0.1683910198,0.1116934387,0.1297934644,0.1221422495,0.1071303224,0.1199301643,0.09030263071,0.09686673199,0.08892082591,0.09639292963,0.104015563,0.08285690963,0.09314177168,0.07306952305,0.07304559096,0.1054849879,0.07605559125,0.08410071694,0.07830427196],
			"inflationqls": [1,0.6102547221,0.2498863879,0.2205011362,0.2295726813,0.2106332102,0.1931611313,0.1854931163,0.1701244497,0.1607809866,0.1626391545,0.1661406486,0.1664850093,0.1600751249,0.149476348,0.1366371556,0.1376722025,0.1515541564,0.1441599854,0.1416810841,0.136717727],
			"outputgap": [1,0.4864044944,0.5410117322,0.3137234888,0.3956477168,0.2278298989,0.321870243,0.1919335397,0.2917696478,0.1843867283,0.2661788092,0.1885457154,0.2636157691,0.1788123867,0.2524763829,0.1590675507,0.2431161579,0.1645402562,0.235577025,0.1675166893,0.2306110035],
			"output": [1,0.5163958607,0.5162063468,0.2912516944,0.3339203965,0.1748944429,0.2378020934,0.1194815368,0.2013120045,0.1069694104,0.1767313964,0.1109988191,0.1718120812,0.1007966477,0.1590890435,0.08163101132,0.1483898626,0.08353996107,0.1465659319,0.09223995413,0.1495856282],
			"fispol": [1,-0.01540544097,-0.0190823424,0.003722904274,0.002172426899,-0.02063492347,-0.01380406567,-0.00973048091,0.009859476778,-0.02905922343,0.001132117229,0.008891611497,-0.004177266777,0.01199021864,0.009150580327,0.002000663628,-0.006886314633,-0.0009338617334,-0.003441060774,0.006447229897,0.0216534563]
		},
		"VAR": {
			"pi": 0.04007091101,
			"y": 2.285537622,
			"ynat": 0.2510091792,
			"rnat": 0.006966689452,
			"i": 0.009446867337,
			"x": 1.502146966,
			"u": 0.01865258917,
			"g": 3.891622782,
			"g_": 1.795426977,
			"interest": 0.1511498774,
			"inflation": 0.2157622563,
			"inflationq": 0.6411345762,
			"inflationql": 0.5165703572,
			"inflationql2": 0.4423248963,
			"inflationqls": 1.235538772,
			"outputgap": 1.502146966,
			"output": 2.285537622,
			"fispol": 1.795426977
		},
		"IRF": {
			"interest_": {
				"pi": [0,-0.3341549119,-0.2140592189,-0.1344133601,-0.08308187181,-0.0493356984,-0.02722994514,-0.01274679646,-0.003285136807,0.002858871838,0.006807284699,0.009301850803,0.0108341675,0.0117305457,0.01220775041,0.01240980394,0.0124323714,0.01233895438,0.01217165882,0.01195835996,0.01171747114],
				"y": [0,-4.758325736,-3.05908225,-1.930122665,-1.198327995,-0.7165545017,-0.4003757603,-0.1929292949,-0.05723281314,0.03100495124,0.08781077118,0.1237927184,0.1459870302,0.1590664783,0.1661359754,0.1692587433,0.1698053119,0.1686854249,0.1665022961,0.1636552679,0.160408141],
				"ynat": [0,0,0,0,0,0,0,0,0,0,0,0,0,0,0,0,0,0,0,0,0],
				"rnat": [0,-7.914613409e-14,-0.002138591436,-0.002130327651,-0.00212127798,-0.002098714912,-0.002067456891,-0.002027839475,-0.00198252538,-0.00193372532,-0.001883138325,-0.001831958955,-0.001780980406,-0.001730705862,-0.001681440198,-0.001633357349,-0.001586546903,-0.001541045186,-0.001496855564,-0.001453961478,-0.001412334734],
				"i": [0,0.04007868554,0.02562547792,0.0166805897,0.01038626607,0.006225682365,0.003443603581,0.00159926477,0.0003861966409,-0.0004037681645,-0.0009112553377,-0.00123080742,-0.001425741444,-0.0015383368,-0.001596760192,-0.00161974104,-0.001619712524,-0.001604914378,-0.001580797092,-0.001550957928,-0.001517764029],
				"x": [0,-4.758325736,-3.05908225,-1.930122665,-1.198327995,-0.7165545017,-0.4003757603,-0.1929292949,-0.05723281314,0.03100495124,0.08781077118,0.1237927184,0.1459870302,0.1590664783,0.1661359754,0.1692587433,0.1698053119,0.1686854249,0.1665022961,0.1636552679,0.160408141],
				"u": [0,-2.706049886e-17,-2.195241232e-17,8.135942422e-18,-1.092648565e-17,-1.276962205e-17,1.358873989e-18,1.954764816e-18,1.058268553e-18,1.521483343e-18,9.169574716e-19,-2.375903631e-18,6.745379594e-19,-2.567597441e-20,3.88878559e-19,-1.60027037e-18,-8.624198616e-19,3.234634384e-19,1.091041934e-18,2.028703896e-18,-1.573482759e-19],
				"g": [0,0,0,0,0,0,0,0,0,0,0,0,0,0,0,0,0,0,0,0,0],
				"g_": [0,0,0,0,0,0,0,0,0,0,0,0,0,0,0,0,0,0,0,0,0],