{
	"model": "NK_RW97AL",
	"rule": "SW",
	"data": {
		"AC": {
			"pi": [1,0.1609616695,0.1870606822,0.1541602974,0.1468778922,0.1387128007,0.1304496007,0.1381777702,0.1211136006,0.1540644122,0.1239207516,0.1378377208,0.1228695597,0.1408085464,0.1265971289,0.09539934889,0.1142638064,0.133895057,0.07757140229,0.1181451376,0.1046035059],
			"y": [1,0.6085594732,0.4502119418,0.3254103428,0.2396794626,0.1670223113,0.1127376435,0.06819997882,0.03419730946,0.001591379978,-0.02257587284,-0.02341485974,-0.03436997507,-0.04097635938,-0.0475806673,-0.03572827625,-0.02968205014,-0.02738531803,-0.048568742,-0.03391715477,-0.02726661933],
			"ynat": [1,0.6915653968,0.5062863735,0.3790564022,0.2931593708,0.2249887682,0.1770218766,0.1353743885,0.09678998988,0.05789516512,0.03355104082,0.02795992933,0.01836294864,0.01592343076,0.004915344874,0.00939064515,0.005023270242,0.00987234192,0.007380642333,0.005016327884,0.01638967245],
			"rnat": [1,0.464334029,0.3823260228,0.3052993026,0.2666670274,0.2286067058,0.196093051,0.1718062182,0.1626453049,0.1338892284,0.123364864,0.1203220621,0.1132303319,0.1152587816,0.1000784641,0.1043009993,0.1010900025,0.1039219599,0.08339599437,0.1074885437,0.09890453469],
			"i": [1,0.4344005473,0.4128972689,0.3615005381,0.3415317798,0.2949232697,0.2594579426,0.2289596394,0.2205108216,0.2182264751,0.1933745006,0.1977053584,0.1872897415,0.176861321,0.1635480167,0.1653435366,0.1692855128,0.1642780014,0.1398468127,0.1653246045,0.1495094161],
			"x": [1,0.5018472977,0.382770435,0.284113093,0.2300990128,0.1797616548,0.1403187635,0.1086338862,0.1032184084,0.09611478978,0.07263664631,0.07746250999,0.05974221719,0.04843968879,0.04003965506,0.03676593499,0.04332390596,0.03517708589,0.01032518089,0.03729361252,0.03055399571],
			"u": [1,0.006187328856,0.0238965405,0.01705020388,0.0001392578061,0.005803485291,-0.007025782242,-0.009267064099,-0.009442530879,0.02869110743,-0.01649404651,0.01631861934,0.00189929958,0.0057630693,0.01533292285,-0.02927358178,-0.001013813346,0.03742923605,-0.03259178887,0.01746749873,0.02119918611],
			"g": [1,0.6915653968,0.5062863735,0.3790564022,0.2931593708,0.2249887682,0.1770218766,0.1353743885,0.09678998988,0.05789516512,0.03355104082,0.02795992933,0.01836294864,0.01592343076,0.004915344874,0.00939064515,0.005023270242,0.00987234192,0.007380642333,0.005016327884,0.01638967245],
			"g_": [1,-0.01919212239,0.003106750473,0.01287980029,0.01636124281,0.003740860597,0.01852573114,0.00402439777,0.01352473268,-0.02870407341,-0.02616473252,0.01477016562,-0.009852207946,3.606092634e-05,-0.02671811961,0.005962568117,-0.01701000411,0.01059258328,-0.013116484,-0.01591803174,0.02317131145],
			"interest": [1,0.4344005473,0.4128972689,0.3615005381,0.3415317798,0.2949232697,0.2594579426,0.2289596394,0.2205108216,0.2182264751,0.1933745006,0.1977053584,0.1872897415,0.176861321,0.1635480167,0.1653435366,0.1692855128,0.1642780014,0.1398468127,0.1653246045,0.1495094161],
			"inflation": [1,0.6332607747,0.4147377782,0.2441750569,0.1229355371,0.1344367589,0.1361985664,0.1468273107,0.1571433034,0.1692060992,0.1656051902,0.1725228177,0.1681024715,0.1628814635,0.1510230605,0.1316721799,0.1199793926,0.1199106015,0.1003922436,0.1142484704,0.1164635451],
			"inflationq": [1,0.1609616695,0.1870606822,0.1541602974,0.1468778922,0.1387128007,0.1304496007,0.1381777702,0.1211136006,0.1540644122,0.1239207516,0.1378377208,0.1228695597,0.1408085464,0.1265971289,0.09539934889,0.1142638064,0.133895057,0.07757140229,0.1181451376,0.1046035059],
			"inflationql": [1,0.1695670014,0.1034923711,0.08046519921,0.04250529185,0.07319845504,0.08093301087,0.07525831562,0.0751369091,0.1014899246,0.05414220795,0.08650845985,0.08584754214,0.08823326687,0.08013868569,0.05110620567,0.05835566069,0.08811692034,0.03635397572,0.07086062608,0.05911101332],
			"inflationql2": [1,0.164177857,0.1162898448,0.02105053148,0.007167151069,0.04919589344,0.03503234757,0.04906246889,0.06749672066,0.07579404423,0.03671853358,0.06648735167,0.07233286572,0.06022106283,0.06296254902,0.03297254051,0.03026665592,0.06650139,0.03707769331,0.0273320127,0.03303558745],
			"inflationqls": [1,0.5489608474,0.1421167707,0.07679393957,0.05962750742,0.07913420514,0.09178218163,0.0889766844,0.1124387837,0.1112289932,0.09041802093,0.1037270032,0.1160839759,0.1126561346,0.09371820597,0.06696310961,0.07281055679,0.08803161311,0.06611104232,0.06490384332,0.06274370069],
			"outputgap": [1,0.5018472977,0.382770435,0.284113093,0.2300990128,0.1797616548,0.1403187635,0.1086338862,0.1032184084,0.09611478978,0.07263664631,0.07746250999,0.05974221719,0.04843968879,0.04003965506,0.03676593499,0.04332390596,0.03517708589,0.01032518089,0.03729361252,0.03055399571],
			"output": [1,0.6085594732,0.4502119418,0.3254103428,0.2396794626,0.1670223113,0.1127376435,0.06819997882,0.03419730946,0.001591379978,-0.02257587284,-0.02341485974,-0.03436997507,-0.04097635938,-0.0475806673,-0.03572827625,-0.02968205014,-0.02738531803,-0.048568742,-0.03391715477,-0.02726661933],
			"fispol": [1,-0.01919212239,0.003106750473,0.01287980029,0.01636124281,0.003740860597,0.01852573114,0.00402439777,0.01352473268,-0.02870407341,-0.02616473252,0.01477016562,-0.009852207946,3.606092634e-05,-0.02671811961,0.005962568117,-0.01701000411,0.01059258328,-0.013116484,-0.01591803174,0.02317131145]
		},
		"VAR": {
			"pi": 0.02271054596,
			"y": 0.5114804949,
			"ynat": 0.19510913,
			"rnat": 0.004526283796,
			"i": 0.01926717147,
			"x": 0.1922536118,
			"u": 0.01399520573,
			"g": 3.024953659,
			"g_": 1.372851932,
			"interest": 0.3082747435,
			"inflation": 0.1142022331,
			"inflationq": 0.3633687353,
			"inflationql": 0.2760288202,
			"inflationql2": 0.2220896016,
			"inflationqls": 0.6425153721,
			"outputgap": 0.1922536118,
			"output": 0.5114804949,
			"fispol": 1.372851932
		},
		"IRF": {
			"interest_": {
				"pi": [0,-0.1191648851,-0.0930928461,-0.07320301219,-0.05750359464,-0.04517020661,-0.03547054664,-0.02784411683,-0.02184842931,-0.01713536955,-0.01343095914,-0.01051961638,-0.008231753244,-0.00643399435,-0.005021464712,-0.003911712071,-0.003039920271,-0.002355141397,-0.001817331099,-0.001395016616,-0.001063462933],
				"y": [0,-1.078973731,-0.8475478686,-0.6672375854,-0.5251351467,-0.4134409086,-0.3255939848,-0.2565172045,-0.202204793,-0.1595040662,-0.1259339837,-0.09954262692,-0.07879473006,-0.06248298611,-0.04965814123,-0.03957393105,-0.0316437299,-0.02540643569,-0.02049963166,-0.01663847829,-0.01359911503],
				"ynat": [0,0,0,0,0,0,0,0,0,0,0,0,0,0,0,0,0,0,0,0,0],
				"rnat": [0,2.964295476e-16,-0.0007626552648,-0.0007528338063,-0.0007486008825,-0.0007436523682,-0.0007386188839,-0.0007332652452,-0.0007276445057,-0.0007217991419,-0.0007157753742,-0.0007096162223,-0.000703359439,-0.000697036985,-0.0006906752789,-0.0006842957861,-0.0006779157176,-0.0006715487247,-0.0006652055327,-0.0006588944942,-0.0006526220562],
				"i": [0,-0.05671087398,-0.04423396211,-0.03487937095,-0.02741876334,-0.02155440545,-0.01692962933,-0.01328650577,-0.0104181563,-0.008160887271,-0.006385214703,-0.004988849301,-0.003891073791,-0.003028251688,-0.002350249518,-0.001817594422,-0.001399221254,-0.001070690338,-0.0008127796657,-0.0006103741848,-0.0004515902846],
				"x": [0,-1.078973731,-0.8475478686,-0.6672375854,-0.5251351467,-0.4134409086,-0.3255939848,-0.2565172045,-0.202204793,-0.1595040662,-0.1259339837,-0.09954262692,-0.07879473006,-0.06248298611,-0.04965814123,-0.03957393105,-0.0316437299,-0.02540643569,-0.02049963166,-0.01663847829,-0.01359911503],
				"u": [0,3.272408776e-19,4.657388465e-18,4.978640279e-18,-4.947772948e-17,-1.979197626e-17,3.301569014e-18,-1.892044527e-18,2.539180354e-18,-1.035702382e-17,-6.914466369e-18,1.488584351e-17,-7.018756741e-18,-5.506650929e-18,1.130431174e-18,6.848684421e-18,2.513173501e-18,-2.047929435e-18,-1.774879217e-18,-2.148694643e-19,-1.619063201e-19],
				"g": [0,0,0,0,0,0,0,0,0,0,0,0,0,0,0,0,0,0,0,0,0],
				"g_": [0,0,0,0,0,0,0,0,0,0,0,0,0,0,0,0,0,0,0,0,0],