{
	"model": "NK_RW97AL",
	"rule": "LWW",
	"data": {
		"AC": {
			"pi": [1,0.1318771398,0.1842434111,0.155055376,0.1500118639,0.1644109855,0.1626897817,0.1514772761,0.1666420111,0.1756212247,0.1299818836,0.1692442195,0.1451323602,0.1424728341,0.1393459436,0.1235007871,0.1019925287,0.1506317141,0.118187614,0.1236123503,0.1203681114],
			"y": [1,0.6798964491,0.4731277806,0.3152157771,0.211953642,0.1470679822,0.08649425604,0.04904851261,0.01453273734,-0.007641195799,-0.03118502036,-0.02902689923,-0.01683057554,-0.01321513548,-0.01579755681,-0.02189878105,-0.01359036412,-0.01010263868,-0.0320798256,-0.0294533985,-0.03000671142],
			"ynat": [1,0.7213988967,0.5287150588,0.3843909395,0.2874122831,0.2176206284,0.1641748499,0.1217698736,0.08492917551,0.0523436494,0.0339117288,0.02755935593,0.03106617063,0.03829550391,0.0335011634,0.03117177528,0.03336543704,0.0396000538,0.0297874243,0.02668885437,0.02398914394],
			"rnat": [1,0.5102090143,0.3996629373,0.3079156914,0.2633845043,0.217720718,0.1843294535,0.1670411354,0.159540617,0.1467698815,0.1256381385,0.1189623845,0.1357270644,0.1212060551,0.1073286335,0.09985222126,0.09606988818,0.08187853568,0.05223532783,0.06391976825,0.06116712434],
			"i": [1,0.52868832,0.4729760121,0.4057197074,0.3675395122,0.3335690729,0.2946700965,0.2801536089,0.2568678662,0.2408169682,0.2184509348,0.1991051771,0.2152708856,0.1950880789,0.1933555704,0.1841554865,0.1879272933,0.1802556858,0.1571383449,0.1526097081,0.1568909821],
			"x": [1,0.6523555457,0.4765153005,0.3518410357,0.2787917157,0.2310609663,0.1794996702,0.1594993422,0.1394631317,0.1319921642,0.1155854489,0.1070547737,0.1093559444,0.09377894286,0.07611257802,0.05996715354,0.05861992997,0.05545825944,0.03682582772,0.03435278993,0.03657570208],
			"u": [1,-0.02215929499,0.004701229325,-0.00670327661,-0.03204926935,0.004682362352,-0.001417986835,-0.009104702922,0.0003192155536,0.01356468045,-0.02719301262,0.02178853073,-0.001156950569,0.003923199767,-0.005528543134,-0.01846459196,-0.01603022407,0.01937600489,-0.02003505002,0.01732785594,-0.005501911384],
			"g": [1,0.7213988967,0.5287150588,0.3843909395,0.2874122831,0.2176206284,0.1641748499,0.1217698736,0.08492917551,0.0523436494,0.0339117288,0.02755935593,0.03106617063,0.03829550391,0.0335011634,0.03117177528,0.03336543704,0.0396000538,0.0297874243,0.02668885437,0.02398914394],
			"g_": [1,0.01274566329,0.005737122205,-0.01597138588,0.009486969959,0.006467489184,-0.004959831833,-0.001034439586,0.00357317372,-0.01878608983,-0.02161262763,-0.01728444084,-0.002988887638,0.01946582134,0.004767654375,0.001567477759,-0.003805279102,0.04515130932,-0.00383141411,-0.0002346801381,0.01069722851],
			"interest": [1,0.52868832,0.4729760121,0.4057197074,0.3675395122,0.3335690729,0.2946700965,0.2801536089,0.2568678662,0.2408169682,0.2184509348,0.1991051771,0.2152708856,0.1950880789,0.1933555704,0.1841554865,0.1879272933,0.1802556858,0.1571383449,0.1526097081,0.1568909821],
			"inflation": [1,0.6377963345,0.407880606,0.2500830916,0.1640548459,0.2048662308,0.2083012372,0.2089865763,0.2332794737,0.2429286517,0.2340790087,0.2222426473,0.2114819759,0.1905498059,0.1767842709,0.1536578571,0.1441813533,0.1563733393,0.1326369361,0.1218466801,0.1229452081],
			"inflationq": [1,0.1318771398,0.1842434111,0.155055376,0.1500118639,0.1644109855,0.1626897817,0.1514772761,0.1666420111,0.1756212247,0.1299818836,0.1692442195,0.1451323602,0.1424728341,0.1393459436,0.1235007871,0.1019925287,0.1506317141,0.118187614,0.1236123503,0.1203681114],
			"inflationql": [1,0.1211754723,0.04290750585,0.0892069605,0.1006234231,0.1193283122,0.09883052834,0.09857090561,0.1149321243,0.1312838206,0.07706574843,0.1222796202,0.09889861809,0.1004816314,0.09062299967,0.05880619486,0.0700752048,0.09495440026,0.05858305915,0.05958814896,0.04735017499],
			"inflationql2": [1,0.07431856617,0.04941123802,-0.001128583392,0.06043929834,0.08425658404,0.07214000762,0.05970801568,0.08531641198,0.1006457532,0.03988389112,0.08743939716,0.06423229994,0.06902147871,0.04771222163,0.03702856934,0.04181490511,0.07334366087,0.01637447438,0.04658831007,0.02602125477],
			"inflationqls": [1,0.4921511311,0.05720129688,0.06942071528,0.1284367673,0.145907627,0.136859871,0.1343728435,0.1607771351,0.1600264576,0.1350608724,0.1456176926,0.1465438994,0.1320999713,0.1062094135,0.07636668708,0.09320434438,0.1052533189,0.07645066354,0.04858001025,0.05595346152],
			"outputgap": [1,0.6523555457,0.4765153005,0.3518410357,0.2787917157,0.2310609663,0.1794996702,0.1594993422,0.1394631317,0.1319921642,0.1155854489,0.1070547737,0.1093559444,0.09377894286,0.07611257802,0.05996715354,0.05861992997,0.05545825944,0.03682582772,0.03435278993,0.03657570208],
			"output": [1,0.6798964491,0.4731277806,0.3152157771,0.211953642,0.1470679822,0.08649425604,0.04904851261,0.01453273734,-0.007641195799,-0.03118502036,-0.02902689923,-0.01683057554,-0.01321513548,-0.01579755681,-0.02189878105,-0.01359036412,-0.01010263868,-0.0320798256,-0.0294533985,-0.03000671142],
			"fispol": [1,0.01274566329,0.005737122205,-0.01597138588,0.009486969959,0.006467489184,-0.004959831833,-0.001034439586,0.00357317372,-0.01878608983,-0.02161262763,-0.01728444084,-0.002988887638,0.01946582134,0.004767654375,0.001567477759,-0.003805279102,0.04515130932,-0.00383141411,-0.0002346801381,0.01069722851]
		},
		"VAR": {
			"pi": 0.0263946404,
			"y": 0.5082567955,
			"ynat": 0.2057914226,
			"rnat": 0.004414145729,
			"i": 0.01525570528,
			"x": 0.1526668299,
			"u": 0.0148258044,
			"g": 3.190570923,
			"g_": 1.409502986,
			"interest": 0.2440912844,
			"inflation": 0.1333627476,
			"inflationq": 0.4223142465,
			"inflationql": 0.3425407604,
			"inflationql2": 0.2727200087,
			"inflationqls": 0.7911836753,
			"outputgap": 0.1526668299,
			"output": 0.5082567955,
			"fispol": 1.409502986
		},
		"IRF": {
			"interest_": {
				"pi": [0,-0.06348645657,-0.04315095573,-0.02839666939,-0.01819976582,-0.01162522027,-0.00740886974,-0.004710800809,-0.002984897458,-0.001881060342,-0.001175187582,-0.0007239006118,-0.0004354745818,-0.0002512309499,-0.0001336319309,-5.866396195e-05,-1.096518789e-05,1.929159394e-05,3.83929753e-05,5.036056157e-05,5.776701056e-05],
				"y": [0,-0.8421178859,-0.6161979462,-0.4255931613,-0.2747573306,-0.1765634332,-0.1133424161,-0.07285744769,-0.0469482749,-0.03036942227,-0.01976016873,-0.01296997792,-0.008622981666,-0.005838982082,-0.004054891819,-0.00291049111,-0.002175340196,-0.001702022507,-0.001396233007,-0.001197643037,-0.00106765917],
				"ynat": [0,0,0,0,0,0,0,0,0,0,0,0,0,0,0,0,0,0,0,0,0],
				"rnat": [0,-2.696974588e-15,-0.0004063133221,-0.0004015852787,-0.0003985011502,-0.0003952690009,-0.0003918943066,-0.0003883963906,-0.0003848268684,-0.0003812232439,-0.0003776105274,-0.0003740048522,-0.0003704164533,-0.0003668517387,-0.0003633146591,-0.0003598075974,-0.0003563319399,-0.0003528884411,-0.0003494774564,-0.0003460990891,-0.0003427532843],
				"i": [0,-0.007182022169,0.002038506629,0.005848343839,0.00399964417,0.002622653451,0.001686889532,0.001084320139,0.0006982486941,0.0004512475681,0.0002932192117,0.0001920939981,0.0001273625327,8.590983868e-05,5.934830283e-05,4.231307754e-05,3.137245336e-05,2.433116937e-05,1.978487185e-05,1.683514659e-05,1.490723756e-05],
				"x": [0,-0.8421178859,-0.6161979462,-0.4255931613,-0.2747573306,-0.1765634332,-0.1133424161,-0.07285744769,-0.0469482749,-0.03036942227,-0.01976016873,-0.01296997792,-0.008622981666,-0.005838982082,-0.004054891819,-0.00291049111,-0.002175340196,-0.001702022507,-0.001396233007,-0.001197643037,-0.00106765917],
				"u": [0,-7.52672068e-17,-1.109538357e-16,7.163310906e-18,3.962245421e-17,3.110995059e-17,-1.797983093e-17,1.030765277e-17,-4.27753409e-18,-6.134840306e-18,4.76241057e-19,5.52667913e-19,1.213046336e-20,3.342725969e-20,-6.68189044e-20,3.088231227e-19,-1.997655068e-20,6.546277811e-20,2.497641422e-19,5.090767008e-20,2.810987184e-20],
				"g": [0,0,0,0,0,0,0,0,0,0,0,0,0,0,0,0,0,0,0,0,0],
				"g_": [0,0,0,0,0,0,0,0,0,0,0,0,0,0,0,0,0,0,0,0,0],