{
	"model": "NK_RW06AL",
	"rule": "CMR",
	"data": {
		"AC": {
			"x": [1,-0.02027291109,-0.001335197674,0.02136993528,0.01852416711,0.005235259321,0.01922946667,0.02952133363,0.03136202244,0.02912030474,0.03245762847,0.02355086099,0.002779558272,0.02162598546,0.01453675021,0.0204263839,0.01768804579,0.03025362865,0.01056973623,0.01499284839,0.02433210298],
			"pi": [1,-0.00233555404,0.1318455487,0.09855839362,0.1257751134,0.09436461007,0.1196793507,0.1114952687,0.1214800556,0.1072134032,0.1300458178,0.1064276255,0.09929274517,0.108895978,0.1128774532,0.1074641441,0.09719649009,0.1189855199,0.1022196037,0.09212106211,0.1148142347],
			"R": [1,0.2403807881,0.2887676264,0.2525412913,0.2725090672,0.247974204,0.2713632862,0.2535053778,0.267779993,0.2566717461,0.2786685759,0.2633036362,0.2503336503,0.2545414875,0.2642778658,0.2589094743,0.257267929,0.2653071659,0.2506908495,0.2394053647,0.2576148947],
			"interest": [1,0.2403807881,0.2887676264,0.2525412913,0.2725090672,0.247974204,0.2713632862,0.2535053778,0.267779993,0.2566717461,0.2786685759,0.2633036362,0.2503336503,0.2545414875,0.2642778658,0.2589094743,0.257267929,0.2653071659,0.2506908495,0.2394053647,0.2576148947],
			"inflation": [1,0.5171991472,0.3253035207,0.1668317078,0.09094195884,0.1127218428,0.1235296267,0.1188895154,0.1340908506,0.1317387954,0.1358842309,0.1211087697,0.1068771766,0.1078358628,0.1195599725,0.1249133882,0.1240496952,0.1295666511,0.1210215195,0.1190287371,0.1269539673],
			"inflationq": [1,-0.00233555404,0.1318455487,0.09855839362,0.1257751134,0.09436461007,0.1196793507,0.1114952687,0.1214800556,0.1072134032,0.1300458178,0.1064276255,0.09929274517,0.108895978,0.1128774532,0.1074641441,0.09719649009,0.1189855199,0.1022196037,0.09212106211,0.1148142347],
			"outputgap": [1,-0.02027291109,-0.001335197674,0.02136993528,0.01852416711,0.005235259321,0.01922946667,0.02952133363,0.03136202244,0.02912030474,0.03245762847,0.02355086099,0.002779558272,0.02162598546,0.01453675021,0.0204263839,0.01768804579,0.03025362865,0.01056973623,0.01499284839,0.02433210298],
			"output": [1,-0.02027291109,-0.001335197674,0.02136993528,0.01852416711,0.005235259321,0.01922946667,0.02952133363,0.03136202244,0.02912030474,0.03245762847,0.02355086099,0.002779558272,0.02162598546,0.01453675021,0.0204263839,0.01768804579,0.03025362865,0.01056973623,0.01499284839,0.02433210298],
			"inflationql": [1,0.13320093,-0.008350129005,0.05383391235,0.04567812607,0.0603930764,0.05951807024,0.06447574512,0.06583933598,0.06504497689,0.07648729402,0.06236763816,0.04301578195,0.05767917554,0.06321659624,0.06720019476,0.06996360957,0.07208009647,0.05515445041,0.05431194586,0.0594358695],
			"inflationql2": [1,0.1535802591,0.05018141473,0.007946231639,0.04747531522,0.05001422003,0.06526939062,0.0567850698,0.06509939637,0.0562712448,0.06999999257,0.05454522362,0.03766662708,0.04761089123,0.04883832052,0.06366576041,0.06723714953,0.07342962354,0.04966457979,0.05798883443,0.06149401282],
			"inflationqls": [1,0.483742081,0.04489104643,0.03563245354,0.07313920561,0.08683594224,0.09144676678,0.09243579495,0.09643274269,0.1012660908,0.1066416179,0.08814597225,0.06870038102,0.07515967253,0.08956425179,0.09734991633,0.105821012,0.1048554636,0.08760136936,0.08271780819,0.09343743567],
			"pinf4": [1,0.5171991472,0.3253035207,0.1668317078,0.09094195884,0.1127218428,0.1235296267,0.1188895154,0.1340908506,0.1317387954,0.1358842309,0.1211087697,0.1068771766,0.1078358628,0.1195599725,0.1249133882,0.1240496952,0.1295666511,0.1210215195,0.1190287371,0.1269539673]
		},
		"VAR": {
			"x": 0.6719664381,
			"pi": 0.07317322273,
			"R": 0.0006279870561,
			"interest": 0.0100477929,
			"inflation": 0.2771639196,
			"inflationq": 1.170771564,
			"outputgap": 0.6719664381,
			"output": 0.6719664381,
			"inflationql": 0.8101622231,
			"inflationql2": 0.6540244251,
			"inflationqls": 1.794161843,
			"pinf4": 0.2771639196
		},
		"IRF": {
			"interest_": {
				"x": [0,-0.6366027253,-0.4100834678,-0.2626248817,-0.1671019275,-0.1081193766,-0.07201166088,-0.05007272428,-0.03683893702,-0.02892640041,-0.02425586304,-0.02155674902,-0.0200555322,-0.01928244196,-0.01895262988,-0.01889355064,-0.0190007576,-0.01921106094,-0.01948625356,-0.01980325278,-0.02014813157],
				"pi": [0,-0.3137427082,-0.2039344654,-0.1323326598,-0.08507835453,-0.05575360405,-0.03774272903,-0.02677935903,-0.0201606171,-0.01620347623,-0.01387030392,-0.01252569692,-0.01178232416,-0.01140477584,-0.01125024844,-0.01123222062,-0.01129831419,-0.01141684081,-0.0115686419,-0.01174214455,-0.01193036781],
				"R": [0,0.1713293378,0.105241847,0.06382748866,0.03845478887,0.02295155189,0.01350825599,0.007765255164,0.004274043738,0.002150056916,0.0008550020995,6.203963541e-05,-0.0004270062275,-0.0007321997833,-0.0009262499848,-0.001053179928,-0.001139643889,-0.00120178194,-0.00124936987,-0.001288331115,-0.001322257105],
				"interest": [0,0.6853173512,0.420967388,0.2553099547,0.1538191555,0.09180620756,0.05403302397,0.03106102066,0.01709617495,0.008600227664,0.003420008398,0.0002481585416,-0.00170802491,-0.002928799133,-0.003704999939,-0.00421271971,-0.004558575557,-0.004807127758,-0.004997479478,-0.005153324459,-0.005289028419],
				"inflation": [0,-0.3137427082,-0.5176771736,-0.6500098334,-0.7350881879,-0.4770990838,-0.3109073474,-0.2053540466,-0.1404363092,-0.1008861814,-0.07701375628,-0.06276009417,-0.05438180123,-0.04958310084,-0.04696304536,-0.04566956905,-0.04518555909,-0.04519762406,-0.04551601753,-0.04602594145,-0.04665799508],
				"inflationq": [0,-1.254970833,-0.8157378615,-0.5293306392,-0.3403134181,-0.2230144162,-0.1509709161,-0.1071174361,-0.08064246839,-0.06481390492,-0.05548121567,-0.0501027877,-0.04712929662,-0.04561910337,-0.04500099374,-0.04492888248,-0.04519325677,-0.04566736325,-0.04627456761,-0.04696857819,-0.04772147125],
				"outputgap": [0,-0.6366027253,-0.4100834678,-0.2626248817,-0.1671019275,-0.1081193766,-0.07201166088,-0.05007272428,-0.03683893702,-0.02892640041,-0.02425586304,-0.02155674902,-0.0200555322,-0.01928244196,-0.01895262988,-0.01889355064,-0.0190007576,-0.01921106094,-0.01948625356,-0.01980325278,-0.02014813157],
				"output": [0,-0.6366027253,-0.4100834678,-0.2626248817,-0.1671019275,-0.1081193766,-0.07201166088,-0.05007272428,-0.03683893702,-0.02892640041,-0.02425586304,-0.02155674902,-0.0200555322,-0.01928244196,-0.01895262988,-0.01889355064,-0.0190007576,-0.01921106094,-0.01948625356,-0.01980325278,-0.02014813157],
				"inflationql": [0,0,-1.254970833,-0.8157378615,-0.5293306392,-0.3403134181,-0.2230144162,-0.1509709161,-0.1071174361,-0.08064246839,-0.06481390492,-0.05548121567,-0.0501027877,-0.04712929662,-0.04561910337,-0.04500099374,-0.04492888248,-0.04519325677,-0.04566736325,-0.04627456761,-0.04696857819],
				"inflationql2": [0,0,0,-1.254970833,-0.8157378615,-0.5293306392,-0.3403134181,-0.2230144162,-0.1509709161,-0.1071174361,-0.08064246839,-0.06481390492,-0.05548121567,-0.0501027877,-0.04712929662,-0.04561910337,-0.04500099374,-0.04492888248,-0.04519325677,-0.04566736325,-0.04627456761],
				"inflationqls": [0,0,-1.254970833,-2.070708694,-1.345068501,-0.8696440573,-0.5633278343,-0.3739853323,-0.2580883523,-0.1877599045,-0.1454563733,-0.1202951206,-0.1055840034,-0.09723208432,-0.0927484,-0.09062009711,-0.08992987622,-0.09012213924,-0.09086062002,-0.09194193086,-0.0932431458],
				"pinf4": [0,-0.3137427082,-0.5176771736,-0.6500098334,-0.7350881879,-0.4770990838,-0.3109073474,-0.2053540466,-0.1404363092,-0.1008861814,-0.07701375628,-0.06276009417,-0.05438180123,-0.04958310084,-0.04696304536,-0.04566956905,-0.04518555909,-0.04519762406,-0.04551601753,-0.04602594145,-0.04665799508]
			}
		}
	}
}
