{
	"model": "NK_RW97AL",
	"rule": "SW",
	"data": {
		"AC": {
			"pi": [1,0.1609616696,0.1870606821,0.1541602971,0.1468778922,0.1387128006,0.1304496005,0.1381777705,0.1211136009,0.1540644125,0.1239207517,0.1378377207,0.1228695594,0.1408085464,0.1265971289,0.09539934842,0.1142638064,0.1338950571,0.07757140229,0.1181451377,0.1046035058],
			"y": [1,0.6085594735,0.4502119419,0.3254103428,0.2396794628,0.1670223117,0.1127376434,0.06819997884,0.0341973095,0.00159138002,-0.0225758728,-0.02341485973,-0.03436997511,-0.04097635956,-0.04758066714,-0.03572827596,-0.02968204987,-0.02738531778,-0.0485687418,-0.0339171548,-0.02726661937],
			"ynat": [1,0.6915653968,0.5062863735,0.3790564022,0.2931593708,0.2249887682,0.1770218766,0.1353743885,0.09678998988,0.05789516512,0.03355104082,0.02795992933,0.01836294864,0.01592343076,0.004915344874,0.00939064515,0.005023270242,0.00987234192,0.007380642333,0.005016327884,0.01638967245],
			"rnat": [1,0.464334029,0.3823260225,0.3052993025,0.2666670275,0.2286067059,0.1960930506,0.1718062181,0.1626453047,0.1338892284,0.1233648638,0.120322062,0.1132303315,0.1152587814,0.1000784639,0.1043009994,0.1010900024,0.10392196,0.083395994,0.1074885433,0.09890453431],
			"i": [1,0.4344005474,0.4128972686,0.3615005378,0.34153178,0.29492327,0.2594579424,0.2289596398,0.2205108219,0.2182264755,0.1933745008,0.1977053583,0.1872897411,0.1768613206,0.1635480165,0.1653435364,0.1692855128,0.1642780015,0.1398468127,0.1653246042,0.1495094158],
			"x": [1,0.501847298,0.3827704351,0.2841130932,0.2300990133,0.1797616553,0.1403187637,0.1086338867,0.1032184088,0.09611479035,0.07263664673,0.07746251024,0.05974221728,0.04843968882,0.0400396553,0.03676593543,0.04332390635,0.03517708631,0.01032518134,0.03729361279,0.03055399583],
			"u": [1,0.006187328856,0.0238965405,0.01705020388,0.0001392578061,0.005803485291,-0.007025782242,-0.009267064099,-0.009442530879,0.02869110743,-0.01649404651,0.01631861934,0.00189929958,0.0057630693,0.01533292285,-0.02927358178,-0.001013813346,0.03742923605,-0.03259178887,0.01746749873,0.02119918611],
			"g": [1,0.6915653968,0.5062863735,0.3790564022,0.2931593708,0.2249887682,0.1770218766,0.1353743885,0.09678998988,0.05789516512,0.03355104082,0.02795992933,0.01836294864,0.01592343076,0.004915344874,0.00939064515,0.005023270242,0.00987234192,0.007380642333,0.005016327884,0.01638967245],
			"g_": [1,-0.01919212239,0.003106750473,0.01287980029,0.01636124281,0.003740860597,0.01852573114,0.00402439777,0.01352473268,-0.02870407341,-0.02616473252,0.01477016562,-0.009852207946,3.606092635e-05,-0.02671811961,0.005962568117,-0.01701000411,0.01059258328,-0.013116484,-0.01591803174,0.02317131145],
			"interest": [1,0.4344005474,0.4128972686,0.3615005378,0.34153178,0.29492327,0.2594579424,0.2289596398,0.2205108219,0.2182264755,0.1933745008,0.1977053583,0.1872897411,0.1768613206,0.1635480165,0.1653435364,0.1692855128,0.1642780015,0.1398468127,0.1653246042,0.1495094158],
			"inflation": [1,0.6332607747,0.4147377779,0.2441750563,0.1229355364,0.134436758,0.1361985654,0.1468273107,0.1571433039,0.1692060999,0.1656051908,0.1725228176,0.168102471,0.1628814627,0.1510230597,0.1316721789,0.1199793921,0.1199106012,0.1003922432,0.11424847,0.1164635446],
			"inflationq": [1,0.1609616696,0.1870606821,0.1541602971,0.1468778922,0.1387128006,0.1304496005,0.1381777705,0.1211136009,0.1540644125,0.1239207517,0.1378377207,0.1228695594,0.1408085464,0.1265971289,0.09539934842,0.1142638064,0.1338950571,0.07757140229,0.1181451377,0.1046035058],
			"inflationql": [1,0.1695670015,0.1034923709,0.08046519897,0.04250529136,0.07319845469,0.08093301053,0.07525831579,0.07513690935,0.1014899252,0.05414220802,0.08650845958,0.08584754171,0.08823326662,0.08013868535,0.05110620545,0.05835566062,0.08811692047,0.03635397568,0.070860626,0.05911101309],
			"inflationql2": [1,0.164177857,0.1162898444,0.02105053107,0.007167150487,0.04919589309,0.03503234708,0.04906246879,0.06749672086,0.07579404463,0.03671853366,0.06648735145,0.07233286531,0.06022106252,0.06296254865,0.03297254012,0.03026665567,0.06650138992,0.0370776932,0.02733201263,0.03303558735],
			"inflationqls": [1,0.5489608473,0.1421167704,0.07679393904,0.05962750669,0.07913420447,0.09178218111,0.08897668431,0.1124387842,0.1112289939,0.0904180212,0.1037270028,0.1160839753,0.112656134,0.09371820534,0.06696310906,0.0728105565,0.08803161304,0.06611104224,0.0649038432,0.06274370042],
			"outputgap": [1,0.501847298,0.3827704351,0.2841130932,0.2300990133,0.1797616553,0.1403187637,0.1086338867,0.1032184088,0.09611479035,0.07263664673,0.07746251024,0.05974221728,0.04843968882,0.0400396553,0.03676593543,0.04332390635,0.03517708631,0.01032518134,0.03729361279,0.03055399583],
			"output": [1,0.6085594735,0.4502119419,0.3254103428,0.2396794628,0.1670223117,0.1127376434,0.06819997884,0.0341973095,0.00159138002,-0.0225758728,-0.02341485973,-0.03436997511,-0.04097635956,-0.04758066714,-0.03572827596,-0.02968204987,-0.02738531778,-0.0485687418,-0.0339171548,-0.02726661937],
			"fispol": [1,-0.01919212239,0.003106750473,0.01287980029,0.01636124281,0.003740860597,0.01852573114,0.00402439777,0.01352473268,-0.02870407341,-0.02616473252,0.01477016562,-0.009852207946,3.606092635e-05,-0.02671811961,0.005962568117,-0.01701000411,0.01059258328,-0.013116484,-0.01591803174,0.02317131145]
		},
		"VAR": {
			"pi": 0.02271054596,
			"y": 0.5114804944,
			"ynat": 0.19510913,
			"rnat": 0.004526283789,
			"i": 0.01926717143,
			"x": 0.1922536114,
			"u": 0.01399520573,
			"g": 3.024953659,
			"g_": 1.372851932,
			"interest": 0.3082747429,
			"inflation": 0.1142022331,
			"inflationq": 0.3633687353,
			"inflationql": 0.2760288203,
			"inflationql2": 0.2220896017,
			"inflationqls": 0.6425153724,
			"outputgap": 0.1922536114,
			"output": 0.5114804944,
			"fispol": 1.372851932
		},
		"IRF": {
			"interest_": {
				"pi": [0,-0.1191648851,-0.0930928461,-0.07320301219,-0.05750359464,-0.04517020661,-0.03547054664,-0.02784411683,-0.02184842931,-0.01713536955,-0.01343095914,-0.01051961638,-0.008231753244,-0.00643399435,-0.005021464712,-0.003911712071,-0.003039920271,-0.002355141397,-0.001817331099,-0.001395016616,-0.001063462933],
				"y": [0,-1.078973731,-0.8475478686,-0.6672375854,-0.5251351467,-0.4134409086,-0.3255939848,-0.2565172045,-0.202204793,-0.1595040662,-0.1259339837,-0.09954262692,-0.07879473006,-0.06248298611,-0.04965814123,-0.03957393105,-0.0316437299,-0.02540643569,-0.02049963166,-0.01663847829,-0.01359911503],
				"ynat": [0,0,0,0,0,0,0,0,0,0,0,0,0,0,0,0,0,0,0,0,0],
				"rnat": [0,8.171241461e-16,-0.0007626552648,-0.0007528338063,-0.0007486008825,-0.0007436523682,-0.0007386188839,-0.0007332652452,-0.0007276445057,-0.0007217991419,-0.0007157753742,-0.0007096162223,-0.000703359439,-0.000697036985,-0.0006906752789,-0.0006842957861,-0.0006779157176,-0.0006715487247,-0.0006652055327,-0.0006588944942,-0.0006526220562],
				"i": [0,-0.05671087398,-0.04423396211,-0.03487937095,-0.02741876334,-0.02155440545,-0.01692962933,-0.01328650577,-0.0104181563,-0.008160887271,-0.006385214703,-0.004988849301,-0.003891073791,-0.003028251688,-0.002350249518,-0.001817594422,-0.001399221254,-0.001070690338,-0.0008127796657,-0.0006103741848,-0.0004515902846],
				"x": [0,-1.078973731,-0.8475478686,-0.6672375854,-0.5251351467,-0.4134409086,-0.3255939848,-0.2565172045,-0.202204793,-0.1595040662,-0.1259339837,-0.09954262692,-0.07879473006,-0.06248298611,-0.04965814123,-0.03957393105,-0.0316437299,-0.02540643569,-0.02049963166,-0.01663847829,-0.01359911503],
				"u": [0,-9.714451465e-17,-5.959498847e-17,-5.52331194e-18,-4.823478677e-17,1.883059818e-17,2.641441967e-18,5.207146558e-18,-2.595739256e-17,2.972206846e-18,-1.017013911e-17,-1.130750536e-17,3.314229955e-18,-5.740751374e-18,4.500801707e-18,-2.943300445e-19,3.622720898e-18,-1.861721203e-19,-8.277590972e-19,-9.496768843e-19,-2.048568522e-18],
				"g": [0,0,0,0,0,0,0,0,0,0,0,0,0,0,0,0,0,0,0,0,0],
				"g_": [0,0,0,0,0,0,0,0,0,0,0,0,0,0,0,0,0,0,0,0,0],