{
	"model": "NK_RW06AL",
	"rule": "CMR",
	"data": {
		"AC": {
			"x": [1,-0.0202729097,-0.001335198337,0.02136993619,0.01852416512,0.005235257568,0.01922946222,0.02952133361,0.03136201811,0.02912029953,0.03245762485,0.02355085983,0.002779554731,0.02162598022,0.01453674784,0.0204263755,0.01768804061,0.03025362269,0.01056972989,0.01499284429,0.02433209716],
			"pi": [1,-0.002335559349,0.131845533,0.09855839063,0.1257751091,0.09436460054,0.1196793438,0.1114952662,0.1214800411,0.1072133913,0.1300457985,0.1064276152,0.09929273652,0.108895964,0.1128774516,0.1074641312,0.09719648413,0.1189855099,0.1022195892,0.09212104813,0.1148142159],
			"R": [1,0.2403807551,0.288767606,0.252541287,0.2725090574,0.2479741908,0.2713632856,0.2535053812,0.2677799911,0.2566717424,0.2786685683,0.2633036253,0.2503336397,0.2545414772,0.264277861,0.2589094708,0.2572679356,0.2653071678,0.2506908433,0.2394053616,0.2576148807],
			"interest": [1,0.2403807551,0.288767606,0.252541287,0.2725090574,0.2479741908,0.2713632856,0.2535053812,0.2677799911,0.2566717424,0.2786685683,0.2633036253,0.2503336397,0.2545414772,0.264277861,0.2589094708,0.2572679356,0.2653071678,0.2506908433,0.2394053616,0.2576148807],
			"inflation": [1,0.5171991683,0.3253035399,0.1668317224,0.09094196427,0.1127218442,0.1235296331,0.1188895259,0.1340908537,0.1317387963,0.1358842288,0.1211087689,0.1068771702,0.1078358499,0.1195599675,0.1249133805,0.1240496924,0.1295666485,0.1210215151,0.1190287357,0.1269539581],
			"inflationq": [1,-0.002335559349,0.131845533,0.09855839063,0.1257751091,0.09436460054,0.1196793438,0.1114952662,0.1214800411,0.1072133913,0.1300457985,0.1064276152,0.09929273652,0.108895964,0.1128774516,0.1074641312,0.09719648413,0.1189855099,0.1022195892,0.09212104813,0.1148142159],
			"outputgap": [1,-0.0202729097,-0.001335198337,0.02136993619,0.01852416512,0.005235257568,0.01922946222,0.02952133361,0.03136201811,0.02912029953,0.03245762485,0.02355085983,0.002779554731,0.02162598022,0.01453674784,0.0204263755,0.01768804061,0.03025362269,0.01056972989,0.01499284429,0.02433209716],
			"output": [1,-0.0202729097,-0.001335198337,0.02136993619,0.01852416512,0.005235257568,0.01922946222,0.02952133361,0.03136201811,0.02912029953,0.03245762485,0.02355085983,0.002779554731,0.02162598022,0.01453674784,0.0204263755,0.01768804061,0.03025362269,0.01056972989,0.01499284429,0.02433209716],
			"inflationql": [1,0.1332009214,-0.008350125622,0.05383391607,0.04567813048,0.0603930651,0.05951807697,0.06447575613,0.06583933559,0.06504497006,0.07648729482,0.06236763741,0.04301577601,0.05767916662,0.06321659193,0.06720019314,0.06996361053,0.07208009722,0.05515444963,0.0543119496,0.05943586681],
			"inflationql2": [1,0.1535802478,0.05018141087,0.007946236393,0.04747531868,0.05001421605,0.06526939277,0.05678507388,0.0650993969,0.05627124233,0.06999999583,0.05454522452,0.03766662214,0.04761088101,0.0488383125,0.0636657543,0.06723714829,0.07342962085,0.04966458143,0.05798883731,0.0614940082],
			"inflationqls": [1,0.4837420884,0.04489104805,0.03563245999,0.07313921036,0.08683593772,0.09144677376,0.09243580721,0.09643274411,0.1012660858,0.1066416214,0.08814597436,0.06870037186,0.07515966073,0.08956424357,0.09734991272,0.1058210113,0.1048554629,0.08760137078,0.08271781064,0.09343743198],
			"pinf4": [1,0.5171991683,0.3253035399,0.1668317224,0.09094196427,0.1127218442,0.1235296331,0.1188895259,0.1340908537,0.1317387963,0.1358842288,0.1211087689,0.1068771702,0.1078358499,0.1195599675,0.1249133805,0.1240496924,0.1295666485,0.1210215151,0.1190287357,0.1269539581]
		},
		"VAR": {
			"x": 0.6719664206,
			"pi": 0.07317321112,
			"R": 0.000627986784,
			"interest": 0.01004778854,
			"inflation": 0.2771638806,
			"inflationq": 1.170771378,
			"outputgap": 0.6719664206,
			"output": 0.6719664206,
			"inflationql": 0.8101621171,
			"inflationql2": 0.6540243761,
			"inflationqls": 1.794161624,
			"pinf4": 0.2771638806
		},
		"IRF": {
			"interest_": {
				"x": [0,-0.6366027253,-0.4100834678,-0.2626248817,-0.1671019275,-0.1081193766,-0.07201166088,-0.05007272428,-0.03683893702,-0.02892640041,-0.02425586304,-0.02155674902,-0.0200555322,-0.01928244196,-0.01895262988,-0.01889355064,-0.0190007576,-0.01921106094,-0.01948625356,-0.01980325278,-0.02014813158],
				"pi": [0,-0.3137427082,-0.2039344654,-0.1323326598,-0.08507835453,-0.05575360405,-0.03774272903,-0.02677935903,-0.0201606171,-0.01620347623,-0.01387030392,-0.01252569692,-0.01178232416,-0.01140477584,-0.01125024844,-0.01123222062,-0.01129831419,-0.01141684081,-0.0115686419,-0.01174214455,-0.01193036781],
				"R": [0,0.1713293378,0.105241847,0.06382748866,0.03845478887,0.02295155189,0.01350825599,0.007765255164,0.004274043738,0.002150056916,0.0008550020994,6.20396354e-05,-0.0004270062275,-0.0007321997833,-0.0009262499848,-0.001053179928,-0.001139643889,-0.00120178194,-0.00124936987,-0.001288331115,-0.001322257105],
				"interest": [0,0.6853173512,0.420967388,0.2553099547,0.1538191555,0.09180620756,0.05403302397,0.03106102066,0.01709617495,0.008600227664,0.003420008398,0.0002481585416,-0.00170802491,-0.002928799133,-0.003704999939,-0.00421271971,-0.004558575557,-0.004807127758,-0.004997479478,-0.005153324459,-0.005289028419],
				"inflation": [0,-0.3137427082,-0.5176771736,-0.6500098334,-0.7350881879,-0.4770990838,-0.3109073474,-0.2053540466,-0.1404363092,-0.1008861814,-0.07701375628,-0.06276009417,-0.05438180123,-0.04958310084,-0.04696304536,-0.04566956905,-0.04518555909,-0.04519762406,-0.04551601753,-0.04602594145,-0.04665799508],
				"inflationq": [0,-1.254970833,-0.8157378615,-0.5293306392,-0.3403134181,-0.2230144162,-0.1509709161,-0.1071174361,-0.08064246839,-0.06481390492,-0.05548121567,-0.0501027877,-0.04712929662,-0.04561910337,-0.04500099374,-0.04492888248,-0.04519325677,-0.04566736325,-0.04627456761,-0.04696857819,-0.04772147125],
				"outputgap": [0,-0.6366027253,-0.4100834678,-0.2626248817,-0.1671019275,-0.1081193766,-0.07201166088,-0.05007272428,-0.03683893702,-0.02892640041,-0.02425586304,-0.02155674902,-0.0200555322,-0.01928244196,-0.01895262988,-0.01889355064,-0.0190007576,-0.01921106094,-0.01948625356,-0.01980325278,-0.02014813158],
				"output": [0,-0.6366027253,-0.4100834678,-0.2626248817,-0.1671019275,-0.1081193766,-0.07201166088,-0.05007272428,-0.03683893702,-0.02892640041,-0.02425586304,-0.02155674902,-0.0200555322,-0.01928244196,-0.01895262988,-0.01889355064,-0.0190007576,-0.01921106094,-0.01948625356,-0.01980325278,-0.02014813158],
				"inflationql": [0,0,-1.254970833,-0.8157378615,-0.5293306392,-0.3403134181,-0.2230144162,-0.1509709161,-0.1071174361,-0.08064246839,-0.06481390492,-0.05548121567,-0.0501027877,-0.04712929662,-0.04561910337,-0.04500099374,-0.04492888248,-0.04519325677,-0.04566736325,-0.04627456761,-0.04696857819],
				"inflationql2": [0,0,0,-1.254970833,-0.8157378615,-0.5293306392,-0.3403134181,-0.2230144162,-0.1509709161,-0.1071174361,-0.08064246839,-0.06481390492,-0.05548121567,-0.0501027877,-0.04712929662,-0.04561910337,-0.04500099374,-0.04492888248,-0.04519325677,-0.04566736325,-0.04627456761],
				"inflationqls": [0,0,-1.254970833,-2.070708694,-1.345068501,-0.8696440573,-0.5633278343,-0.3739853323,-0.2580883523,-0.1877599045,-0.1454563733,-0.1202951206,-0.1055840034,-0.09723208432,-0.0927484,-0.09062009711,-0.08992987622,-0.09012213924,-0.09086062002,-0.09194193086,-0.0932431458],
				"pinf4": [0,-0.3137427082,-0.5176771736,-0.6500098334,-0.7350881879,-0.4770990838,-0.3109073474,-0.2053540466,-0.1404363092,-0.1008861814,-0.07701375628,-0.06276009417,-0.05438180123,-0.04958310084,-0.04696304536,-0.04566956905,-0.04518555909,-0.04519762406,-0.04551601753,-0.04602594145,-0.04665799508]
			}
		}
	}
}
