{
	"model": "NK_RW97AL",
	"rule": "CMR",
	"data": {
		"AC": {
			"pi": [1,0.1992565099,0.2472796103,0.1818199413,0.213476985,0.1528052607,0.1689288152,0.1459343924,0.1522891908,0.1355049537,0.1471291385,0.1327066016,0.1516131304,0.1089180428,0.1486828137,0.08981933934,0.1340040328,0.1211386632,0.1224065425,0.1053787259,0.1277391246],
			"y": [1,0.5163958606,0.5162063465,0.291251694,0.3339203961,0.1748944424,0.2378020928,0.1194815367,0.2013120047,0.106969411,0.176731397,0.1109988197,0.1718120819,0.1007966484,0.1590890443,0.08163101198,0.1483898628,0.083539961,0.1465659315,0.09223995375,0.1495856281],
			"ynat": [1,0.6738834352,0.4774293288,0.3506472645,0.2508578852,0.1712259283,0.1138118047,0.08093045034,0.05812062225,0.0312245084,0.02848156951,0.02723848803,0.0204029475,0.02163978178,0.01579938582,0.001749999823,-0.00791882913,-0.004020818897,0.003155014344,0.00728943211,0.01546294672],
			"rnat": [1,0.3366963527,0.4526130619,0.2202314234,0.3598090105,0.1351550411,0.2696193905,0.08870273591,0.2449012086,0.09112578489,0.2137770997,0.08509787211,0.2219028539,0.07315795257,0.1946153309,0.06361278792,0.1859557552,0.06293713633,0.1737937422,0.0717546767,0.1838534723],
			"i": [1,0.4418885789,0.5522202414,0.3192154189,0.4649979109,0.2579743895,0.3950635593,0.2166708262,0.3596670369,0.2007732882,0.3186793311,0.1938307503,0.315630359,0.1837899159,0.2929893409,0.1708974647,0.2866006228,0.1738710074,0.2791625502,0.1779362708,0.2750901323],
			"x": [1,0.4864044941,0.5410117317,0.3137234882,0.3956477161,0.227829898,0.3218702421,0.1919335393,0.2917696478,0.1843867288,0.2661788098,0.1885457161,0.26361577,0.1788123878,0.2524763842,0.1590675517,0.2431161582,0.1645402562,0.2355770244,0.1675166886,0.2306110032],
			"u": [1,-0.005551610086,0.006903304532,0.01353547862,0.01230624755,-0.007044775056,-0.009376684718,0.008553453644,-0.0211602669,0.006098390624,-0.01027084948,0.00436357755,0.00390101179,-0.009361503476,0.01178058363,-0.02364054392,-0.001149622316,0.01085758423,-0.01947211964,-0.004622738949,-0.004388427054],
			"g": [1,0.6738834352,0.4774293288,0.3506472645,0.2508578852,0.1712259283,0.1138118047,0.08093045034,0.05812062225,0.0312245084,0.02848156951,0.02723848803,0.0204029475,0.02163978178,0.01579938582,0.001749999823,-0.00791882913,-0.004020818897,0.003155014344,0.00728943211,0.01546294672],
			"g_": [1,-0.01540544097,-0.0190823424,0.003722904274,0.002172426899,-0.02063492347,-0.01380406567,-0.00973048091,0.009859476778,-0.02905922343,0.001132117229,0.008891611497,-0.004177266777,0.01199021864,0.009150580327,0.002000663628,-0.006886314633,-0.0009338617334,-0.003441060774,0.006447229897,0.0216534563],
			"interest": [1,0.4418885789,0.5522202414,0.3192154189,0.4649979109,0.2579743895,0.3950635593,0.2166708262,0.3596670369,0.2007732882,0.3186793311,0.1938307503,0.315630359,0.1837899159,0.2929893409,0.1708974647,0.2866006228,0.1738710074,0.2791625502,0.1779362708,0.2750901323],
			"inflation": [1,0.7335150208,0.5665043402,0.4186147328,0.323512504,0.297958757,0.283256708,0.2598479145,0.2516960735,0.2325909569,0.2324127443,0.2282003553,0.231488598,0.2140237529,0.2127223425,0.1947310898,0.2018457972,0.2012194647,0.1976680644,0.1956609558,0.1973046428],
			"inflationq": [1,0.1992565099,0.2472796103,0.1818199413,0.213476985,0.1528052607,0.1689288152,0.1459343924,0.1522891908,0.1355049537,0.1471291385,0.1327066016,0.1516131304,0.1089180428,0.1486828137,0.08981933934,0.1340040328,0.1211386632,0.1224065425,0.1053787259,0.1277391246],
			"inflationql": [1,0.2254889174,0.1577142914,0.1599276269,0.1652591333,0.145897635,0.1226785425,0.1355963894,0.1062171832,0.1203359605,0.1068475099,0.1189055746,0.1153393165,0.1108349446,0.11412289,0.09119951788,0.09250613126,0.1151674238,0.08960720056,0.103920613,0.09561665176],
			"inflationql2": [1,0.2183740918,0.1683910196,0.1116934383,0.1297934636,0.122142249,0.107130322,0.1199301637,0.09030262983,0.09686673152,0.08892082555,0.09639292954,0.1040155631,0.08285691009,0.09314177218,0.07306952292,0.07304559077,0.1054849872,0.07605559059,0.08410071637,0.07830427157],
			"inflationqls": [1,0.6102547217,0.2498863873,0.2205011354,0.2295726801,0.2106332091,0.1931611305,0.1854931153,0.1701244484,0.1607809855,0.162639154,0.1661406483,0.1664850094,0.1600751254,0.1494763486,0.1366371556,0.1376722017,0.1515541553,0.1441599843,0.141681083,0.1367177258],
			"outputgap": [1,0.4864044941,0.5410117317,0.3137234882,0.3956477161,0.227829898,0.3218702421,0.1919335393,0.2917696478,0.1843867288,0.2661788098,0.1885457161,0.26361577,0.1788123878,0.2524763842,0.1590675517,0.2431161582,0.1645402562,0.2355770244,0.1675166886,0.2306110032],
			"output": [1,0.5163958606,0.5162063465,0.291251694,0.3339203961,0.1748944424,0.2378020928,0.1194815367,0.2013120047,0.106969411,0.176731397,0.1109988197,0.1718120819,0.1007966484,0.1590890443,0.08163101198,0.1483898628,0.083539961,0.1465659315,0.09223995375,0.1495856281],
			"fispol": [1,-0.01540544097,-0.0190823424,0.003722904274,0.002172426899,-0.02063492347,-0.01380406567,-0.00973048091,0.009859476778,-0.02905922343,0.001132117229,0.008891611497,-0.004177266777,0.01199021864,0.009150580327,0.002000663628,-0.006886314633,-0.0009338617334,-0.003441060774,0.006447229897,0.0216534563]
		},
		"VAR": {
			"pi": 0.04007091088,
			"y": 2.285537621,
			"ynat": 0.2510091792,
			"rnat": 0.006966689464,
			"i": 0.009446867254,
			"x": 1.502146963,
			"u": 0.01865258917,
			"g": 3.891622782,
			"g_": 1.795426977,
			"interest": 0.1511498761,
			"inflation": 0.2157622549,
			"inflationq": 0.641134574,
			"inflationql": 0.5165703555,
			"inflationql2": 0.4423248948,
			"inflationqls": 1.235538766,
			"outputgap": 1.502146963,
			"output": 2.285537621,
			"fispol": 1.795426977
		},
		"IRF": {
			"interest_": {
				"pi": [0,-0.3341549119,-0.2140592189,-0.1344133601,-0.08308187181,-0.0493356984,-0.02722994514,-0.01274679646,-0.003285136807,0.002858871838,0.006807284699,0.009301850803,0.0108341675,0.0117305457,0.01220775041,0.01240980394,0.0124323714,0.01233895438,0.01217165882,0.01195835996,0.01171747114],
				"y": [0,-4.758325736,-3.05908225,-1.930122665,-1.198327995,-0.7165545017,-0.4003757603,-0.1929292949,-0.05723281314,0.03100495124,0.08781077118,0.1237927184,0.1459870302,0.1590664783,0.1661359754,0.1692587433,0.1698053119,0.1686854249,0.1665022961,0.1636552679,0.160408141],
				"ynat": [0,0,0,0,0,0,0,0,0,0,0,0,0,0,0,0,0,0,0,0,0],
				"rnat": [0,3.646388747e-14,-0.002138591436,-0.002130327651,-0.00212127798,-0.002098714912,-0.002067456891,-0.002027839475,-0.00198252538,-0.00193372532,-0.001883138325,-0.001831958955,-0.001780980406,-0.001730705862,-0.001681440198,-0.001633357349,-0.001586546903,-0.001541045186,-0.001496855564,-0.001453961478,-0.001412334734],
				"i": [0,0.04007868554,0.02562547792,0.0166805897,0.01038626607,0.006225682365,0.003443603581,0.00159926477,0.0003861966409,-0.0004037681645,-0.0009112553377,-0.00123080742,-0.001425741444,-0.0015383368,-0.001596760192,-0.00161974104,-0.001619712524,-0.001604914378,-0.001580797092,-0.001550957928,-0.001517764029],
				"x": [0,-4.758325736,-3.05908225,-1.930122665,-1.198327995,-0.7165545017,-0.4003757603,-0.1929292949,-0.05723281314,0.03100495124,0.08781077118,0.1237927184,0.1459870302,0.1590664783,0.1661359754,0.1692587433,0.1698053119,0.1686854249,0.1665022961,0.1636552679,0.160408141],
				"u": [0,5.150330771e-17,4.515723352e-17,8.190310172e-18,2.843062299e-18,-1.582487012e-18,1.242329067e-18,1.105636944e-19,6.309072806e-19,6.940949706e-19,-1.700033765e-19,-4.523504969e-19,3.401080512e-19,-9.292826081e-20,1.605505048e-18,-1.708826069e-18,-4.768570938e-19,5.926294651e-19,2.010451229e-20,-1.806101712e-19,5.587156766e-19],
				"g": [0,0,0,0,0,0,0,0,0,0,0,0,0,0,0,0,0,0,0,0,0],
				"g_": [0,0,0,0,0,0,0,0,0,0,0,0,0,0,0,0,0,0,0,0,0],