{
	"model": "NK_RW06AL",
	"rule": "CMR",
	"data": {
		"AC": {
			"x": [1,-0.02027290886,-0.001335198726,0.02136993673,0.01852416394,0.005235256523,0.01922945954,0.02952133361,0.0313620155,0.02912029639,0.03245762268,0.02355085914,0.002779552603,0.02162597707,0.01453674642,0.02042637043,0.01768803748,0.0302536191,0.01056972608,0.01499284184,0.02433209365],
			"pi": [1,-0.002335562541,0.1318455236,0.09855838882,0.1257751065,0.09436459481,0.1196793396,0.1114952647,0.1214800324,0.1072133842,0.1300457868,0.106427609,0.09929273131,0.1088959555,0.1128774507,0.1074641234,0.09719648056,0.1189855039,0.1022195805,0.09212103971,0.1148142047],
			"R": [1,0.2403807351,0.2887675935,0.2525412843,0.2725090514,0.2479741828,0.2713632853,0.2535053832,0.2677799898,0.2566717401,0.2786685636,0.2633036187,0.2503336333,0.2545414709,0.264277858,0.2589094686,0.2572679395,0.2653071689,0.2506908395,0.2394053596,0.2576148721],
			"interest": [1,0.2403807351,0.2887675935,0.2525412843,0.2725090514,0.2479741828,0.2713632853,0.2535053832,0.2677799898,0.2566717401,0.2786685636,0.2633036187,0.2503336333,0.2545414709,0.264277858,0.2589094686,0.2572679395,0.2653071689,0.2506908395,0.2394053596,0.2576148721],
			"inflation": [1,0.517199181,0.3253035514,0.1668317312,0.09094196755,0.112721845,0.1235296369,0.1188895323,0.1340908555,0.1317387968,0.1358842275,0.1211087684,0.1068771664,0.1078358421,0.1195599645,0.1249133758,0.1240496907,0.1295666469,0.1210215124,0.1190287349,0.1269539526],
			"inflationq": [1,-0.002335562541,0.1318455236,0.09855838882,0.1257751065,0.09436459481,0.1196793396,0.1114952647,0.1214800324,0.1072133842,0.1300457868,0.106427609,0.09929273131,0.1088959555,0.1128774507,0.1074641234,0.09719648056,0.1189855039,0.1022195805,0.09212103971,0.1148142047],
			"outputgap": [1,-0.02027290886,-0.001335198726,0.02136993673,0.01852416394,0.005235256523,0.01922945954,0.02952133361,0.0313620155,0.02912029639,0.03245762268,0.02355085914,0.002779552603,0.02162597707,0.01453674642,0.02042637043,0.01768803748,0.0302536191,0.01056972608,0.01499284184,0.02433209365],
			"output": [1,-0.02027290886,-0.001335198726,0.02136993673,0.01852416394,0.005235256523,0.01922945954,0.02952133361,0.0313620155,0.02912029639,0.03245762268,0.02355085914,0.002779552603,0.02162597707,0.01453674642,0.02042637043,0.01768803748,0.0302536191,0.01056972608,0.01499284184,0.02433209365],
			"inflationql": [1,0.1332009162,-0.00835012358,0.0538339183,0.04567813314,0.06039305828,0.05951808103,0.06447576277,0.06583933535,0.06504496593,0.0764872953,0.06236763697,0.04301577242,0.05767916124,0.06321658932,0.06720019215,0.06996361112,0.07208009768,0.05515444917,0.05431195186,0.05943586519],
			"inflationql2": [1,0.153580241,0.05018140853,0.007946239249,0.04747532079,0.05001421363,0.06526939405,0.05678507635,0.06509939722,0.05627124082,0.0699999978,0.05454522505,0.03766661916,0.04761087483,0.04883830765,0.0636657506,0.06723714755,0.07342961922,0.04966458244,0.05798883905,0.06149400542],
			"inflationqls": [1,0.4837420929,0.04489104902,0.03563246388,0.07313921322,0.08683593499,0.09144677797,0.09243581462,0.09643274496,0.1012660827,0.1066416235,0.08814597564,0.06870036632,0.0751596536,0.0895642386,0.09734991054,0.105821011,0.1048554624,0.08760137165,0.08271781213,0.09343742974],
			"pinf4": [1,0.517199181,0.3253035514,0.1668317312,0.09094196755,0.112721845,0.1235296369,0.1188895323,0.1340908555,0.1317387968,0.1358842275,0.1211087684,0.1068771664,0.1078358421,0.1195599645,0.1249133758,0.1240496907,0.1295666469,0.1210215124,0.1190287349,0.1269539526]
		},
		"VAR": {
			"x": 0.67196641,
			"pi": 0.07317320413,
			"R": 0.0006279866195,
			"interest": 0.01004778591,
			"inflation": 0.2771638571,
			"inflationq": 1.170771266,
			"outputgap": 0.67196641,
			"output": 0.67196641,
			"inflationql": 0.8101620533,
			"inflationql2": 0.6540243466,
			"inflationqls": 1.794161493,
			"pinf4": 0.2771638571
		},
		"IRF": {
			"interest_": {
				"x": [0,-0.6366027253,-0.4100834678,-0.2626248817,-0.1671019275,-0.1081193766,-0.07201166088,-0.05007272428,-0.03683893702,-0.02892640041,-0.02425586304,-0.02155674902,-0.0200555322,-0.01928244196,-0.01895262988,-0.01889355064,-0.0190007576,-0.01921106094,-0.01948625356,-0.01980325278,-0.02014813158],
				"pi": [0,-0.3137427082,-0.2039344654,-0.1323326598,-0.08507835453,-0.05575360405,-0.03774272903,-0.02677935903,-0.0201606171,-0.01620347623,-0.01387030392,-0.01252569692,-0.01178232416,-0.01140477584,-0.01125024844,-0.01123222062,-0.01129831419,-0.01141684081,-0.0115686419,-0.01174214455,-0.01193036781],
				"R": [0,0.1713293378,0.105241847,0.06382748866,0.03845478887,0.02295155189,0.01350825599,0.007765255164,0.004274043738,0.002150056916,0.0008550020994,6.203963539e-05,-0.0004270062275,-0.0007321997833,-0.0009262499848,-0.001053179928,-0.001139643889,-0.00120178194,-0.00124936987,-0.001288331115,-0.001322257105],
				"interest": [0,0.6853173512,0.420967388,0.2553099547,0.1538191555,0.09180620756,0.05403302397,0.03106102065,0.01709617495,0.008600227664,0.003420008398,0.0002481585416,-0.00170802491,-0.002928799133,-0.003704999939,-0.00421271971,-0.004558575557,-0.004807127758,-0.004997479478,-0.005153324459,-0.005289028419],
				"inflation": [0,-0.3137427082,-0.5176771736,-0.6500098334,-0.7350881879,-0.4770990838,-0.3109073474,-0.2053540466,-0.1404363092,-0.1008861814,-0.07701375628,-0.06276009417,-0.05438180123,-0.04958310084,-0.04696304536,-0.04566956905,-0.04518555909,-0.04519762406,-0.04551601753,-0.04602594145,-0.04665799508],
				"inflationq": [0,-1.254970833,-0.8157378615,-0.5293306392,-0.3403134181,-0.2230144162,-0.1509709161,-0.1071174361,-0.08064246839,-0.06481390492,-0.05548121567,-0.0501027877,-0.04712929662,-0.04561910337,-0.04500099374,-0.04492888248,-0.04519325677,-0.04566736325,-0.04627456761,-0.04696857819,-0.04772147125],
				"outputgap": [0,-0.6366027253,-0.4100834678,-0.2626248817,-0.1671019275,-0.1081193766,-0.07201166088,-0.05007272428,-0.03683893702,-0.02892640041,-0.02425586304,-0.02155674902,-0.0200555322,-0.01928244196,-0.01895262988,-0.01889355064,-0.0190007576,-0.01921106094,-0.01948625356,-0.01980325278,-0.02014813158],
				"output": [0,-0.6366027253,-0.4100834678,-0.2626248817,-0.1671019275,-0.1081193766,-0.07201166088,-0.05007272428,-0.03683893702,-0.02892640041,-0.02425586304,-0.02155674902,-0.0200555322,-0.01928244196,-0.01895262988,-0.01889355064,-0.0190007576,-0.01921106094,-0.01948625356,-0.01980325278,-0.02014813158],
				"inflationql": [0,0,-1.254970833,-0.8157378615,-0.5293306392,-0.3403134181,-0.2230144162,-0.1509709161,-0.1071174361,-0.08064246839,-0.06481390492,-0.05548121567,-0.0501027877,-0.04712929662,-0.04561910337,-0.04500099374,-0.04492888248,-0.04519325677,-0.04566736325,-0.04627456761,-0.04696857819],
				"inflationql2": [0,0,0,-1.254970833,-0.8157378615,-0.5293306392,-0.3403134181,-0.2230144162,-0.1509709161,-0.1071174361,-0.08064246839,-0.06481390492,-0.05548121567,-0.0501027877,-0.04712929662,-0.04561910337,-0.04500099374,-0.04492888248,-0.04519325677,-0.04566736325,-0.04627456761],
				"inflationqls": [0,0,-1.254970833,-2.070708694,-1.345068501,-0.8696440573,-0.5633278343,-0.3739853323,-0.2580883523,-0.1877599045,-0.1454563733,-0.1202951206,-0.1055840034,-0.09723208432,-0.0927484,-0.09062009711,-0.08992987622,-0.09012213924,-0.09086062002,-0.09194193086,-0.0932431458],
				"pinf4": [0,-0.3137427082,-0.5176771736,-0.6500098334,-0.7350881879,-0.4770990838,-0.3109073474,-0.2053540466,-0.1404363092,-0.1008861814,-0.07701375628,-0.06276009417,-0.05438180123,-0.04958310084,-0.04696304536,-0.04566956905,-0.04518555909,-0.04519762406,-0.04551601753,-0.04602594145,-0.04665799508]
			}
		}
	}
}
