{
	"model": "NK_RW06",
	"rule": "OW13",
	"data": {
		"AC": {
			"x": [1,0.05141306064,0.01506813532,0.01661063864,0.05307152855,0.02852379278,0.01422759329,0.008034348164,0.006487182883,0.004541699969,0.002887625687,0.001802234219,0.00119565477,0.0008038956173,0.0005316089506,0.0003466344546,0.0002271292282,0.0001498192358,9.885527685e-05,6.502461797e-05,4.273333609e-05],
			"pi": [1,0.4144881946,0.2769928921,0.1979841756,0.1348316741,0.08578058639,0.05530747631,0.03662853523,0.02440084073,0.01605571121,0.01051272869,0.006905906911,0.004552462947,0.002999184377,0.00197270399,0.00129720498,0.0008535769206,0.0005618270516,0.0003697236649,0.000243259303,0.0001600575569],
			"R": [1,0.5748374691,0.2481501708,0.03916634669,-0.02491255658,0.01573523059,0.01967953984,0.01094428732,0.004223654802,0.002877834736,0.002375447435,0.00167377695,0.001018079496,0.0006374551471,0.0004273970384,0.0002895159035,0.0001903839693,0.0001237512456,8.113379346e-05,5.362924562e-05,3.538851972e-05],
			"interest": [1,0.5748374691,0.2481501708,0.03916634669,-0.02491255658,0.01573523059,0.01967953984,0.01094428732,0.004223654802,0.002877834736,0.002375447435,0.00167377695,0.001018079496,0.0006374551471,0.0004273970384,0.0002895159035,0.0001903839693,0.0001237512456,8.113379346e-05,5.362924562e-05,3.538851972e-05],
			"inflation": [1,0.8917303842,0.7152314405,0.5109901557,0.3136502953,0.2107604233,0.1402803843,0.09193694478,0.06006643337,0.03953166711,0.02608853853,0.01718242871,0.01129400397,0.007426572388,0.004888053766,0.003217656533,0.002117254404,0.001392952375,0.0009165399227,0.0006031339323,0.0003968866512],
			"inflationq": [1,0.4144881946,0.2769928921,0.1979841756,0.1348316741,0.08578058639,0.05530747631,0.03662853523,0.02440084073,0.01605571121,0.01051272869,0.006905906911,0.004552462947,0.002999184377,0.00197270399,0.00129720498,0.0008535769206,0.0005618270516,0.0003697236649,0.000243259303,0.0001600575569],
			"outputgap": [1,0.05141306064,0.01506813532,0.01661063864,0.05307152855,0.02852379278,0.01422759329,0.008034348164,0.006487182883,0.004541699969,0.002887625687,0.001802234219,0.00119565477,0.0008038956173,0.0005316089506,0.0003466344546,0.0002271292282,0.0001498192358,9.885527685e-05,6.502461797e-05,4.273333609e-05],
			"AUX_ENDO_LEAD_71": [1,0.610421083,0.393521047,0.2651124356,0.177649403,0.1161745757,0.07575581616,0.04983218549,0.03292554418,0.02169202406,0.01425402252,0.009370210338,0.006167835382,0.004060632561,0.002671980615,0.001757803859,0.00115658265,0.0007611094237,0.0005008486623,0.0003295598021,0.000216849124],
			"AUX_ENDO_LEAD_75": [1,0.6528486195,0.4386030928,0.2917830055,0.1907326057,0.1247153511,0.08213262057,0.05421499117,0.03569161932,0.02345748289,0.01542634734,0.01015450134,0.006684213261,0.004398082649,0.002893501008,0.001903917101,0.00125289235,0.0008244489248,0.0005424888587,0.0003569588752,0.0002348851954],
			"AUX_ENDO_LEAD_79": [1,0.6724012795,0.4440487983,0.2897531898,0.189892689,0.1252662062,0.08263427727,0.05435468128,0.0357230552,0.02350178027,0.01547187241,0.01018300423,0.006699617607,0.00440783507,0.002900486629,0.001908694284,0.001255963195,0.00082642105,0.0005437910892,0.0003578258344,0.0002354567545],
			"AUX_ENDO_LEAD_106": [1,0.529319852,0.2641049089,0.1504942095,0.1217485202,0.084937617,0.05391251943,0.03367572,0.02236666519,0.0150364212,0.00993858923,0.006479716022,0.004246586762,0.002801420034,0.001848364988,0.001215736502,0.0007989709175,0.0005256243016,0.0003460437826,0.0002277548848,0.0001498438533],
			"AUX_ENDO_LEAD_110": [1,0.5052961727,0.2730191396,0.2202408313,0.1558722299,0.09986034322,0.06207673971,0.04102815526,0.02759264264,0.0182828238,0.01192514884,0.00780845022,0.005148609487,0.003397940304,0.002235575393,0.001469158253,0.0009663941877,0.0006362078096,0.0004187528486,0.0002755120032,0.0001812616244],
			"AUX_ENDO_LEAD_114": [1,0.5624182369,0.4174886797,0.2857613751,0.1869220161,0.1186337237,0.07816192619,0.05202196746,0.03441782365,0.02253860388,0.01478589331,0.00973729315,0.006418804987,0.004223861364,0.0027773971,0.001827089849,0.00120255828,0.0007914436856,0.0005207544052,0.000342631097,0.0002254557719],
			"AUX_ENDO_LAG_1_1": [1,0.4144881946,0.2769928921,0.1979841756,0.1348316741,0.08578058639,0.05530747631,0.03662853523,0.02440084073,0.01605571121,0.01051272869,0.006905906911,0.004552462947,0.002999184377,0.00197270399,0.00129720498,0.0008535769206,0.0005618270516,0.0003697236649,0.000243259303,0.0001600575569],
			"AUX_ENDO_LAG_1_2": [1,0.4144881946,0.2769928921,0.1979841756,0.1348316741,0.08578058639,0.05530747631,0.03662853523,0.02440084073,0.01605571121,0.01051272869,0.006905906911,0.004552462947,0.002999184377,0.00197270399,0.00129720498,0.0008535769206,0.0005618270516,0.0003697236649,0.000243259303,0.0001600575569],
			"AUX_ENDO_LAG_6_1": [1,0.05141306064,0.01506813532,0.01661063864,0.05307152855,0.02852379278,0.01422759329,0.008034348164,0.006487182883,0.004541699969,0.002887625687,0.001802234219,0.00119565477,0.0008038956173,0.0005316089506,0.0003466344546,0.0002271292282,0.0001498192358,9.885527685e-05,6.502461797e-05,4.273333609e-05],
			"AUX_ENDO_LAG_6_2": [1,0.05141306064,0.01506813532,0.01661063864,0.05307152855,0.02852379278,0.01422759329,0.008034348164,0.006487182883,0.004541699969,0.002887625687,0.001802234219,0.00119565477,0.0008038956173,0.0005316089506,0.0003466344546,0.0002271292282,0.0001498192358,9.885527685e-05,6.502461797e-05,4.273333609e-05],
			"AUX_ENDO_LAG_6_3": [1,0.05141306064,0.01506813532,0.01661063864,0.05307152855,0.02852379278,0.01422759329,0.008034348164,0.006487182883,0.004541699969,0.002887625687,0.001802234219,0.00119565477,0.0008038956173,0.0005316089506,0.0003466344546,0.0002271292282,0.0001498192358,9.885527685e-05,6.502461797e-05,4.273333609e-05],
			"AUX_ENDO_LAG_3_1": [1,0.5748374691,0.2481501708,0.03916634669,-0.02491255658,0.01573523059,0.01967953984,0.01094428732,0.004223654802,0.002877834736,0.002375447435,0.00167377695,0.001018079496,0.0006374551471,0.0004273970384,0.0002895159035,0.0001903839693,0.0001237512456,8.113379346e-05,5.362924562e-05,3.538851972e-05],
			"AUX_ENDO_LAG_3_2": [1,0.5748374691,0.2481501708,0.03916634669,-0.02491255658,0.01573523059,0.01967953984,0.01094428732,0.004223654802,0.002877834736,0.002375447435,0.00167377695,0.001018079496,0.0006374551471,0.0004273970384,0.0002895159035,0.0001903839693,0.0001237512456,8.113379346e-05,5.362924562e-05,3.538851972e-05],
			"AUX_ENDO_LAG_3_3": [1,0.5748374691,0.2481501708,0.03916634669,-0.02491255658,0.01573523059,0.01967953984,0.01094428732,0.004223654802,0.002877834736,0.002375447435,0.00167377695,0.001018079496,0.0006374551471,0.0004273970384,0.0002895159035,0.0001903839693,0.0001237512456,8.113379346e-05,5.362924562e-05,3.538851972e-05],
			"AUX_ENDO_LAG_5_1": [1,0.4144881946,0.2769928921,0.1979841756,0.1348316741,0.08578058639,0.05530747631,0.03662853523,0.02440084073,0.01605571121,0.01051272869,0.006905906911,0.004552462947,0.002999184377,0.00197270399,0.00129720498,0.0008535769206,0.0005618270516,0.0003697236649,0.000243259303,0.0001600575569],
			"AUX_ENDO_LAG_5_2": [1,0.4144881946,0.2769928921,0.1979841756,0.1348316741,0.08578058639,0.05530747631,0.03662853523,0.02440084073,0.01605571121,0.01051272869,0.006905906911,0.004552462947,0.002999184377,0.00197270399,0.00129720498,0.0008535769206,0.0005618270516,0.0003697236649,0.000243259303,0.0001600575569],
			"AUX_ENDO_LAG_5_3": [1,0.4144881946,0.2769928921,0.1979841756,0.1348316741,0.08578058639,0.05530747631,0.03662853523,0.02440084073,0.01605571121,0.01051272869,0.006905906911,0.004552462947,0.002999184377,0.00197270399,0.00129720498,0.0008535769206,0.0005618270516,0.0003697236649,0.000243259303,0.0001600575569]
		},
		"VAR": {
			"x": 0.8242356367,
			"pi": 0.07049375558,
			"R": 0.07446483001,
			"interest": 1.19143728,
			"inflation": 0.5633063723,
			"inflationq": 1.127900089,
			"outputgap": 0.8242356367,
			"AUX_ENDO_LEAD_71": 0.3870667689,
			"AUX_ENDO_LEAD_75": 0.1467487125,
			"AUX_ENDO_LEAD_79": 0.06344221786,