{
	"model": "NK_RW97AL",
	"rule": "CMR",
	"data": {
		"AC": {
			"pi": [1,0.1992564922,0.2472795902,0.1818199225,0.2134769647,0.152805241,0.1689287934,0.1459343735,0.1522891687,0.1355049259,0.1471291128,0.1327065763,0.1516131097,0.1089180213,0.1486827924,0.0898193198,0.1340040113,0.1211386414,0.1224065203,0.1053787081,0.127739103],
			"y": [1,0.5163958637,0.5162063471,0.2912516897,0.3339203879,0.1748944322,0.2378020821,0.1194815249,0.2013119916,0.1069693988,0.1767313873,0.1109988124,0.1718120754,0.1007966415,0.1590890382,0.08163100555,0.1483898565,0.08353995309,0.1465659224,0.09223994565,0.1495856198],
			"ynat": [1,0.6738834352,0.4774293288,0.3506472645,0.2508578852,0.1712259283,0.1138118047,0.08093045034,0.05812062225,0.0312245084,0.02848156951,0.02723848803,0.0204029475,0.02163978178,0.01579938582,0.001749999823,-0.00791882913,-0.004020818897,0.003155014344,0.00728943211,0.01546294672],
			"rnat": [1,0.336696364,0.4526130759,0.2202314367,0.3598090253,0.1351550526,0.2696193978,0.08870274076,0.2449012099,0.09112578579,0.2137770979,0.08509787096,0.2219028538,0.07315795188,0.1946153335,0.0636127895,0.1859557529,0.06293713057,0.1737937306,0.07175466758,0.1838534583],
			"i": [1,0.441888581,0.5522202472,0.3192154257,0.4649979166,0.2579743874,0.3950635451,0.2166707893,0.3596669939,0.2007732366,0.3186792706,0.1938306847,0.3156303012,0.1837898585,0.2929892939,0.1708974297,0.2866005891,0.1738709694,0.2791625027,0.1779362334,0.2750900921],
			"x": [1,0.4864045007,0.541011733,0.3137234804,0.3956477001,0.2278298788,0.3218702212,0.1919335156,0.2917696206,0.1843867029,0.2661787877,0.188545698,0.2636157524,0.178812369,0.252476367,0.1590675346,0.243116141,0.164540237,0.2355770026,0.1675166695,0.2306109833],
			"u": [1,-0.005551610086,0.006903304532,0.01353547862,0.01230624755,-0.007044775056,-0.009376684718,0.008553453644,-0.0211602669,0.006098390624,-0.01027084948,0.00436357755,0.00390101179,-0.009361503476,0.01178058363,-0.02364054392,-0.001149622316,0.01085758423,-0.01947211964,-0.004622738949,-0.004388427054],
			"g": [1,0.6738834352,0.4774293288,0.3506472645,0.2508578852,0.1712259283,0.1138118047,0.08093045034,0.05812062225,0.0312245084,0.02848156951,0.02723848803,0.0204029475,0.02163978178,0.01579938582,0.001749999823,-0.00791882913,-0.004020818897,0.003155014344,0.00728943211,0.01546294672],
			"g_": [1,-0.01540544097,-0.0190823424,0.003722904274,0.002172426899,-0.02063492347,-0.01380406567,-0.00973048091,0.009859476778,-0.02905922343,0.001132117229,0.008891611497,-0.004177266777,0.01199021864,0.009150580327,0.002000663628,-0.006886314633,-0.0009338617334,-0.003441060774,0.006447229897,0.0216534563],
			"interest": [1,0.441888581,0.5522202472,0.3192154257,0.4649979166,0.2579743874,0.3950635451,0.2166707893,0.3596669939,0.2007732366,0.3186792706,0.1938306847,0.3156303012,0.1837898585,0.2929892939,0.1708974297,0.2866005891,0.1738709694,0.2791625027,0.1779362334,0.2750900921],
			"inflation": [1,0.7335150227,0.5665043398,0.4186147287,0.3235124942,0.2979587467,0.2832566937,0.2598478954,0.2516960518,0.2325909299,0.2324127143,0.2282003237,0.2314885706,0.2140237244,0.2127223151,0.1947310646,0.2018457718,0.2012194376,0.1976680375,0.1956609344,0.1973046235],
			"inflationq": [1,0.1992564922,0.2472795902,0.1818199225,0.2134769647,0.152805241,0.1689287934,0.1459343735,0.1522891687,0.1355049259,0.1471291128,0.1327065763,0.1516131097,0.1089180213,0.1486827924,0.0898193198,0.1340040113,0.1211386414,0.1224065203,0.1053787081,0.127739103],
			"inflationql": [1,0.2254889031,0.1577142842,0.1599276174,0.1652591184,0.1458976235,0.1226785323,0.1355963778,0.1062171656,0.1203359449,0.1068474931,0.1189055563,0.1153393011,0.1108349281,0.114122875,0.09119950454,0.09250611642,0.115167411,0.08960718535,0.1039206016,0.09561664164],
			"inflationql2": [1,0.2183740823,0.1683910165,0.1116934358,0.129793456,0.1221422437,0.1071303142,0.1199301557,0.09030262132,0.09686672322,0.08892081435,0.09639291563,0.1040155532,0.08285690065,0.09314176058,0.07306951191,0.07304558308,0.1054849783,0.07605557962,0.08410070825,0.07830426612],
			"inflationqls": [1,0.6102547178,0.2498863811,0.2205011283,0.2295726675,0.2106331978,0.1931611197,0.1854930995,0.170124431,0.1607809681,0.1626391318,0.1661406245,0.1664849896,0.1600751064,0.1494763285,0.1366371364,0.1376721843,0.1515541371,0.1441599653,0.1416810673,0.1367177138],
			"outputgap": [1,0.4864045007,0.541011733,0.3137234804,0.3956477001,0.2278298788,0.3218702212,0.1919335156,0.2917696206,0.1843867029,0.2661787877,0.188545698,0.2636157524,0.178812369,0.252476367,0.1590675346,0.243116141,0.164540237,0.2355770026,0.1675166695,0.2306109833],
			"output": [1,0.5163958637,0.5162063471,0.2912516897,0.3339203879,0.1748944322,0.2378020821,0.1194815249,0.2013119916,0.1069693988,0.1767313873,0.1109988124,0.1718120754,0.1007966415,0.1590890382,0.08163100555,0.1483898565,0.08353995309,0.1465659224,0.09223994565,0.1495856198],
			"fispol": [1,-0.01540544097,-0.0190823424,0.003722904274,0.002172426899,-0.02063492347,-0.01380406567,-0.00973048091,0.009859476778,-0.02905922343,0.001132117229,0.008891611497,-0.004177266777,0.01199021864,0.009150580327,0.002000663628,-0.006886314633,-0.0009338617334,-0.003441060774,0.006447229897,0.0216534563]
		},
		"VAR": {
			"pi": 0.04007090956,
			"y": 2.285537602,
			"ynat": 0.2510091792,
			"rnat": 0.006966689457,
			"i": 0.009446866284,
			"x": 1.502146947,
			"u": 0.01865258917,
			"g": 3.891622782,
			"g_": 1.795426977,
			"interest": 0.1511498606,
			"inflation": 0.215762243,
			"inflationq": 0.6411345529,
			"inflationql": 0.5165703389,
			"inflationql2": 0.4423248823,
			"inflationqls": 1.235538712,
			"outputgap": 1.502146947,
			"output": 2.285537602,
			"fispol": 1.795426977
		},
		"IRF": {
			"interest_": {
				"pi": [0,-0.3341549119,-0.2140592189,-0.1344133601,-0.08308187181,-0.0493356984,-0.02722994514,-0.01274679646,-0.003285136807,0.002858871838,0.006807284699,0.009301850803,0.0108341675,0.0117305457,0.01220775041,0.01240980394,0.0124323714,0.01233895438,0.01217165882,0.01195835996,0.01171747114],
				"y": [0,-4.758325736,-3.05908225,-1.930122665,-1.198327995,-0.7165545017,-0.4003757603,-0.1929292949,-0.05723281314,0.03100495124,0.08781077118,0.1237927184,0.1459870302,0.1590664783,0.1661359754,0.1692587433,0.1698053119,0.1686854249,0.1665022961,0.1636552679,0.160408141],
				"ynat": [0,0,0,0,0,0,0,0,0,0,0,0,0,0,0,0,0,0,0,0,0],
				"rnat": [0,-9.735212636e-14,-0.002138591436,-0.002130327651,-0.00212127798,-0.002098714912,-0.002067456891,-0.002027839475,-0.00198252538,-0.00193372532,-0.001883138325,-0.001831958955,-0.001780980406,-0.001730705862,-0.001681440198,-0.001633357349,-0.001586546903,-0.001541045186,-0.001496855564,-0.001453961478,-0.001412334734],
				"i": [0,0.04007868554,0.02562547792,0.0166805897,0.01038626607,0.006225682365,0.003443603581,0.00159926477,0.0003861966409,-0.0004037681645,-0.0009112553377,-0.00123080742,-0.001425741444,-0.0015383368,-0.001596760192,-0.00161974104,-0.001619712524,-0.001604914378,-0.001580797092,-0.001550957928,-0.001517764029],
				"x": [0,-4.758325736,-3.05908225,-1.930122665,-1.198327995,-0.7165545017,-0.4003757603,-0.1929292949,-0.05723281314,0.03100495124,0.08781077118,0.1237927184,0.1459870302,0.1590664783,0.1661359754,0.1692587433,0.1698053119,0.1686854249,0.1665022961,0.1636552679,0.160408141],
				"u": [0,-4.042324172e-17,-5.693019752e-18,-1.566920763e-17,-2.809231944e-17,1.50489296e-18,1.124487123e-18,1.930380105e-18,2.226723844e-18,7.557712273e-19,2.019680627e-20,-8.145473015e-19,-2.195751081e-18,-1.368762162e-18,7.019302883e-19,-1.316633128e-18,-1.386332307e-18,-3.715584456e-18,-1.240740295e-18,-1.547937336e-18,3.702208376e-19],
				"g": [0,0,0,0,0,0,0,0,0,0,0,0,0,0,0,0,0,0,0,0,0],
				"g_": [0,0,0,0,0,0,0,0,0,0,0,0,0,0,0,0,0,0,0,0,0],