{
	"model": "NK_RW97AL",
	"rule": "CMR",
	"data": {
		"AC": {
			"pi": [1,0.1992564892,0.2472795866,0.1818199185,0.2134769606,0.1528052363,0.168928789,0.1459343688,0.1522891644,0.1355049222,0.1471291093,0.1327065729,0.1516131059,0.1089180177,0.1486827891,0.08981931589,0.1340040067,0.1211386373,0.1224065154,0.1053787035,0.1277390992],
			"y": [1,0.5163958646,0.5162063472,0.2912516903,0.3339203875,0.174894432,0.2378020813,0.1194815247,0.201311991,0.1069693988,0.1767313871,0.1109988126,0.1718120752,0.1007966416,0.159089038,0.08163100531,0.1483898553,0.08353995213,0.146565921,0.09223994476,0.1495856189],
			"ynat": [1,0.6738834352,0.4774293288,0.3506472645,0.2508578852,0.1712259283,0.1138118047,0.08093045034,0.05812062225,0.0312245084,0.02848156951,0.02723848803,0.0204029475,0.02163978178,0.01579938582,0.001749999823,-0.00791882913,-0.004020818897,0.003155014344,0.00728943211,0.01546294672],
			"rnat": [1,0.3366963627,0.4526130735,0.2202314348,0.3598090229,0.1351550499,0.2696193947,0.08870273791,0.2449012067,0.09112578345,0.2137770963,0.0850978695,0.221902852,0.0731579506,0.1946153324,0.06361278829,0.1859557512,0.06293712884,0.1737937288,0.07175466592,0.1838534566],
			"i": [1,0.4418885794,0.5522202445,0.3192154214,0.4649979109,0.25797438,0.3950635366,0.2166707808,0.3596669855,0.2007732283,0.3186792628,0.1938306774,0.3156302935,0.1837898514,0.2929892866,0.1708974215,0.2866005804,0.17387096,0.2791624933,0.1779362236,0.2750900817],
			"x": [1,0.4864045009,0.5410117324,0.3137234799,0.3956476985,0.227829877,0.3218702189,0.1919335137,0.2917696185,0.1843867014,0.2661787863,0.1885456967,0.2636157508,0.1788123678,0.2524763655,0.1590675328,0.2431161384,0.1645402343,0.2355769996,0.167516667,0.230610981],
			"u": [1,-0.005551610086,0.006903304532,0.01353547862,0.01230624755,-0.007044775056,-0.009376684718,0.008553453644,-0.0211602669,0.006098390624,-0.01027084948,0.00436357755,0.00390101179,-0.009361503476,0.01178058363,-0.02364054392,-0.001149622316,0.01085758423,-0.01947211964,-0.004622738949,-0.004388427054],
			"g": [1,0.6738834352,0.4774293288,0.3506472645,0.2508578852,0.1712259283,0.1138118047,0.08093045034,0.05812062225,0.0312245084,0.02848156951,0.02723848803,0.0204029475,0.02163978178,0.01579938582,0.001749999823,-0.00791882913,-0.004020818897,0.003155014344,0.00728943211,0.01546294672],
			"g_": [1,-0.01540544097,-0.0190823424,0.003722904274,0.002172426899,-0.02063492347,-0.01380406567,-0.00973048091,0.009859476778,-0.02905922343,0.001132117229,0.008891611497,-0.004177266777,0.01199021864,0.009150580327,0.002000663628,-0.006886314633,-0.0009338617334,-0.003441060774,0.006447229897,0.0216534563],
			"interest": [1,0.4418885794,0.5522202445,0.3192154214,0.4649979109,0.25797438,0.3950635366,0.2166707808,0.3596669855,0.2007732283,0.3186792628,0.1938306774,0.3156302935,0.1837898514,0.2929892866,0.1708974215,0.2866005804,0.17387096,0.2791624933,0.1779362236,0.2750900817],
			"inflation": [1,0.7335150225,0.5665043383,0.4186147257,0.3235124891,0.2979587406,0.2832566876,0.2598478899,0.2516960468,0.2325909253,0.2324127101,0.22820032,0.2314885668,0.2140237206,0.2127223108,0.1947310596,0.2018457661,0.2012194319,0.1976680318,0.1956609291,0.1973046186],
			"inflationq": [1,0.1992564892,0.2472795866,0.1818199185,0.2134769606,0.1528052363,0.168928789,0.1459343688,0.1522891644,0.1355049222,0.1471291093,0.1327065729,0.1516131059,0.1089180177,0.1486827891,0.08981931589,0.1340040067,0.1211386373,0.1224065154,0.1053787035,0.1277390992],
			"inflationql": [1,0.2254888996,0.1577142815,0.1599276139,0.1652591148,0.1458976192,0.1226785283,0.1355963742,0.1062171625,0.1203359418,0.1068474904,0.1189055536,0.1153392985,0.1108349253,0.1141228723,0.09119950127,0.09250611314,0.1151674071,0.08960718215,0.1039205979,0.09561663877],
			"inflationql2": [1,0.2183740791,0.1683910138,0.1116934331,0.1297934528,0.12214224,0.107130311,0.1199301526,0.09030261876,0.09686672072,0.08892081187,0.09639291366,0.1040155511,0.08285689816,0.09314175825,0.07306950946,0.07304558019,0.1054849757,0.07605557697,0.08410070572,0.07830426389],
			"inflationqls": [1,0.6102547162,0.2498863777,0.2205011244,0.2295726626,0.2106331925,0.1931611145,0.185493095,0.170124427,0.1607809642,0.1626391283,0.1661406215,0.1664849865,0.160075103,0.149476325,0.1366371326,0.1376721799,0.1515541324,0.144159961,0.1416810631,0.1367177099],
			"outputgap": [1,0.4864045009,0.5410117324,0.3137234799,0.3956476985,0.227829877,0.3218702189,0.1919335137,0.2917696185,0.1843867014,0.2661787863,0.1885456967,0.2636157508,0.1788123678,0.2524763655,0.1590675328,0.2431161384,0.1645402343,0.2355769996,0.167516667,0.230610981],
			"output": [1,0.5163958646,0.5162063472,0.2912516903,0.3339203875,0.174894432,0.2378020813,0.1194815247,0.201311991,0.1069693988,0.1767313871,0.1109988126,0.1718120752,0.1007966416,0.159089038,0.08163100531,0.1483898553,0.08353995213,0.146565921,0.09223994476,0.1495856189],
			"fispol": [1,-0.01540544097,-0.0190823424,0.003722904274,0.002172426899,-0.02063492347,-0.01380406567,-0.00973048091,0.009859476778,-0.02905922343,0.001132117229,0.008891611497,-0.004177266777,0.01199021864,0.009150580327,0.002000663628,-0.006886314633,-0.0009338617334,-0.003441060774,0.006447229897,0.0216534563]
		},
		"VAR": {
			"pi": 0.04007090924,
			"y": 2.285537599,
			"ynat": 0.2510091792,
			"rnat": 0.006966689434,
			"i": 0.00944686586,
			"x": 1.50214694,
			"u": 0.01865258917,
			"g": 3.891622782,
			"g_": 1.795426977,
			"interest": 0.1511498538,
			"inflation": 0.2157622396,
			"inflationq": 0.6411345478,
			"inflationql": 0.5165703352,
			"inflationql2": 0.4423248791,
			"inflationqls": 1.235538698,
			"outputgap": 1.50214694,
			"output": 2.285537599,
			"fispol": 1.795426977
		},
		"IRF": {
			"interest_": {
				"pi": [0,-0.3341549119,-0.2140592189,-0.1344133601,-0.08308187181,-0.0493356984,-0.02722994514,-0.01274679646,-0.003285136807,0.002858871838,0.006807284699,0.009301850803,0.0108341675,0.0117305457,0.01220775041,0.01240980394,0.0124323714,0.01233895438,0.01217165882,0.01195835996,0.01171747114],
				"y": [0,-4.758325736,-3.05908225,-1.930122665,-1.198327995,-0.7165545017,-0.4003757603,-0.1929292949,-0.05723281314,0.03100495124,0.08781077118,0.1237927184,0.1459870302,0.1590664783,0.1661359754,0.1692587433,0.1698053119,0.1686854249,0.1665022961,0.1636552679,0.160408141],
				"ynat": [0,0,0,0,0,0,0,0,0,0,0,0,0,0,0,0,0,0,0,0,0],
				"rnat": [0,-1.360689339e-14,-0.002138591436,-0.002130327651,-0.00212127798,-0.002098714912,-0.002067456891,-0.002027839475,-0.00198252538,-0.00193372532,-0.001883138325,-0.001831958955,-0.001780980406,-0.001730705862,-0.001681440198,-0.001633357349,-0.001586546903,-0.001541045186,-0.001496855564,-0.001453961478,-0.001412334734],
				"i": [0,0.04007868554,0.02562547792,0.0166805897,0.01038626607,0.006225682365,0.003443603581,0.00159926477,0.0003861966409,-0.0004037681645,-0.0009112553377,-0.00123080742,-0.001425741444,-0.0015383368,-0.001596760192,-0.00161974104,-0.001619712524,-0.001604914378,-0.001580797092,-0.001550957928,-0.001517764029],
				"x": [0,-4.758325736,-3.05908225,-1.930122665,-1.198327995,-0.7165545017,-0.4003757603,-0.1929292949,-0.05723281314,0.03100495124,0.08781077118,0.1237927184,0.1459870302,0.1590664783,0.1661359754,0.1692587433,0.1698053119,0.1686854249,0.1665022961,0.1636552679,0.160408141],
				"u": [0,-8.326672685e-17,4.12718968e-17,-8.140339746e-18,1.008653538e-17,-9.1482173e-18,-4.06340685e-18,1.300652204e-18,1.157450916e-18,2.949377864e-19,5.442353024e-19,1.707672462e-18,1.927853723e-18,5.101041783e-19,-2.332251611e-19,1.294361837e-18,-1.339353873e-18,-1.181843085e-18,2.025209816e-19,1.445478725e-18,1.390290125e-18],
				"g": [0,0,0,0,0,0,0,0,0,0,0,0,0,0,0,0,0,0,0,0,0],
				"g_": [0,0,0,0,0,0,0,0,0,0,0,0,0,0,0,0,0,0,0,0,0],