{
	"model": "NK_RW06",
	"rule": "Taylor",
	"data": {
		"AC": {
			"x": [1,-0.09472911582,-0.06063538249,-0.02892428658,0.009299221968,0.001541808019,-0.0003620475072,-0.0001940798072,2.585404751e-05,1.460958246e-05,-6.501372016e-07,-1.253922041e-06,-1.3763489e-08,9.281129778e-08,7.678218225e-09,-6.816472285e-09,-1.005158735e-09,4.574379152e-10,1.081484645e-10,-2.864622931e-11,-1.016125142e-11],
			"pi": [1,-0.1267615855,-0.04536174007,-0.001124010039,0.005038056498,9.021173507e-05,-0.0003198943789,-4.029203011e-05,2.470896181e-05,4.191833913e-06,-1.539968386e-06,-4.434280423e-07,9.471328272e-08,3.956079819e-08,-4.623325016e-09,-3.388933637e-09,1.465416833e-10,2.70212624e-10,6.269736438e-12,-2.054794762e-11,-1.793466201e-12],
			"R": [1,0.114206244,0.09268254531,0.07565556695,-0.01800641861,-0.003870905936,0.0005174835959,0.0004578267154,-3.566078528e-05,-3.269723417e-05,-3.399467031e-07,2.706702124e-06,1.601256186e-07,-1.910881876e-07,-2.624299518e-08,1.341291616e-08,2.826977245e-09,-8.432021965e-10,-2.753049535e-10,4.805092732e-11,2.427521456e-11],
			"interest": [1,0.114206244,0.09268254531,0.07565556695,-0.01800641861,-0.003870905936,0.0005174835959,0.0004578267154,-3.566078528e-05,-3.269723417e-05,-3.399467031e-07,2.706702124e-06,1.601256186e-07,-1.910881876e-07,-2.624299518e-08,1.341291616e-08,2.826977245e-09,-8.432021965e-10,-2.753049535e-10,4.805092732e-11,2.427521456e-11],
			"inflation": [1,0.6743952671,0.4314185536,0.2031819396,-0.06581535441,-0.01084855083,0.00257741362,0.001367461054,-0.0001841013817,-0.0001030836162,4.725613492e-06,8.854709567e-06,8.721728515e-08,-6.561244343e-07,-5.347841361e-08,4.82356831e-08,7.047777314e-09,-3.241378998e-09,-7.605017535e-10,2.033492722e-10,7.157645548e-11],
			"inflationq": [1,-0.1267615855,-0.04536174007,-0.001124010039,0.005038056498,9.021173507e-05,-0.0003198943789,-4.029203011e-05,2.470896181e-05,4.191833913e-06,-1.539968386e-06,-4.434280423e-07,9.471328272e-08,3.956079819e-08,-4.623325016e-09,-3.388933637e-09,1.465416833e-10,2.70212624e-10,6.269736438e-12,-2.054794762e-11,-1.793466201e-12],
			"outputgap": [1,-0.09472911582,-0.06063538249,-0.02892428658,0.009299221968,0.001541808019,-0.0003620475072,-0.0001940798072,2.585404751e-05,1.460958246e-05,-6.501372016e-07,-1.253922041e-06,-1.3763489e-08,9.281129778e-08,7.678218225e-09,-6.816472285e-09,-1.005158735e-09,4.574379152e-10,1.081484645e-10,-2.864622931e-11,-1.016125142e-11],
			"AUX_ENDO_LEAD_71": [1,0.305272553,-0.008638548273,-0.03397778677,0.0004481236549,0.002264796138,0.0001890146179,-0.0001786767678,-2.296064006e-05,1.172049753e-05,2.652959963e-06,-7.611407459e-07,-2.490529432e-07,4.188532671e-08,2.214962364e-08,-1.857523998e-09,-1.824357954e-09,2.497452593e-11,1.43018493e-10,7.184940508e-12,-1.058736618e-11],
			"AUX_ENDO_LEAD_75": [1,0.008648723002,-0.1107158952,-0.0009953059954,0.007144158438,0.000806278031,-0.0005548860455,-8.716413751e-05,3.516043694e-05,9.429911464e-06,-2.200335772e-06,-8.533158034e-07,1.119602079e-07,7.387118203e-08,-4.055111781e-09,-5.946085524e-09,-7.352669343e-11,4.562554359e-10,3.47530023e-11,-3.301282388e-11,-4.815591097e-12],
			"AUX_ENDO_LEAD_79": [1,-0.07778153761,-0.06476251169,-0.001652417324,0.005604385653,0.0003473217988,-0.0003831391104,-5.705345828e-05,2.708910424e-05,5.927792624e-06,-1.669943115e-06,-5.745781966e-07,9.405878811e-08,5.011945511e-08,-3.986369523e-09,-4.146405741e-09,4.500949911e-11,3.230086268e-10,1.73654502e-11,-2.388993296e-11,-2.871953006e-12],
			"AUX_ENDO_LEAD_106": [1,0.5174313895,0.1443874307,-0.06842172657,-0.008031222426,0.003272082986,0.00113175737,-0.0002404884326,-9.096490454e-05,1.036240535e-05,8.179751402e-06,-3.721813594e-07,-6.373825927e-07,-1.595111463e-08,4.903629386e-08,4.228460266e-09,-3.490597352e-09,-5.57183156e-10,2.354215849e-10,5.796072409e-11,-1.443880326e-11],
			"AUX_ENDO_LEAD_110": [1,0.3113935716,-0.132311686,-0.01759757832,0.00611045603,0.002351344291,-0.0004411840381,-0.0001862906961,1.739169794e-05,1.647795577e-05,-4.779973553e-07,-1.267024172e-06,-5.196742787e-08,9.617818095e-08,9.888745764e-09,-6.743085175e-09,-1.20975975e-09,4.462920651e-10,1.217259081e-10,-2.660671922e-11,-1.114158055e-11],
			"AUX_ENDO_LEAD_114": [1,-0.2873269444,-0.05235843947,0.0101838774,0.006437161659,-0.0007209571326,-0.0004748923642,1.144139224e-05,4.02280217e-05,1.144724445e-06,-2.927401787e-06,-2.984975423e-07,2.116576834e-07,3.579087337e-08,-1.389650881e-08,-3.695262114e-09,8.446142221e-10,3.386045777e-10,-4.330876077e-11,-2.902403382e-11,1.497793567e-12],
			"AUX_ENDO_LAG_1_1": [1,-0.1267615855,-0.04536174007,-0.001124010039,0.005038056498,9.021173507e-05,-0.0003198943789,-4.029203011e-05,2.470896181e-05,4.191833913e-06,-1.539968386e-06,-4.434280423e-07,9.471328272e-08,3.956079819e-08,-4.623325016e-09,-3.388933637e-09,1.465416833e-10,2.70212624e-10,6.269736438e-12,-2.054794762e-11,-1.793466201e-12],
			"AUX_ENDO_LAG_1_2": [1,-0.1267615855,-0.04536174007,-0.001124010039,0.005038056498,9.021173507e-05,-0.0003198943789,-4.029203011e-05,2.470896181e-05,4.191833913e-06,-1.539968386e-06,-4.434280423e-07,9.471328272e-08,3.956079819e-08,-4.623325016e-09,-3.388933637e-09,1.465416833e-10,2.70212624e-10,6.269736438e-12,-2.054794762e-11,-1.793466201e-12],
			"AUX_ENDO_LAG_6_1": [1,-0.09472911582,-0.06063538249,-0.02892428658,0.009299221968,0.001541808019,-0.0003620475072,-0.0001940798072,2.585404751e-05,1.460958246e-05,-6.501372016e-07,-1.253922041e-06,-1.3763489e-08,9.281129778e-08,7.678218225e-09,-6.816472285e-09,-1.005158735e-09,4.574379152e-10,1.081484645e-10,-2.864622931e-11,-1.016125142e-11],
			"AUX_ENDO_LAG_6_2": [1,-0.09472911582,-0.06063538249,-0.02892428658,0.009299221968,0.001541808019,-0.0003620475072,-0.0001940798072,2.585404751e-05,1.460958246e-05,-6.501372016e-07,-1.253922041e-06,-1.3763489e-08,9.281129778e-08,7.678218225e-09,-6.816472285e-09,-1.005158735e-09,4.574379152e-10,1.081484645e-10,-2.864622931e-11,-1.016125142e-11],
			"AUX_ENDO_LAG_6_3": [1,-0.09472911582,-0.06063538249,-0.02892428658,0.009299221968,0.001541808019,-0.0003620475072,-0.0001940798072,2.585404751e-05,1.460958246e-05,-6.501372016e-07,-1.253922041e-06,-1.3763489e-08,9.281129778e-08,7.678218225e-09,-6.816472285e-09,-1.005158735e-09,4.574379152e-10,1.081484645e-10,-2.864622931e-11,-1.016125142e-11],
			"AUX_ENDO_LAG_3_1": [1,0.114206244,0.09268254531,0.07565556695,-0.01800641861,-0.003870905936,0.0005174835959,0.0004578267154,-3.566078528e-05,-3.269723417e-05,-3.399467031e-07,2.706702124e-06,1.601256186e-07,-1.910881876e-07,-2.624299518e-08,1.341291616e-08,2.826977245e-09,-8.432021965e-10,-2.753049535e-10,4.805092732e-11,2.427521456e-11],
			"AUX_ENDO_LAG_3_2": [1,0.114206244,0.09268254531,0.07565556695,-0.01800641861,-0.003870905936,0.0005174835959,0.0004578267154,-3.566078528e-05,-3.269723417e-05,-3.399467031e-07,2.706702124e-06,1.601256186e-07,-1.910881876e-07,-2.624299518e-08,1.341291616e-08,2.826977245e-09,-8.432021965e-10,-2.753049535e-10,4.805092732e-11,2.427521456e-11],
			"AUX_ENDO_LAG_3_3": [1,0.114206244,0.09268254531,0.07565556695,-0.01800641861,-0.003870905936,0.0005174835959,0.0004578267154,-3.566078528e-05,-3.269723417e-05,-3.399467031e-07,2.706702124e-06,1.601256186e-07,-1.910881876e-07,-2.624299518e-08,1.341291616e-08,2.826977245e-09,-8.432021965e-10,-2.753049535e-10,4.805092732e-11,2.427521456e-11],
			"AUX_ENDO_LAG_5_1": [1,-0.1267615855,-0.04536174007,-0.001124010039,0.005038056498,9.021173507e-05,-0.0003198943789,-4.029203011e-05,2.470896181e-05,4.191833913e-06,-1.539968386e-06,-4.434280423e-07,9.471328272e-08,3.956079819e-08,-4.623325016e-09,-3.388933637e-09,1.465416833e-10,2.70212624e-10,6.269736438e-12,-2.054794762e-11,-1.793466201e-12],