{
	"model": "NK_RW97AL",
	"rule": "LWW",
	"data": {
		"AC": {
			"pi": [1,0.1318771397,0.184243411,0.155055376,0.1500118639,0.1644109855,0.1626897817,0.151477276,0.1666420111,0.1756212247,0.1299818837,0.1692442194,0.1451323602,0.1424728341,0.1393459436,0.1235007872,0.1019925288,0.1506317141,0.1181876141,0.1236123503,0.1203681115],
			"y": [1,0.6798964489,0.4731277805,0.3152157771,0.2119536419,0.1470679822,0.08649425595,0.04904851261,0.01453273734,-0.00764119581,-0.03118502028,-0.02902689929,-0.01683057552,-0.01321513546,-0.01579755692,-0.021898781,-0.0135903642,-0.0101026387,-0.03207982561,-0.02945339852,-0.03000671144],
			"ynat": [1,0.7213988967,0.5287150588,0.3843909395,0.2874122831,0.2176206284,0.1641748499,0.1217698736,0.08492917551,0.0523436494,0.0339117288,0.02755935593,0.03106617063,0.03829550391,0.0335011634,0.03117177528,0.03336543704,0.0396000538,0.0297874243,0.02668885437,0.02398914394],
			"rnat": [1,0.5102090139,0.3996629372,0.3079156913,0.263384504,0.2177207182,0.1843294532,0.1670411353,0.159540617,0.1467698812,0.1256381386,0.1189623843,0.1357270645,0.1212060551,0.1073286333,0.09985222151,0.09606988798,0.08187853572,0.05223532792,0.0639197681,0.06116712444],
			"i": [1,0.5286883197,0.472976012,0.4057197074,0.3675395121,0.3335690731,0.2946700963,0.2801536089,0.2568678664,0.2408169681,0.218450935,0.199105177,0.2152708858,0.195088079,0.1933555704,0.1841554869,0.1879272933,0.1802556859,0.1571383451,0.1526097081,0.1568909823],
			"x": [1,0.6523555453,0.4765153004,0.3518410357,0.2787917156,0.2310609665,0.1794996701,0.1594993423,0.1394631318,0.1319921641,0.1155854491,0.1070547736,0.1093559445,0.09377894291,0.0761125779,0.05996715373,0.05861992986,0.05545825948,0.03682582775,0.03435278984,0.0365757021],
			"u": [1,-0.02215929499,0.004701229325,-0.00670327661,-0.03204926935,0.004682362352,-0.001417986835,-0.009104702922,0.0003192155536,0.01356468045,-0.02719301262,0.02178853073,-0.001156950569,0.003923199767,-0.005528543134,-0.01846459196,-0.01603022407,0.01937600489,-0.02003505002,0.01732785594,-0.005501911384],
			"g": [1,0.7213988967,0.5287150588,0.3843909395,0.2874122831,0.2176206284,0.1641748499,0.1217698736,0.08492917551,0.0523436494,0.0339117288,0.02755935593,0.03106617063,0.03829550391,0.0335011634,0.03117177528,0.03336543704,0.0396000538,0.0297874243,0.02668885437,0.02398914394],
			"g_": [1,0.01274566329,0.005737122205,-0.01597138588,0.009486969959,0.006467489184,-0.004959831833,-0.001034439586,0.00357317372,-0.01878608983,-0.02161262763,-0.01728444084,-0.002988887638,0.01946582134,0.004767654375,0.001567477759,-0.003805279102,0.04515130932,-0.00383141411,-0.0002346801381,0.01069722851],
			"interest": [1,0.5286883197,0.472976012,0.4057197074,0.3675395121,0.3335690731,0.2946700963,0.2801536089,0.2568678664,0.2408169681,0.218450935,0.199105177,0.2152708858,0.195088079,0.1933555704,0.1841554869,0.1879272933,0.1802556859,0.1571383451,0.1526097081,0.1568909823],
			"inflation": [1,0.6377963344,0.407880606,0.2500830917,0.1640548459,0.2048662309,0.2083012372,0.2089865763,0.2332794738,0.2429286517,0.2340790088,0.2222426474,0.211481976,0.1905498061,0.176784271,0.1536578572,0.1441813535,0.1563733394,0.1326369363,0.1218466802,0.1229452083],
			"inflationq": [1,0.1318771397,0.184243411,0.155055376,0.1500118639,0.1644109855,0.1626897817,0.151477276,0.1666420111,0.1756212247,0.1299818837,0.1692442194,0.1451323602,0.1424728341,0.1393459436,0.1235007872,0.1019925288,0.1506317141,0.1181876141,0.1236123503,0.1203681115],
			"inflationql": [1,0.1211754721,0.04290750588,0.08920696053,0.100623423,0.1193283122,0.09883052826,0.09857090561,0.1149321243,0.1312838206,0.07706574852,0.1222796202,0.09889861816,0.1004816315,0.09062299963,0.058806195,0.07007520476,0.09495440036,0.05858305921,0.059588149,0.04735017508],
			"inflationql2": [1,0.07431856594,0.04941123802,-0.001128583364,0.06043929831,0.08425658418,0.07214000751,0.05970801565,0.08531641204,0.1006457531,0.03988389123,0.08743939712,0.06423230001,0.06902147879,0.04771222167,0.03702856948,0.0418149051,0.0733436609,0.01637447448,0.04658831008,0.02602125488],
			"inflationqls": [1,0.492151131,0.05720129683,0.06942071529,0.1284367673,0.145907627,0.136859871,0.1343728435,0.1607771352,0.1600264576,0.1350608725,0.1456176927,0.1465438995,0.1320999714,0.1062094136,0.07636668719,0.09320434447,0.105253319,0.07645066364,0.04858001035,0.05595346166],
			"outputgap": [1,0.6523555453,0.4765153004,0.3518410357,0.2787917156,0.2310609665,0.1794996701,0.1594993423,0.1394631318,0.1319921641,0.1155854491,0.1070547736,0.1093559445,0.09377894291,0.0761125779,0.05996715373,0.05861992986,0.05545825948,0.03682582775,0.03435278984,0.0365757021],
			"output": [1,0.6798964489,0.4731277805,0.3152157771,0.2119536419,0.1470679822,0.08649425595,0.04904851261,0.01453273734,-0.00764119581,-0.03118502028,-0.02902689929,-0.01683057552,-0.01321513546,-0.01579755692,-0.021898781,-0.0135903642,-0.0101026387,-0.03207982561,-0.02945339852,-0.03000671144],
			"fispol": [1,0.01274566329,0.005737122205,-0.01597138588,0.009486969959,0.006467489184,-0.004959831833,-0.001034439586,0.00357317372,-0.01878608983,-0.02161262763,-0.01728444084,-0.002988887638,0.01946582134,0.004767654375,0.001567477759,-0.003805279102,0.04515130932,-0.00383141411,-0.0002346801381,0.01069722851]
		},
		"VAR": {
			"pi": 0.0263946404,
			"y": 0.5082567957,
			"ynat": 0.2057914226,
			"rnat": 0.004414145742,
			"i": 0.01525570529,
			"x": 0.1526668301,
			"u": 0.0148258044,
			"g": 3.190570923,
			"g_": 1.409502986,
			"interest": 0.2440912846,
			"inflation": 0.1333627475,
			"inflationq": 0.4223142464,
			"inflationql": 0.3425407604,
			"inflationql2": 0.2727200088,
			"inflationqls": 0.7911836751,
			"outputgap": 0.1526668301,
			"output": 0.5082567957,
			"fispol": 1.409502986
		},
		"IRF": {
			"interest_": {
				"pi": [0,-0.06348645657,-0.04315095573,-0.02839666939,-0.01819976582,-0.01162522027,-0.00740886974,-0.004710800809,-0.002984897458,-0.001881060342,-0.001175187582,-0.0007239006118,-0.0004354745818,-0.0002512309499,-0.0001336319309,-5.866396195e-05,-1.096518789e-05,1.929159394e-05,3.83929753e-05,5.036056157e-05,5.776701056e-05],
				"y": [0,-0.8421178859,-0.6161979462,-0.4255931613,-0.2747573306,-0.1765634332,-0.1133424161,-0.07285744769,-0.0469482749,-0.03036942227,-0.01976016873,-0.01296997792,-0.008622981666,-0.005838982082,-0.004054891819,-0.00291049111,-0.002175340196,-0.001702022507,-0.001396233007,-0.001197643037,-0.00106765917],
				"ynat": [0,0,0,0,0,0,0,0,0,0,0,0,0,0,0,0,0,0,0,0,0],
				"rnat": [0,8.951173136e-18,-0.0004063133221,-0.0004015852787,-0.0003985011502,-0.0003952690009,-0.0003918943066,-0.0003883963906,-0.0003848268684,-0.0003812232439,-0.0003776105274,-0.0003740048522,-0.0003704164533,-0.0003668517387,-0.0003633146591,-0.0003598075974,-0.0003563319399,-0.0003528884411,-0.0003494774564,-0.0003460990891,-0.0003427532843],
				"i": [0,-0.007182022169,0.002038506629,0.005848343839,0.00399964417,0.002622653451,0.001686889532,0.001084320139,0.0006982486941,0.0004512475681,0.0002932192117,0.0001920939981,0.0001273625327,8.590983868e-05,5.934830283e-05,4.231307754e-05,3.137245336e-05,2.433116937e-05,1.978487185e-05,1.683514659e-05,1.490723756e-05],
				"x": [0,-0.8421178859,-0.6161979462,-0.4255931613,-0.2747573306,-0.1765634332,-0.1133424161,-0.07285744769,-0.0469482749,-0.03036942227,-0.01976016873,-0.01296997792,-0.008622981666,-0.005838982082,-0.004054891819,-0.00291049111,-0.002175340196,-0.001702022507,-0.001396233007,-0.001197643037,-0.00106765917],
				"u": [0,-7.22716163e-17,6.605714766e-17,7.171528977e-17,4.917305349e-17,-2.339498618e-17,-4.210857379e-18,7.237435978e-18,-4.871984787e-19,7.064315146e-20,-2.457769812e-18,1.220560089e-18,-1.054296317e-18,-3.500100702e-19,-6.280246226e-19,-4.749977498e-19,-2.780147737e-20,-2.482929265e-19,2.693720019e-19,-9.942969103e-20,-6.420611718e-20],
				"g": [0,0,0,0,0,0,0,0,0,0,0,0,0,0,0,0,0,0,0,0,0],
				"g_": [0,0,0,0,0,0,0,0,0,0,0,0,0,0,0,0,0,0,0,0,0],