{
	"model": "NK_RW97AL",
	"rule": "LWW",
	"data": {
		"AC": {
			"pi": [1,0.1318771397,0.184243411,0.155055376,0.1500118639,0.1644109855,0.1626897817,0.1514772761,0.1666420111,0.1756212247,0.1299818836,0.1692442194,0.1451323602,0.1424728341,0.1393459436,0.1235007872,0.1019925287,0.1506317141,0.1181876141,0.1236123502,0.1203681114],
			"y": [1,0.6798964489,0.4731277806,0.3152157771,0.2119536419,0.1470679823,0.08649425597,0.04904851261,0.01453273734,-0.007641195806,-0.03118502029,-0.02902689927,-0.01683057552,-0.01321513546,-0.01579755689,-0.021898781,-0.01359036417,-0.01010263868,-0.03207982559,-0.0294533985,-0.03000671142],
			"ynat": [1,0.7213988967,0.5287150588,0.3843909395,0.2874122831,0.2176206284,0.1641748499,0.1217698736,0.08492917551,0.0523436494,0.0339117288,0.02755935593,0.03106617063,0.03829550391,0.0335011634,0.03117177528,0.03336543704,0.0396000538,0.0297874243,0.02668885437,0.02398914394],
			"rnat": [1,0.510209014,0.3996629373,0.3079156913,0.2633845041,0.2177207182,0.1843294533,0.1670411354,0.159540617,0.1467698813,0.1256381386,0.1189623843,0.1357270645,0.1212060551,0.1073286333,0.09985222146,0.096069888,0.0818785357,0.05223532789,0.06391976812,0.06116712442],
			"i": [1,0.5286883197,0.472976012,0.4057197074,0.3675395121,0.3335690731,0.2946700963,0.2801536089,0.2568678663,0.240816968,0.2184509349,0.1991051769,0.2152708857,0.1950880789,0.1933555703,0.1841554867,0.1879272931,0.1802556858,0.157138345,0.152609708,0.1568909821],
			"x": [1,0.6523555454,0.4765153005,0.3518410357,0.2787917157,0.2310609664,0.1794996701,0.1594993423,0.1394631318,0.1319921641,0.1155854491,0.1070547737,0.1093559445,0.0937789429,0.07611257793,0.0599671537,0.05861992988,0.05545825948,0.03682582775,0.03435278986,0.0365757021],
			"u": [1,-0.02215929499,0.004701229325,-0.00670327661,-0.03204926935,0.004682362352,-0.001417986835,-0.009104702922,0.0003192155536,0.01356468045,-0.02719301262,0.02178853073,-0.001156950569,0.003923199767,-0.005528543134,-0.01846459196,-0.01603022407,0.01937600489,-0.02003505002,0.01732785594,-0.005501911384],
			"g": [1,0.7213988967,0.5287150588,0.3843909395,0.2874122831,0.2176206284,0.1641748499,0.1217698736,0.08492917551,0.0523436494,0.0339117288,0.02755935593,0.03106617063,0.03829550391,0.0335011634,0.03117177528,0.03336543704,0.0396000538,0.0297874243,0.02668885437,0.02398914394],
			"g_": [1,0.01274566329,0.005737122205,-0.01597138588,0.009486969959,0.006467489184,-0.004959831833,-0.001034439586,0.00357317372,-0.01878608983,-0.02161262763,-0.01728444084,-0.002988887638,0.01946582134,0.004767654375,0.001567477759,-0.003805279102,0.04515130932,-0.00383141411,-0.0002346801381,0.01069722851],
			"interest": [1,0.5286883197,0.472976012,0.4057197074,0.3675395121,0.3335690731,0.2946700963,0.2801536089,0.2568678663,0.240816968,0.2184509349,0.1991051769,0.2152708857,0.1950880789,0.1933555703,0.1841554867,0.1879272931,0.1802556858,0.157138345,0.152609708,0.1568909821],
			"inflation": [1,0.6377963344,0.407880606,0.2500830917,0.1640548459,0.2048662309,0.2083012372,0.2089865763,0.2332794737,0.2429286517,0.2340790088,0.2222426474,0.2114819759,0.190549806,0.1767842709,0.1536578571,0.1441813533,0.1563733393,0.1326369362,0.1218466801,0.1229452082],
			"inflationq": [1,0.1318771397,0.184243411,0.155055376,0.1500118639,0.1644109855,0.1626897817,0.1514772761,0.1666420111,0.1756212247,0.1299818836,0.1692442194,0.1451323602,0.1424728341,0.1393459436,0.1235007872,0.1019925287,0.1506317141,0.1181876141,0.1236123502,0.1203681114],
			"inflationql": [1,0.1211754722,0.04290750588,0.08920696053,0.100623423,0.1193283122,0.09883052827,0.09857090561,0.1149321243,0.1312838206,0.07706574848,0.1222796202,0.09889861813,0.1004816314,0.0906229996,0.05880619494,0.07007520472,0.0949544003,0.05858305916,0.05958814894,0.04735017501],
			"inflationql2": [1,0.074318566,0.04941123803,-0.001128583363,0.06043929832,0.08425658416,0.07214000753,0.05970801566,0.08531641202,0.1006457531,0.0398838912,0.08743939711,0.06423229998,0.06902147876,0.04771222163,0.03702856943,0.04181490506,0.07334366086,0.01637447442,0.04658831005,0.02602125482],
			"inflationqls": [1,0.492151131,0.05720129684,0.06942071529,0.1284367673,0.145907627,0.136859871,0.1343728435,0.1607771351,0.1600264576,0.1350608724,0.1456176926,0.1465438995,0.1320999713,0.1062094135,0.07636668712,0.09320434439,0.1052533189,0.07645066356,0.04858001027,0.05595346157],
			"outputgap": [1,0.6523555454,0.4765153005,0.3518410357,0.2787917157,0.2310609664,0.1794996701,0.1594993423,0.1394631318,0.1319921641,0.1155854491,0.1070547737,0.1093559445,0.0937789429,0.07611257793,0.0599671537,0.05861992988,0.05545825948,0.03682582775,0.03435278986,0.0365757021],
			"output": [1,0.6798964489,0.4731277806,0.3152157771,0.2119536419,0.1470679823,0.08649425597,0.04904851261,0.01453273734,-0.007641195806,-0.03118502029,-0.02902689927,-0.01683057552,-0.01321513546,-0.01579755689,-0.021898781,-0.01359036417,-0.01010263868,-0.03207982559,-0.0294533985,-0.03000671142],
			"fispol": [1,0.01274566329,0.005737122205,-0.01597138588,0.009486969959,0.006467489184,-0.004959831833,-0.001034439586,0.00357317372,-0.01878608983,-0.02161262763,-0.01728444084,-0.002988887638,0.01946582134,0.004767654375,0.001567477759,-0.003805279102,0.04515130932,-0.00383141411,-0.0002346801381,0.01069722851]
		},
		"VAR": {
			"pi": 0.02639464041,
			"y": 0.5082567957,
			"ynat": 0.2057914226,
			"rnat": 0.00441414574,
			"i": 0.01525570529,
			"x": 0.1526668301,
			"u": 0.0148258044,
			"g": 3.190570923,
			"g_": 1.409502986,
			"interest": 0.2440912846,
			"inflation": 0.1333627475,
			"inflationq": 0.4223142465,
			"inflationql": 0.3425407604,
			"inflationql2": 0.2727200088,
			"inflationqls": 0.7911836753,
			"outputgap": 0.1526668301,
			"output": 0.5082567957,
			"fispol": 1.409502986
		},
		"IRF": {
			"interest_": {
				"pi": [0,-0.06348645657,-0.04315095573,-0.02839666939,-0.01819976582,-0.01162522027,-0.00740886974,-0.004710800809,-0.002984897458,-0.001881060342,-0.001175187582,-0.0007239006118,-0.0004354745818,-0.0002512309499,-0.0001336319309,-5.866396195e-05,-1.096518789e-05,1.929159394e-05,3.83929753e-05,5.036056157e-05,5.776701056e-05],
				"y": [0,-0.8421178859,-0.6161979462,-0.4255931613,-0.2747573306,-0.1765634332,-0.1133424161,-0.07285744769,-0.0469482749,-0.03036942227,-0.01976016873,-0.01296997792,-0.008622981666,-0.005838982082,-0.004054891819,-0.00291049111,-0.002175340196,-0.001702022507,-0.001396233007,-0.001197643037,-0.00106765917],
				"ynat": [0,0,0,0,0,0,0,0,0,0,0,0,0,0,0,0,0,0,0,0,0],
				"rnat": [0,-6.505213035e-17,-0.0004063133221,-0.0004015852787,-0.0003985011502,-0.0003952690009,-0.0003918943066,-0.0003883963906,-0.0003848268684,-0.0003812232439,-0.0003776105274,-0.0003740048522,-0.0003704164533,-0.0003668517387,-0.0003633146591,-0.0003598075974,-0.0003563319399,-0.0003528884411,-0.0003494774564,-0.0003460990891,-0.0003427532843],
				"i": [0,-0.007182022169,0.002038506629,0.005848343839,0.00399964417,0.002622653451,0.001686889532,0.001084320139,0.0006982486941,0.0004512475681,0.0002932192117,0.0001920939981,0.0001273625327,8.590983868e-05,5.934830283e-05,4.231307754e-05,3.137245336e-05,2.433116937e-05,1.978487185e-05,1.683514659e-05,1.490723756e-05],
				"x": [0,-0.8421178859,-0.6161979462,-0.4255931613,-0.2747573306,-0.1765634332,-0.1133424161,-0.07285744769,-0.0469482749,-0.03036942227,-0.01976016873,-0.01296997792,-0.008622981666,-0.005838982082,-0.004054891819,-0.00291049111,-0.002175340196,-0.001702022507,-0.001396233007,-0.001197643037,-0.00106765917],
				"u": [0,-3.844255375e-17,-9.386639038e-17,1.441923731e-17,3.70094242e-17,-3.718939882e-17,-1.07358152e-17,-3.702078216e-18,1.881433198e-20,-4.358398723e-18,-2.669008438e-18,1.629361939e-18,4.685123753e-19,3.993718318e-19,2.858653605e-19,1.55936599e-19,3.794869513e-19,1.111962652e-19,1.607107197e-19,-5.44248316e-20,-1.162247576e-20],
				"g": [0,0,0,0,0,0,0,0,0,0,0,0,0,0,0,0,0,0,0,0,0],
				"g_": [0,0,0,0,0,0,0,0,0,0,0,0,0,0,0,0,0,0,0,0,0],