{
	"model": "NK_RW06",
	"rule": "LWW",
	"data": {
		"AC": {
			"x": [1,0.049888548,0.004613404977,-0.01191679988,-0.006350500575,-0.002974738422,-0.001305469565,-0.0005632880601,-0.0002413949136,-0.0001032126399,-4.409281331e-05,-1.883092148e-05,-8.041324128e-06,-3.433731936e-06,-1.466219497e-06,-6.260793064e-07,-2.67336894e-07,-1.141532167e-07,-4.874356665e-08,-2.081356224e-08,-8.887416105e-09],
			"pi": [1,0.09314757379,0.0257641982,0.005925575521,0.001974069289,0.0007395210489,0.0003011983206,0.0001262569794,5.355694303e-05,2.281349022e-05,9.732894957e-06,4.154644024e-06,1.773835641e-06,7.573987096e-07,3.234053394e-07,1.380937236e-07,5.896607045e-08,2.517856487e-08,1.075127456e-08,4.590806664e-09,1.960279866e-09],
			"R": [1,0.2579263407,0.1810300108,0.1289142423,0.05984352288,0.02653915473,0.01146517528,0.004917633131,0.002103111034,0.0008985451666,0.0003837584734,0.000163877506,6.997776513e-05,2.988087873e-05,1.275921553e-05,5.44820716e-06,2.326392029e-06,9.933723397e-07,4.241712013e-07,1.811216137e-07,7.733914607e-08],
			"interest": [1,0.2579263407,0.1810300108,0.1289142423,0.05984352288,0.02653915473,0.01146517528,0.004917633131,0.002103111034,0.0008985451666,0.0003837584734,0.000163877506,6.997776513e-05,2.988087873e-05,1.275921553e-05,5.44820716e-06,2.326392029e-06,9.933723397e-07,4.241712013e-07,1.811216137e-07,7.733914607e-08],
			"inflation": [1,0.7864634039,0.5344933478,0.2770752546,0.03707827376,0.01020697819,0.002953868026,0.001086433343,0.0004336899682,0.0001807779694,7.649288028e-05,3.255618756e-05,1.38850073e-05,5.926375432e-06,2.53017703e-06,1.080328155e-06,4.61292084e-07,1.969708325e-07,8.410655894e-08,3.591356694e-08,1.533513072e-08],
			"inflationq": [1,0.09314757379,0.0257641982,0.005925575521,0.001974069289,0.0007395210489,0.0003011983206,0.0001262569794,5.355694303e-05,2.281349022e-05,9.732894957e-06,4.154644024e-06,1.773835641e-06,7.573987096e-07,3.234053394e-07,1.380937236e-07,5.896607045e-08,2.517856487e-08,1.075127456e-08,4.590806664e-09,1.960279866e-09],
			"outputgap": [1,0.049888548,0.004613404977,-0.01191679988,-0.006350500575,-0.002974738422,-0.001305469565,-0.0005632880601,-0.0002413949136,-0.0001032126399,-4.409281331e-05,-1.883092148e-05,-8.041324128e-06,-3.433731936e-06,-1.466219497e-06,-6.260793064e-07,-2.67336894e-07,-1.141532167e-07,-4.874356665e-08,-2.081356224e-08,-8.887416105e-09],
			"AUX_ENDO_LEAD_71": [1,0.4888631761,0.2220818503,0.09659101168,0.04153916214,0.01778093699,0.007599354831,0.003245982921,0.001386201268,0.0005919346235,0.0002527606564,0.000107929698,4.608620193e-05,1.967887747e-05,8.402906378e-06,3.588051401e-06,1.532102288e-06,6.542095156e-07,2.793482461e-07,1.192820351e-07,5.093357154e-08],
			"AUX_ENDO_LEAD_75": [1,0.4578911136,0.199535869,0.08587963789,0.03677068754,0.01571689982,0.006713540249,0.002867062808,0.001224296624,0.0005227849841,0.0002232311788,9.532019084e-05,4.070186788e-05,1.737975123e-05,7.421175317e-06,3.168850847e-06,1.353103117e-06,5.777766505e-07,2.467113206e-07,1.053460287e-07,4.498288016e-08],
			"AUX_ENDO_LEAD_79": [1,0.4362803235,0.1878657424,0.0804505154,0.03438905078,0.0146897414,0.006273402287,0.002678883304,0.001143906921,0.0004884527893,0.0002085704133,8.905989107e-05,3.802869153e-05,1.623829851e-05,6.933773145e-06,2.960729461e-06,1.264235024e-06,5.39829867e-07,2.305079984e-07,9.842719077e-08,4.202852807e-08],
			"AUX_ENDO_LEAD_106": [1,0.5345374205,0.2545690946,0.1120037849,0.04839398515,0.02074735149,0.008872310987,0.003790490513,0.001618855081,0.0006913008693,0.000295193685,0.0001260491947,5.38233324e-05,2.298265433e-05,9.813625041e-06,4.190430263e-06,1.789318829e-06,7.640412933e-07,3.262465476e-07,1.39307666e-07,5.94845399e-08],
			"AUX_ENDO_LEAD_110": [1,0.4910367836,0.217286501,0.09413182538,0.04038896457,0.01727720889,0.007382098522,0.003152897722,0.001346403621,0.0005749333496,0.000245499907,0.0001048291672,4.476224342e-05,1.911354126e-05,8.161506475e-06,3.484973251e-06,1.488087778e-06,6.354152651e-07,2.713230783e-07,1.158552788e-07,4.947034249e-08],
			"AUX_ENDO_LEAD_114": [1,0.4453060045,0.193495449,0.08309844716,0.0355596806,0.01519558442,0.006490334634,0.002771657066,0.001183543629,0.0005053811283,0.0002157993619,9.214674209e-05,3.934679315e-05,1.680113142e-05,7.174103766e-06,3.063350969e-06,1.308054538e-06,5.585408528e-07,2.384976119e-07,1.018387653e-07,4.348527448e-08],
			"AUX_ENDO_LAG_1_1": [1,0.09314757379,0.0257641982,0.005925575521,0.001974069289,0.0007395210489,0.0003011983206,0.0001262569794,5.355694303e-05,2.281349022e-05,9.732894957e-06,4.154644024e-06,1.773835641e-06,7.573987096e-07,3.234053394e-07,1.380937236e-07,5.896607045e-08,2.517856487e-08,1.075127456e-08,4.590806664e-09,1.960279866e-09],
			"AUX_ENDO_LAG_1_2": [1,0.09314757379,0.0257641982,0.005925575521,0.001974069289,0.0007395210489,0.0003011983206,0.0001262569794,5.355694303e-05,2.281349022e-05,9.732894957e-06,4.154644024e-06,1.773835641e-06,7.573987096e-07,3.234053394e-07,1.380937236e-07,5.896607045e-08,2.517856487e-08,1.075127456e-08,4.590806664e-09,1.960279866e-09],
			"AUX_ENDO_LAG_6_1": [1,0.049888548,0.004613404977,-0.01191679988,-0.006350500575,-0.002974738422,-0.001305469565,-0.0005632880601,-0.0002413949136,-0.0001032126399,-4.409281331e-05,-1.883092148e-05,-8.041324128e-06,-3.433731936e-06,-1.466219497e-06,-6.260793064e-07,-2.67336894e-07,-1.141532167e-07,-4.874356665e-08,-2.081356224e-08,-8.887416105e-09],
			"AUX_ENDO_LAG_6_2": [1,0.049888548,0.004613404977,-0.01191679988,-0.006350500575,-0.002974738422,-0.001305469565,-0.0005632880601,-0.0002413949136,-0.0001032126399,-4.409281331e-05,-1.883092148e-05,-8.041324128e-06,-3.433731936e-06,-1.466219497e-06,-6.260793064e-07,-2.67336894e-07,-1.141532167e-07,-4.874356665e-08,-2.081356224e-08,-8.887416105e-09],
			"AUX_ENDO_LAG_6_3": [1,0.049888548,0.004613404977,-0.01191679988,-0.006350500575,-0.002974738422,-0.001305469565,-0.0005632880601,-0.0002413949136,-0.0001032126399,-4.409281331e-05,-1.883092148e-05,-8.041324128e-06,-3.433731936e-06,-1.466219497e-06,-6.260793064e-07,-2.67336894e-07,-1.141532167e-07,-4.874356665e-08,-2.081356224e-08,-8.887416105e-09],
			"AUX_ENDO_LAG_3_1": [1,0.2579263407,0.1810300108,0.1289142423,0.05984352288,0.02653915473,0.01146517528,0.004917633131,0.002103111034,0.0008985451666,0.0003837584734,0.000163877506,6.997776513e-05,2.988087873e-05,1.275921553e-05,5.44820716e-06,2.326392029e-06,9.933723397e-07,4.241712013e-07,1.811216137e-07,7.733914607e-08],
			"AUX_ENDO_LAG_3_2": [1,0.2579263407,0.1810300108,0.1289142423,0.05984352288,0.02653915473,0.01146517528,0.004917633131,0.002103111034,0.0008985451666,0.0003837584734,0.000163877506,6.997776513e-05,2.988087873e-05,1.275921553e-05,5.44820716e-06,2.326392029e-06,9.933723397e-07,4.241712013e-07,1.811216137e-07,7.733914607e-08],
			"AUX_ENDO_LAG_3_3": [1,0.2579263407,0.1810300108,0.1289142423,0.05984352288,0.02653915473,0.01146517528,0.004917633131,0.002103111034,0.0008985451666,0.0003837584734,0.000163877506,6.997776513e-05,2.988087873e-05,1.275921553e-05,5.44820716e-06,2.326392029e-06,9.933723397e-07,4.241712013e-07,1.811216137e-07,7.733914607e-08],
			"AUX_ENDO_LAG_5_1": [1,0.09314757379,0.0257641982,0.005925575521,0.001974069289,0.0007395210489,0.0003011983206,0.0001262569794,5.355694303e-05,2.281349022e-05,9.732894957e-06,4.154644024e-06,1.773835641e-06,7.573987096e-07,3.234053394e-07,1.380937236e-07,5.896607045e-08,2.517856487e-08,1.075127456e-08,4.590806664e-09,1.960279866e-09],
			"AUX_ENDO_LAG_5_2": [1,0.09314757379,0.0257641982,0.005925575521,0.001974069289,0.0007395210489,0.0003011983206,0.0001262569794,5.355694303e-05,2.281349022e-05,9.732894957e-06,4.154644024e-06,1.773835641e-06,7.573987096e-07,3.234053394e-07,1.380937236e-07,5.896607045e-08,2.517856487e-08,1.075127456e-08,4.590806664e-09,1.960279866e-09],