{
	"model": "NK_RW06AL",
	"rule": "CMR",
	"data": {
		"AC": {
			"x": [1,-0.02027291012,-0.001335198147,0.02136993592,0.0185241657,0.005235258083,0.01922946354,0.02952133361,0.0313620194,0.02912030108,0.03245762593,0.02355086017,0.002779555783,0.02162598178,0.01453674854,0.02042637801,0.01768804215,0.03025362446,0.01056973178,0.01499284551,0.02433209889],
			"pi": [1,-0.002335557771,0.1318455377,0.09855839152,0.1257751104,0.09436460337,0.1196793458,0.1114952669,0.1214800455,0.1072133949,0.1300458043,0.1064276183,0.09929273909,0.1088959681,0.112877452,0.1074641351,0.0971964859,0.1189855129,0.1022195935,0.09212105229,0.1148142215],
			"R": [1,0.2403807651,0.2887676121,0.2525412884,0.2725090604,0.2479741948,0.2713632858,0.2535053803,0.2677799917,0.2566717435,0.2786685706,0.2633036286,0.2503336429,0.2545414803,0.2642778625,0.2589094719,0.2572679336,0.2653071673,0.2506908452,0.2394053626,0.2576148849],
			"interest": [1,0.2403807651,0.2887676121,0.2525412884,0.2725090604,0.2479741948,0.2713632858,0.2535053803,0.2677799917,0.2566717435,0.2786685706,0.2633036286,0.2503336429,0.2545414803,0.2642778625,0.2589094719,0.2572679336,0.2653071673,0.2506908452,0.2394053626,0.2576148849],
			"inflation": [1,0.517199162,0.3253035342,0.1668317181,0.09094196264,0.1127218438,0.1235296312,0.1188895228,0.1340908528,0.131738796,0.1358842295,0.1211087691,0.1068771721,0.1078358537,0.119559969,0.1249133828,0.1240496932,0.1295666493,0.1210215164,0.1190287361,0.1269539609],
			"inflationq": [1,-0.002335557771,0.1318455377,0.09855839152,0.1257751104,0.09436460337,0.1196793458,0.1114952669,0.1214800455,0.1072133949,0.1300458043,0.1064276183,0.09929273909,0.1088959681,0.112877452,0.1074641351,0.0971964859,0.1189855129,0.1022195935,0.09212105229,0.1148142215],
			"outputgap": [1,-0.02027291012,-0.001335198147,0.02136993592,0.0185241657,0.005235258083,0.01922946354,0.02952133361,0.0313620194,0.02912030108,0.03245762593,0.02355086017,0.002779555783,0.02162598178,0.01453674854,0.02042637801,0.01768804215,0.03025362446,0.01056973178,0.01499284551,0.02433209889],
			"output": [1,-0.02027291012,-0.001335198147,0.02136993592,0.0185241657,0.005235258083,0.01922946354,0.02952133361,0.0313620194,0.02912030108,0.03245762593,0.02355086017,0.002779555783,0.02162598178,0.01453674854,0.02042637801,0.01768804215,0.03025362446,0.01056973178,0.01499284551,0.02433209889],
			"inflationql": [1,0.133200924,-0.008350126633,0.05383391497,0.04567812916,0.06039306847,0.05951807496,0.06447575284,0.06583933572,0.06504497211,0.07648729459,0.06236763763,0.04301577779,0.05767916928,0.06321659322,0.06720019363,0.06996361024,0.07208009699,0.05515444985,0.05431194848,0.05943586762],
			"inflationql2": [1,0.1535802512,0.05018141202,0.007946234981,0.04747531764,0.05001421724,0.06526939213,0.05678507266,0.06509939674,0.05627124308,0.06999999486,0.05454522426,0.03766662362,0.04761088407,0.0488383149,0.06366575613,0.06723714866,0.07342962165,0.04966458093,0.05798883644,0.06149400958],
			"inflationqls": [1,0.4837420862,0.04489104757,0.03563245807,0.07313920894,0.08683593907,0.09144677168,0.09243580355,0.09643274369,0.1012660873,0.1066416203,0.08814597373,0.0687003746,0.07515966426,0.08956424603,0.09734991381,0.1058210115,0.1048554631,0.08760137035,0.0827178099,0.09343743308],
			"pinf4": [1,0.517199162,0.3253035342,0.1668317181,0.09094196264,0.1127218438,0.1235296312,0.1188895228,0.1340908528,0.131738796,0.1358842295,0.1211087691,0.1068771721,0.1078358537,0.119559969,0.1249133828,0.1240496932,0.1295666493,0.1210215164,0.1190287361,0.1269539609]
		},
		"VAR": {
			"x": 0.6719664258,
			"pi": 0.07317321458,
			"R": 0.0006279868654,
			"interest": 0.01004778985,
			"inflation": 0.2771638922,
			"inflationq": 1.170771433,
			"outputgap": 0.6719664258,
			"output": 0.6719664258,
			"inflationql": 0.8101621487,
			"inflationql2": 0.6540243907,
			"inflationqls": 1.79416169,
			"pinf4": 0.2771638922
		},
		"IRF": {
			"interest_": {
				"x": [0,-0.6366027253,-0.4100834678,-0.2626248817,-0.1671019275,-0.1081193766,-0.07201166088,-0.05007272428,-0.03683893702,-0.02892640041,-0.02425586304,-0.02155674902,-0.0200555322,-0.01928244196,-0.01895262988,-0.01889355064,-0.0190007576,-0.01921106094,-0.01948625356,-0.01980325278,-0.02014813158],
				"pi": [0,-0.3137427082,-0.2039344654,-0.1323326598,-0.08507835453,-0.05575360405,-0.03774272903,-0.02677935903,-0.0201606171,-0.01620347623,-0.01387030392,-0.01252569692,-0.01178232416,-0.01140477584,-0.01125024844,-0.01123222062,-0.01129831419,-0.01141684081,-0.0115686419,-0.01174214455,-0.01193036781],
				"R": [0,0.1713293378,0.105241847,0.06382748866,0.03845478887,0.02295155189,0.01350825599,0.007765255164,0.004274043738,0.002150056916,0.0008550020994,6.20396354e-05,-0.0004270062275,-0.0007321997833,-0.0009262499848,-0.001053179928,-0.001139643889,-0.00120178194,-0.00124936987,-0.001288331115,-0.001322257105],
				"interest": [0,0.6853173512,0.420967388,0.2553099547,0.1538191555,0.09180620756,0.05403302397,0.03106102065,0.01709617495,0.008600227664,0.003420008398,0.0002481585416,-0.00170802491,-0.002928799133,-0.003704999939,-0.00421271971,-0.004558575557,-0.004807127758,-0.004997479478,-0.005153324459,-0.005289028419],
				"inflation": [0,-0.3137427082,-0.5176771736,-0.6500098334,-0.7350881879,-0.4770990838,-0.3109073474,-0.2053540466,-0.1404363092,-0.1008861814,-0.07701375628,-0.06276009417,-0.05438180123,-0.04958310084,-0.04696304536,-0.04566956905,-0.04518555909,-0.04519762406,-0.04551601753,-0.04602594145,-0.04665799508],
				"inflationq": [0,-1.254970833,-0.8157378615,-0.5293306392,-0.3403134181,-0.2230144162,-0.1509709161,-0.1071174361,-0.08064246839,-0.06481390492,-0.05548121567,-0.0501027877,-0.04712929662,-0.04561910337,-0.04500099374,-0.04492888248,-0.04519325677,-0.04566736325,-0.04627456761,-0.04696857819,-0.04772147125],
				"outputgap": [0,-0.6366027253,-0.4100834678,-0.2626248817,-0.1671019275,-0.1081193766,-0.07201166088,-0.05007272428,-0.03683893702,-0.02892640041,-0.02425586304,-0.02155674902,-0.0200555322,-0.01928244196,-0.01895262988,-0.01889355064,-0.0190007576,-0.01921106094,-0.01948625356,-0.01980325278,-0.02014813158],
				"output": [0,-0.6366027253,-0.4100834678,-0.2626248817,-0.1671019275,-0.1081193766,-0.07201166088,-0.05007272428,-0.03683893702,-0.02892640041,-0.02425586304,-0.02155674902,-0.0200555322,-0.01928244196,-0.01895262988,-0.01889355064,-0.0190007576,-0.01921106094,-0.01948625356,-0.01980325278,-0.02014813158],
				"inflationql": [0,0,-1.254970833,-0.8157378615,-0.5293306392,-0.3403134181,-0.2230144162,-0.1509709161,-0.1071174361,-0.08064246839,-0.06481390492,-0.05548121567,-0.0501027877,-0.04712929662,-0.04561910337,-0.04500099374,-0.04492888248,-0.04519325677,-0.04566736325,-0.04627456761,-0.04696857819],
				"inflationql2": [0,0,0,-1.254970833,-0.8157378615,-0.5293306392,-0.3403134181,-0.2230144162,-0.1509709161,-0.1071174361,-0.08064246839,-0.06481390492,-0.05548121567,-0.0501027877,-0.04712929662,-0.04561910337,-0.04500099374,-0.04492888248,-0.04519325677,-0.04566736325,-0.04627456761],
				"inflationqls": [0,0,-1.254970833,-2.070708694,-1.345068501,-0.8696440573,-0.5633278343,-0.3739853323,-0.2580883523,-0.1877599045,-0.1454563733,-0.1202951206,-0.1055840034,-0.09723208432,-0.0927484,-0.09062009711,-0.08992987622,-0.09012213924,-0.09086062002,-0.09194193086,-0.0932431458],
				"pinf4": [0,-0.3137427082,-0.5176771736,-0.6500098334,-0.7350881879,-0.4770990838,-0.3109073474,-0.2053540466,-0.1404363092,-0.1008861814,-0.07701375628,-0.06276009417,-0.05438180123,-0.04958310084,-0.04696304536,-0.04566956905,-0.04518555909,-0.04519762406,-0.04551601753,-0.04602594145,-0.04665799508]
			}
		}
	}
}
