{
	"model": "NK_RW97AL",
	"rule": "GR",
	"data": {
		"AC": {
			"pi": [1,0.160322656,0.1743737644,0.242459327,0.2552823165,0.1960448769,0.1830901226,0.205533009,0.1900050998,0.187292309,0.1734051618,0.1882638341,0.175451831,0.146574863,0.1646541942,0.1549371075,0.1579796575,0.1608583448,0.1224599781,0.1514349959,0.1544651528],
			"y": [1,0.6296717148,0.3622257887,0.252184664,0.1861542285,0.115903201,0.07084176014,0.0582061949,0.05093042811,0.03567007081,0.02877444297,0.02819962482,0.02681563013,0.03002888541,0.04045422228,0.04566484453,0.04135568236,0.03861568481,0.02682945982,0.02532221388,0.02404725078],
			"ynat": [1,0.6971883876,0.4934190532,0.3575508872,0.258180175,0.1823525762,0.1312016061,0.09372475693,0.06561238247,0.04099286644,0.03114206785,0.02692541627,0.02611378169,0.02793927299,0.02620467813,0.02248466341,0.01536731682,0.01484270695,0.01227839146,0.01634417242,0.01763421657],
			"rnat": [1,0.535021689,0.3615117499,0.3265036596,0.2994434918,0.2165458992,0.1695300262,0.1611441624,0.1546332393,0.133262854,0.1315558762,0.1333967407,0.1369374127,0.1280425874,0.1324118144,0.1333520116,0.1233376404,0.1195531412,0.1180028241,0.1284765759,0.1245383643],
			"i": [1,0.6798060013,0.5077424858,0.4685400896,0.4516931839,0.3836862479,0.3459181151,0.3346549687,0.3212831827,0.2898102049,0.2713839903,0.2565103065,0.2405279649,0.2233659038,0.2132207657,0.208988262,0.2111193291,0.2028538174,0.1909279679,0.194659681,0.1939094417],
			"x": [1,0.6160393935,0.3161746895,0.2332888872,0.2025029782,0.1377245434,0.09131502671,0.0922735766,0.09488727886,0.08461801172,0.07679910286,0.07456230092,0.06750076224,0.06175421454,0.06855611031,0.07371992954,0.07495762761,0.06998550826,0.05290200064,0.05246215316,0.05546783348],
			"u": [1,-5.573635646e-05,0.0079589441,0.01221254665,0.009813309222,-0.00277858648,-0.01060745127,-0.002064270215,-0.01584111405,0.006660351138,-0.01500470833,0.009620531503,-0.001510501232,-0.0156910738,0.01843576549,-0.007793306737,-0.003407376225,0.01770898866,-0.02279585715,0.008953997746,-0.006927366724],
			"g": [1,0.6971883876,0.4934190532,0.3575508872,0.258180175,0.1823525762,0.1312016061,0.09372475693,0.06561238247,0.04099286644,0.03114206785,0.02692541627,0.02611378169,0.02793927299,0.02620467813,0.02248466341,0.01536731682,0.01484270695,0.01227839146,0.01634417242,0.01763421657],
			"g_": [1,-0.01560835513,-0.01245127047,0.001192728105,0.00125938166,-0.01533341537,-0.008944001955,-0.004709049606,0.001960472127,-0.02325793102,-0.006193880758,0.001066880587,-0.006983242285,0.006232151061,0.002828267016,0.01058443172,-0.007834663659,0.005659768985,-0.01362913959,0.00405102969,0.007557362529],
			"interest": [1,0.6798060013,0.5077424858,0.4685400896,0.4516931839,0.3836862479,0.3459181151,0.3346549687,0.3212831827,0.2898102049,0.2713839903,0.2565103065,0.2405279649,0.2233659038,0.2132207657,0.208988262,0.2111193291,0.2028538174,0.1909279679,0.194659681,0.1939094417],
			"inflation": [1,0.5914312835,0.3903319154,0.3470060238,0.3209336147,0.3010624017,0.2751089416,0.2743751188,0.2721982861,0.2554894072,0.2456551388,0.2361777872,0.2182805949,0.201021576,0.1956763855,0.1901730985,0.1977813534,0.1889148407,0.1724307311,0.1772723462,0.1789042527],
			"inflationq": [1,0.160322656,0.1743737644,0.242459327,0.2552823165,0.1960448769,0.1830901226,0.205533009,0.1900050998,0.187292309,0.1734051618,0.1882638341,0.175451831,0.146574863,0.1646541942,0.1549371075,0.1579796575,0.1608583448,0.1224599781,0.1514349959,0.1544651528],
			"inflationql": [1,0.08014313928,-0.02836643286,0.1705321261,0.1979098791,0.1176505022,0.09209477102,0.1293732859,0.1243879699,0.1137758548,0.09544422137,0.1207334272,0.1042329526,0.07440162782,0.09124592128,0.08945603464,0.09814675407,0.09855958969,0.05181235549,0.09731708343,0.09408276959],
			"inflationql2": [1,0.0331081055,0.02965407245,0.05502238315,0.144235286,0.1007208056,0.06906060176,0.08109571463,0.08018657549,0.08773721115,0.06009190231,0.07513341837,0.06649851848,0.04968887264,0.05434478896,0.0527047181,0.05709871581,0.06440271335,0.03781450315,0.05702600314,0.04629088165],
			"inflationqls": [1,0.4223833071,0.005645620689,0.160863908,0.2665604957,0.1852408596,0.1410300315,0.1631956575,0.1733544724,0.1515094124,0.1435736339,0.1483452782,0.1344785807,0.1098633403,0.1093554236,0.1173393951,0.1271026024,0.1153977365,0.09294922138,0.1104631133,0.1121315952],
			"outputgap": [1,0.6160393935,0.3161746895,0.2332888872,0.2025029782,0.1377245434,0.09131502671,0.0922735766,0.09488727886,0.08461801172,0.07679910286,0.07456230092,0.06750076224,0.06175421454,0.06855611031,0.07371992954,0.07495762761,0.06998550826,0.05290200064,0.05246215316,0.05546783348],
			"output": [1,0.6296717148,0.3622257887,0.252184664,0.1861542285,0.115903201,0.07084176014,0.0582061949,0.05093042811,0.03567007081,0.02877444297,0.02819962482,0.02681563013,0.03002888541,0.04045422228,0.04566484453,0.04135568236,0.03861568481,0.02682945982,0.02532221388,0.02404725078],
			"fispol": [1,-0.01560835513,-0.01245127047,0.001192728105,0.00125938166,-0.01533341537,-0.008944001955,-0.004709049606,0.001960472127,-0.02325793102,-0.006193880758,0.001066880587,-0.006983242285,0.006232151061,0.002828267016,0.01058443172,-0.007834663659,0.005659768985,-0.01362913959,0.00405102969,0.007557362529]
		},
		"VAR": {
			"pi": 0.03484596113,
			"y": 1.823247947,
			"ynat": 0.2922203467,
			"rnat": 0.004836981691,
			"i": 0.009697105819,
			"x": 1.032377857,
			"u": 0.02017681213,
			"g": 4.53055686,
			"g_": 2.031860659,
			"interest": 0.1551536931,
			"inflation": 0.1452695282,
			"inflationq": 0.5575353781,
			"inflationql": 0.4470106645,
			"inflationql2": 0.3416442447,
			"inflationqls": 0.9113708091,
			"outputgap": 1.032377857,
			"output": 1.823247947,
			"fispol": 2.031860659
		},
		"IRF": {
			"interest_": {
				"pi": [0,-0.07614805886,-0.02463849452,-0.005048853556,0.000390839858,0.0006618692143,0.0002641053422,4.76360733e-05,-1.131424061e-05,-1.653246209e-05,-1.284968573e-05,-1.055006355e-05,-9.800108393e-06,-9.627761558e-06,-9.565169416e-06,-9.494953118e-06,-9.410553888e-06,-9.320935157e-06,-9.230916763e-06,-9.141809797e-06,-9.053722934e-06],
				"y": [0,-2.12237555,-0.804358123,-0.2261082362,-0.01320723739,0.01459463344,0.007218354226,0.0007387624834,-0.001468737766,-0.001823370336,-0.001751303504,-0.001671693136,-0.001632208303,-0.001612197402,-0.001597200276,-0.001582628897,-0.001567834723,-0.001552985637,-0.001538224892,-0.001523600822,-0.001509120284],
				"ynat": [0,0,0,0,0,0,0,0,0,0,0,0,0,0,0,0,0,0,0,0,0],
				"rnat": [0,3.552713679e-17,-0.0004873475767,-0.0004841441703,-0.0004807752093,-0.0004770879622,-0.0004727653157,-0.0004682790943,-0.0004638077282,-0.0004593894839,-0.0004550208821,-0.0004506965349,-0.0004464140193,-0.0004421725088,-0.0004379716091,-0.0004338109683,-0.0004296902126,-0.0004256089571,-0.000421566816,-0.0004175634068,-0.0004135983515],
				"i": [0,0.1867179672,0.08711949707,0.03452463659,0.005044516426,-0.001047484553,-0.001132155161,-0.0005030439593,-0.0002078060325,-0.0001336501953,-0.0001287301292,-0.0001331746455,-0.0001349080091,-0.0001344333745,-0.0001332211257,-0.0001319006775,-0.000130613319,-0.0001293600688,-0.0001281268717,-0.0001269070341,-0.0001256988173],
				"x": [0,-2.12237555,-0.804358123,-0.2261082362,-0.01320723739,0.01459463344,0.007218354226,0.0007387624834,-0.001468737766,-0.001823370336,-0.001751303504,-0.001671693136,-0.001632208303,-0.001612197402,-0.001597200276,-0.001582628897,-0.001567834723,-0.001552985637,-0.001538224892,-0.001523600822,-0.001509120284],
				"u": [0,-1.387778781e-17,-8.256478306e-18,3.110377716e-18,-4.051901237e-19,1.770827771e-19,9.951361113e-20,3.137194568e-20,1.327546105e-20,1.118051539e-20,-5.947071257e-21,5.976224424e-21,-5.004310758e-21,-1.175334182e-20,6.649564617e-22,-5.924733026e-21,-2.296822919e-21,-2.545194885e-21,-4.034785011e-21,-2.441757943e-21,1.161024173e-20],
				"g": [0,0,0,0,0,0,0,0,0,0,0,0,0,0,0,0,0,0,0,0,0],
				"g_": [0,0,0,0,0,0,0,0,0,0,0,0,0,0,0,0,0,0,0,0,0],