{
	"model": "NK_RW97AL",
	"rule": "SW",
	"data": {
		"AC": {
			"pi": [1,0.1609616696,0.1870606821,0.1541602971,0.1468778922,0.1387128006,0.1304496005,0.1381777706,0.121113601,0.1540644126,0.1239207517,0.1378377207,0.1228695594,0.1408085464,0.1265971289,0.09539934838,0.1142638064,0.1338950571,0.0775714023,0.1181451377,0.1046035058],
			"y": [1,0.6085594735,0.4502119419,0.3254103428,0.2396794628,0.1670223117,0.1127376434,0.06819997885,0.03419730952,0.001591380038,-0.02257587278,-0.02341485973,-0.0343699751,-0.04097635956,-0.04758066711,-0.03572827592,-0.02968204983,-0.02738531775,-0.04856874177,-0.03391715479,-0.02726661936],
			"ynat": [1,0.6915653968,0.5062863735,0.3790564022,0.2931593708,0.2249887682,0.1770218766,0.1353743885,0.09678998988,0.05789516512,0.03355104082,0.02795992933,0.01836294864,0.01592343076,0.004915344874,0.00939064515,0.005023270242,0.00987234192,0.007380642333,0.005016327884,0.01638967245],
			"rnat": [1,0.4643340289,0.3823260225,0.3052993025,0.2666670275,0.2286067059,0.1960930505,0.1718062181,0.1626453047,0.1338892284,0.1233648638,0.120322062,0.1132303315,0.1152587814,0.100078464,0.1043009994,0.1010900024,0.10392196,0.08339599398,0.1074885432,0.09890453429],
			"i": [1,0.4344005473,0.4128972686,0.3615005378,0.34153178,0.29492327,0.2594579424,0.2289596398,0.2205108219,0.2182264756,0.1933745008,0.1977053583,0.1872897411,0.1768613205,0.1635480165,0.1653435364,0.1692855128,0.1642780015,0.1398468127,0.1653246042,0.1495094158],
			"x": [1,0.501847298,0.3827704351,0.2841130932,0.2300990133,0.1797616554,0.1403187638,0.1086338868,0.1032184088,0.09611479042,0.0726366468,0.07746251027,0.05974221732,0.04843968885,0.04003965535,0.03676593548,0.04332390641,0.03517708636,0.01032518141,0.03729361283,0.03055399587],
			"u": [1,0.006187328856,0.0238965405,0.01705020388,0.0001392578061,0.005803485291,-0.007025782242,-0.009267064099,-0.009442530879,0.02869110743,-0.01649404651,0.01631861934,0.00189929958,0.0057630693,0.01533292285,-0.02927358178,-0.001013813346,0.03742923605,-0.03259178887,0.01746749873,0.02119918611],
			"g": [1,0.6915653968,0.5062863735,0.3790564022,0.2931593708,0.2249887682,0.1770218766,0.1353743885,0.09678998988,0.05789516512,0.03355104082,0.02795992933,0.01836294864,0.01592343076,0.004915344874,0.00939064515,0.005023270242,0.00987234192,0.007380642333,0.005016327884,0.01638967245],
			"g_": [1,-0.01919212239,0.003106750473,0.01287980029,0.01636124281,0.003740860597,0.01852573114,0.00402439777,0.01352473268,-0.02870407341,-0.02616473252,0.01477016562,-0.009852207946,3.606092635e-05,-0.02671811961,0.005962568117,-0.01701000411,0.01059258328,-0.013116484,-0.01591803174,0.02317131145],
			"interest": [1,0.4344005473,0.4128972686,0.3615005378,0.34153178,0.29492327,0.2594579424,0.2289596398,0.2205108219,0.2182264756,0.1933745008,0.1977053583,0.1872897411,0.1768613205,0.1635480165,0.1653435364,0.1692855128,0.1642780015,0.1398468127,0.1653246042,0.1495094158],
			"inflation": [1,0.6332607747,0.4147377778,0.2441750562,0.1229355363,0.134436758,0.1361985653,0.1468273106,0.1571433039,0.1692061,0.1656051908,0.1725228176,0.168102471,0.1628814627,0.1510230597,0.1316721788,0.1199793921,0.1199106011,0.1003922432,0.11424847,0.1164635445],
			"inflationq": [1,0.1609616696,0.1870606821,0.1541602971,0.1468778922,0.1387128006,0.1304496005,0.1381777706,0.121113601,0.1540644126,0.1239207517,0.1378377207,0.1228695594,0.1408085464,0.1265971289,0.09539934838,0.1142638064,0.1338950571,0.0775714023,0.1181451377,0.1046035058],
			"inflationql": [1,0.1695670015,0.1034923708,0.08046519894,0.04250529132,0.07319845466,0.0809330105,0.07525831579,0.07513690936,0.1014899252,0.05414220803,0.08650845956,0.08584754168,0.08823326659,0.08013868534,0.05110620543,0.05835566061,0.08811692048,0.03635397568,0.070860626,0.05911101309],
			"inflationql2": [1,0.1641778569,0.1162898444,0.02105053101,0.007167150425,0.04919589305,0.03503234704,0.04906246877,0.06749672087,0.07579404466,0.03671853366,0.06648735143,0.07233286527,0.0602210625,0.06296254863,0.03297254009,0.03026665566,0.06650138991,0.03707769319,0.02733201262,0.03303558735],
			"inflationqls": [1,0.5489608473,0.1421167703,0.07679393896,0.05962750661,0.0791342044,0.09178218106,0.08897668428,0.1124387842,0.111228994,0.09041802122,0.1037270028,0.1160839753,0.1126561339,0.0937182053,0.06696310903,0.07281055648,0.08803161302,0.06611104223,0.06490384319,0.06274370042],
			"outputgap": [1,0.501847298,0.3827704351,0.2841130932,0.2300990133,0.1797616554,0.1403187638,0.1086338868,0.1032184088,0.09611479042,0.0726366468,0.07746251027,0.05974221732,0.04843968885,0.04003965535,0.03676593548,0.04332390641,0.03517708636,0.01032518141,0.03729361283,0.03055399587],
			"output": [1,0.6085594735,0.4502119419,0.3254103428,0.2396794628,0.1670223117,0.1127376434,0.06819997885,0.03419730952,0.001591380038,-0.02257587278,-0.02341485973,-0.0343699751,-0.04097635956,-0.04758066711,-0.03572827592,-0.02968204983,-0.02738531775,-0.04856874177,-0.03391715479,-0.02726661936],
			"fispol": [1,-0.01919212239,0.003106750473,0.01287980029,0.01636124281,0.003740860597,0.01852573114,0.00402439777,0.01352473268,-0.02870407341,-0.02616473252,0.01477016562,-0.009852207946,3.606092635e-05,-0.02671811961,0.005962568117,-0.01701000411,0.01059258328,-0.013116484,-0.01591803174,0.02317131145]
		},
		"VAR": {
			"pi": 0.02271054596,
			"y": 0.5114804944,
			"ynat": 0.19510913,
			"rnat": 0.004526283788,
			"i": 0.01926717143,
			"x": 0.1922536114,
			"u": 0.01399520573,
			"g": 3.024953659,
			"g_": 1.372851932,
			"interest": 0.3082747429,
			"inflation": 0.1142022331,
			"inflationq": 0.3633687354,
			"inflationql": 0.2760288203,
			"inflationql2": 0.2220896017,
			"inflationqls": 0.6425153725,
			"outputgap": 0.1922536114,
			"output": 0.5114804944,
			"fispol": 1.372851932
		},
		"IRF": {
			"interest_": {
				"pi": [0,-0.1191648851,-0.0930928461,-0.07320301219,-0.05750359464,-0.04517020661,-0.03547054664,-0.02784411683,-0.02184842931,-0.01713536955,-0.01343095914,-0.01051961638,-0.008231753244,-0.00643399435,-0.005021464712,-0.003911712071,-0.003039920271,-0.002355141397,-0.001817331099,-0.001395016616,-0.001063462933],
				"y": [0,-1.078973731,-0.8475478686,-0.6672375854,-0.5251351467,-0.4134409086,-0.3255939848,-0.2565172045,-0.202204793,-0.1595040662,-0.1259339837,-0.09954262692,-0.07879473006,-0.06248298611,-0.04965814123,-0.03957393105,-0.0316437299,-0.02540643569,-0.02049963166,-0.01663847829,-0.01359911503],
				"ynat": [0,0,0,0,0,0,0,0,0,0,0,0,0,0,0,0,0,0,0,0,0],
				"rnat": [0,6.661338148e-16,-0.0007626552648,-0.0007528338063,-0.0007486008825,-0.0007436523682,-0.0007386188839,-0.0007332652452,-0.0007276445057,-0.0007217991419,-0.0007157753742,-0.0007096162223,-0.000703359439,-0.000697036985,-0.0006906752789,-0.0006842957861,-0.0006779157176,-0.0006715487247,-0.0006652055327,-0.0006588944942,-0.0006526220562],
				"i": [0,-0.05671087398,-0.04423396211,-0.03487937095,-0.02741876334,-0.02155440545,-0.01692962933,-0.01328650577,-0.0104181563,-0.008160887271,-0.006385214703,-0.004988849301,-0.003891073791,-0.003028251688,-0.002350249518,-0.001817594422,-0.001399221254,-0.001070690338,-0.0008127796657,-0.0006103741848,-0.0004515902846],
				"x": [0,-1.078973731,-0.8475478686,-0.6672375854,-0.5251351467,-0.4134409086,-0.3255939848,-0.2565172045,-0.202204793,-0.1595040662,-0.1259339837,-0.09954262692,-0.07879473006,-0.06248298611,-0.04965814123,-0.03957393105,-0.0316437299,-0.02540643569,-0.02049963166,-0.01663847829,-0.01359911503],
				"u": [0,-1.040834086e-17,-4.817781157e-17,-4.838461801e-17,-1.730411218e-17,3.920373575e-17,-5.953155499e-17,4.90702787e-18,-4.165845802e-18,3.749197618e-18,1.311697547e-17,2.793677318e-18,2.038039562e-18,5.094923649e-18,2.34769388e-18,-9.148430892e-19,-4.690307923e-19,-1.480170778e-18,-1.659287763e-18,3.744087868e-19,-2.513236365e-18],
				"g": [0,0,0,0,0,0,0,0,0,0,0,0,0,0,0,0,0,0,0,0,0],
				"g_": [0,0,0,0,0,0,0,0,0,0,0,0,0,0,0,0,0,0,0,0,0],