{
	"model": "NK_RW06",
	"rule": "SW",
	"data": {
		"AC": {
			"x": [1,0.1252790268,0.07803442533,0.04860647224,0.03027624197,0.01885861668,0.01174674926,0.007316873794,0.00455757086,0.002838842479,0.001768272369,0.001101430317,0.0006860644119,0.0004273392243,0.0002661831885,0.0001658015127,0.0001032752736,6.432861773e-05,4.006933041e-05,2.495858447e-05,1.554632764e-05],
			"pi": [1,0.3716543517,0.2314979171,0.1441965778,0.08981788391,0.05594621172,0.03484805552,0.02170633072,0.01352054759,0.00842174615,0.005245779266,0.003267517165,0.002035287397,0.00126774997,0.0007896624272,0.000491868873,0.000306377738,0.0001908380943,0.0001188701844,7.404245364e-05,4.611993299e-05],
			"R": [1,0.1475872246,0.09192986689,0.05726173421,0.03566747474,0.02221673465,0.01383847054,0.008619775581,0.005369128826,0.003344349755,0.002083145264,0.001297559917,0.0008082305956,0.0005034347064,0.0003135819221,0.0001953254724,0.0001216653049,7.578349222e-05,4.720439979e-05,2.940291209e-05,1.83146326e-05],
			"interest": [1,0.1475872246,0.09192986689,0.05726173421,0.03566747474,0.02221673465,0.01383847054,0.008619775581,0.005369128826,0.003344349755,0.002083145264,0.001297559917,0.0008082305956,0.0005034347064,0.0003135819221,0.0001953254724,0.0001216653049,7.578349222e-05,4.720439979e-05,2.940291209e-05,1.83146326e-05],
			"inflation": [1,0.8777345379,0.6825051819,0.460859699,0.2533145846,0.1577858525,0.09828243914,0.06121865612,0.038132182,0.0237519638,0.01479474173,0.009215422557,0.005740148387,0.00357545227,0.002227095551,0.00138722439,0.0008640812504,0.000538223241,0.000335251178,0.0002088229267,0.0001300726666],
			"inflationq": [1,0.3716543517,0.2314979171,0.1441965778,0.08981788391,0.05594621172,0.03484805552,0.02170633072,0.01352054759,0.00842174615,0.005245779266,0.003267517165,0.002035287397,0.00126774997,0.0007896624272,0.000491868873,0.000306377738,0.0001908380943,0.0001188701844,7.404245364e-05,4.611993299e-05],
			"outputgap": [1,0.1252790268,0.07803442533,0.04860647224,0.03027624197,0.01885861668,0.01174674926,0.007316873794,0.00455757086,0.002838842479,0.001768272369,0.001101430317,0.0006860644119,0.0004273392243,0.0002661831885,0.0001658015127,0.0001032752736,6.432861773e-05,4.006933041e-05,2.495858447e-05,1.554632764e-05],
			"AUX_ENDO_LEAD_71": [1,0.62288499,0.3879857107,0.2416704755,0.1505329117,0.09376469121,0.05840461874,0.03637936036,0.02266015751,0.01411467198,0.008791817317,0.005476291041,0.00341109949,0.002124722672,0.00132345786,0.0008243620359,0.0005134827384,0.0003198406904,0.0001992239652,0.0001240936176,7.729605174e-05],
			"AUX_ENDO_LEAD_75": [1,0.62288499,0.3879857107,0.2416704755,0.1505329117,0.09376469121,0.05840461874,0.03637936036,0.02266015751,0.01411467198,0.008791817317,0.005476291041,0.00341109949,0.002124722672,0.00132345786,0.0008243620359,0.0005134827384,0.0003198406904,0.0001992239652,0.0001240936176,7.729605174e-05],
			"AUX_ENDO_LEAD_79": [1,0.62288499,0.3879857107,0.2416704755,0.1505329117,0.09376469121,0.05840461874,0.03637936036,0.02266015751,0.01411467198,0.008791817317,0.005476291041,0.00341109949,0.002124722672,0.00132345786,0.0008243620359,0.0005134827384,0.0003198406904,0.0001992239652,0.0001240936176,7.729605174e-05],
			"AUX_ENDO_LEAD_106": [1,0.62288499,0.3879857107,0.2416704755,0.1505329117,0.09376469121,0.05840461874,0.03637936036,0.02266015751,0.01411467198,0.008791817317,0.005476291041,0.00341109949,0.002124722672,0.00132345786,0.0008243620359,0.0005134827384,0.0003198406904,0.0001992239652,0.0001240936176,7.729605174e-05],
			"AUX_ENDO_LEAD_110": [1,0.62288499,0.3879857107,0.2416704755,0.1505329117,0.09376469121,0.05840461874,0.03637936036,0.02266015751,0.01411467198,0.008791817317,0.005476291041,0.00341109949,0.002124722672,0.00132345786,0.0008243620359,0.0005134827384,0.0003198406904,0.0001992239652,0.0001240936176,7.729605174e-05],
			"AUX_ENDO_LEAD_114": [1,0.62288499,0.3879857107,0.2416704755,0.1505329117,0.09376469121,0.05840461874,0.03637936036,0.02266015751,0.01411467198,0.008791817317,0.005476291041,0.00341109949,0.002124722672,0.00132345786,0.0008243620359,0.0005134827384,0.0003198406904,0.0001992239652,0.0001240936176,7.729605174e-05],
			"AUX_ENDO_LAG_1_1": [1,0.3716543517,0.2314979171,0.1441965778,0.08981788391,0.05594621172,0.03484805552,0.02170633072,0.01352054759,0.00842174615,0.005245779266,0.003267517165,0.002035287397,0.00126774997,0.0007896624272,0.000491868873,0.000306377738,0.0001908380943,0.0001188701844,7.404245364e-05,4.611993299e-05],
			"AUX_ENDO_LAG_1_2": [1,0.3716543517,0.2314979171,0.1441965778,0.08981788391,0.05594621172,0.03484805552,0.02170633072,0.01352054759,0.00842174615,0.005245779266,0.003267517165,0.002035287397,0.00126774997,0.0007896624272,0.000491868873,0.000306377738,0.0001908380943,0.0001188701844,7.404245364e-05,4.611993299e-05],
			"AUX_ENDO_LAG_6_1": [1,0.1252790268,0.07803442533,0.04860647224,0.03027624197,0.01885861668,0.01174674926,0.007316873794,0.00455757086,0.002838842479,0.001768272369,0.001101430317,0.0006860644119,0.0004273392243,0.0002661831885,0.0001658015127,0.0001032752736,6.432861773e-05,4.006933041e-05,2.495858447e-05,1.554632764e-05],
			"AUX_ENDO_LAG_6_2": [1,0.1252790268,0.07803442533,0.04860647224,0.03027624197,0.01885861668,0.01174674926,0.007316873794,0.00455757086,0.002838842479,0.001768272369,0.001101430317,0.0006860644119,0.0004273392243,0.0002661831885,0.0001658015127,0.0001032752736,6.432861773e-05,4.006933041e-05,2.495858447e-05,1.554632764e-05],
			"AUX_ENDO_LAG_6_3": [1,0.1252790268,0.07803442533,0.04860647224,0.03027624197,0.01885861668,0.01174674926,0.007316873794,0.00455757086,0.002838842479,0.001768272369,0.001101430317,0.0006860644119,0.0004273392243,0.0002661831885,0.0001658015127,0.0001032752736,6.432861773e-05,4.006933041e-05,2.495858447e-05,1.554632764e-05],
			"AUX_ENDO_LAG_3_1": [1,0.1475872246,0.09192986689,0.05726173421,0.03566747474,0.02221673465,0.01383847054,0.008619775581,0.005369128826,0.003344349755,0.002083145264,0.001297559917,0.0008082305956,0.0005034347064,0.0003135819221,0.0001953254724,0.0001216653049,7.578349222e-05,4.720439979e-05,2.940291209e-05,1.83146326e-05],
			"AUX_ENDO_LAG_3_2": [1,0.1475872246,0.09192986689,0.05726173421,0.03566747474,0.02221673465,0.01383847054,0.008619775581,0.005369128826,0.003344349755,0.002083145264,0.001297559917,0.0008082305956,0.0005034347064,0.0003135819221,0.0001953254724,0.0001216653049,7.578349222e-05,4.720439979e-05,2.940291209e-05,1.83146326e-05],
			"AUX_ENDO_LAG_3_3": [1,0.1475872246,0.09192986689,0.05726173421,0.03566747474,0.02221673465,0.01383847054,0.008619775581,0.005369128826,0.003344349755,0.002083145264,0.001297559917,0.0008082305956,0.0005034347064,0.0003135819221,0.0001953254724,0.0001216653049,7.578349222e-05,4.720439979e-05,2.940291209e-05,1.83146326e-05],
			"AUX_ENDO_LAG_5_1": [1,0.3716543517,0.2314979171,0.1441965778,0.08981788391,0.05594621172,0.03484805552,0.02170633072,0.01352054759,0.00842174615,0.005245779266,0.003267517165,0.002035287397,0.00126774997,0.0007896624272,0.000491868873,0.000306377738,0.0001908380943,0.0001188701844,7.404245364e-05,4.611993299e-05],
			"AUX_ENDO_LAG_5_2": [1,0.3716543517,0.2314979171,0.1441965778,0.08981788391,0.05594621172,0.03484805552,0.02170633072,0.01352054759,0.00842174615,0.005245779266,0.003267517165,0.002035287397,0.00126774997,0.0007896624272,0.000491868873,0.000306377738,0.0001908380943,0.0001188701844,7.404245364e-05,4.611993299e-05],
			"AUX_ENDO_LAG_5_3": [1,0.3716543517,0.2314979171,0.1441965778,0.08981788391,0.05594621172,0.03484805552,0.02170633072,0.01352054759,0.00842174615,0.005245779266,0.003267517165,0.002035287397,0.00126774997,0.0007896624272,0.000491868873,0.000306377738,0.0001908380943,0.0001188701844,7.404245364e-05,4.611993299e-05]
		},
		"VAR": {
			"x": 0.8183890272,
			"pi": 0.08295488872,
			"R": 0.07714342193,
			"interest": 1.234294751,
			"inflation": 0.6175419852,
			"inflationq": 1.32727822,
			"outputgap": 0.8183890272,
			"AUX_ENDO_LEAD_71": 0.3508367256,