{
	"model": "US_FM95AL",
	"rule": "CMR",
	"data": {
		"AC": {
			"p": [1,0.9957469343,0.9886289586,0.9789526175,0.967173863,0.9537930345,0.9392524962,0.9239865258,0.9084175603,0.8929161953,0.8778124198,0.8633569326,0.8497488034,0.8371875554,0.82582994,0.815759927,0.8070228261,0.7995953614,0.7934164831,0.7883870432,0.7843360839],
			"x": [1,0.9946250306,0.9873454277,0.9773470427,0.965207236,0.9514697611,0.9366000496,0.9209823455,0.905139644,0.8894030568,0.8740812844,0.8594846664,0.8457486623,0.8331458105,0.8218295182,0.8118095507,0.8032554914,0.7960305977,0.7899983674,0.785216995,0.7813916744],
			"ytilde": [1,0.9813020519,0.94492391,0.8978579717,0.8438850617,0.7850718908,0.72278084,0.6579439042,0.5916201983,0.5251265323,0.459447883,0.3958300442,0.3354224214,0.2790504901,0.2270761905,0.1795134178,0.1364166236,0.09800304702,0.06429188124,0.0353318668,0.01151906131],
			"ypsilon": [1,0.9319981621,0.8133810246,0.6707475085,0.5291068834,0.4022120155,0.2866491471,0.1842518559,0.0949899749,0.01878498085,-0.04625892235,-0.100018519,-0.1439500768,-0.1779976051,-0.2027438986,-0.2204311215,-0.2309210855,-0.2350238403,-0.2311619582,-0.2185887554,-0.1988899706],
			"f": [1,0.9756609391,0.9178665306,0.8361037148,0.7386582753,0.6317727908,0.521063067,0.411137115,0.3052205971,0.2059687108,0.1151585508,0.03423884297,-0.03601196711,-0.09497218061,-0.1425840188,-0.1791528279,-0.2052294737,-0.2212754741,-0.2278562452,-0.2259396849,-0.2166249423],
			"infl": [1,0.8663926282,0.7594162483,0.6200881791,0.4808684715,0.3706425801,0.2612102284,0.1665882807,0.08379163611,0.01462742037,-0.04619871119,-0.09576100053,-0.1367656922,-0.1688066671,-0.1898148336,-0.2079514983,-0.2166705205,-0.2210664809,-0.2190079929,-0.2055614997,-0.1872739636],
			"rho": [1,0.952150655,0.8772811026,0.7839012705,0.6777383408,0.5660282686,0.4524388438,0.3418188136,0.2369176588,0.1412853916,0.05443667184,-0.02154516818,-0.08719283463,-0.1414786144,-0.1841819616,-0.217098598,-0.2393264181,-0.2521663388,-0.2565555136,-0.2517073479,-0.2392310691],
			"interest": [1,0.9756609391,0.9178665306,0.8361037148,0.7386582753,0.6317727908,0.521063067,0.411137115,0.3052205971,0.2059687108,0.1151585508,0.03423884297,-0.03601196711,-0.09497218061,-0.1425840188,-0.1791528279,-0.2052294737,-0.2212754741,-0.2278562452,-0.2259396849,-0.2166249423],
			"inflation": [1,0.9581788734,0.8621867923,0.7301845264,0.5835924751,0.4468426583,0.3209943931,0.2095677224,0.1125619949,0.0286933613,-0.04225911313,-0.1010223619,-0.1486058877,-0.185737265,-0.213445976,-0.2326858916,-0.243772657,-0.247128446,-0.2425436285,-0.2300140282,-0.2106575877],
			"inflationq": [1,0.8663926282,0.7594162483,0.6200881791,0.4808684715,0.3706425801,0.2612102284,0.1665882807,0.08379163611,0.01462742037,-0.04619871119,-0.09576100053,-0.1367656922,-0.1688066671,-0.1898148336,-0.2079514983,-0.2166705205,-0.2210664809,-0.2190079929,-0.2055614997,-0.1872739636],
			"inflationql": [1,0.8658521512,0.7591533508,0.6191784817,0.4802212854,0.3701013764,0.260467472,0.1667653072,0.08393546474,0.01398252521,-0.0461550343,-0.09631963851,-0.136800335,-0.1696396327,-0.1898797346,-0.2080402555,-0.2169167372,-0.2203162127,-0.2190881894,-0.2053786963,-0.1878729103],
			"inflationql2": [1,0.8661850443,0.7593198886,0.6192684662,0.4803080241,0.3700722821,0.2607234003,0.1665740128,0.0832781982,0.01399328544,-0.04693934064,-0.0968652889,-0.137977633,-0.1694825372,-0.1897709782,-0.2084814139,-0.216667311,-0.2200163816,-0.2187288858,-0.2056227942,-0.1888755631],
			"inflationqls": [1,0.9334031217,0.8023438725,0.6611046738,0.5195473144,0.3940081121,0.2809718352,0.1796761282,0.09180041876,0.01650614666,-0.04733872049,-0.1006671904,-0.1440807187,-0.1773153534,-0.2011881732,-0.2186197601,-0.228896055,-0.2324838314,-0.2291781478,-0.2169536996,-0.1980347652],
			"outputgap": [1,0.9813020519,0.94492391,0.8978579717,0.8438850617,0.7850718908,0.72278084,0.6579439042,0.5916201983,0.5251265323,0.459447883,0.3958300442,0.3354224214,0.2790504901,0.2270761905,0.1795134178,0.1364166236,0.09800304702,0.06429188124,0.0353318668,0.01151906131],
			"output": [1,0.9813020519,0.94492391,0.8978579717,0.8438850617,0.7850718908,0.72278084,0.6579439042,0.5916201983,0.5251265323,0.459447883,0.3958300442,0.3354224214,0.2790504901,0.2270761905,0.1795134178,0.1364166236,0.09800304702,0.06429188124,0.0353318668,0.01151906131],
			"ytildef": [1,0.9711704003,0.9299364194,0.8802245885,0.8249217731,0.765799122,0.70311581,0.6383989524,0.572287032,0.5064410143,0.4410414243,0.3779786632,0.3187162949,0.2640442533,0.2137658551,0.1678696655,0.1266398237,0.09015895966,0.05842566815,0.03110897668,0.009370112454],
			"ytildeff": [1,0.9634657132,0.9175661302,0.8649657229,0.8079189558,0.7474077354,0.6836047274,0.61828357,0.5518794085,0.4861036906,0.4206038505,0.3577923069,0.2992897797,0.2459220849,0.1970885183,0.1527919125,0.1133955276,0.07884130654,0.04918728437,0.02394403775,0.004531832118],
			"ytildel": [1,0.9815293228,0.9451612227,0.8981140801,0.8441640935,0.7853843437,0.7233220338,0.6588081432,0.5927259049,0.526209944,0.4606465961,0.3969212844,0.3363868399,0.2798444788,0.2276726031,0.1799170481,0.1367701693,0.09820115406,0.06435963741,0.03547183762,0.01157648773],
			"ypsilonf": [1,0.8964518393,0.7558792785,0.6109691438,0.4799980228,0.3593495566,0.2493912037,0.1542731184,0.0709470112,0.002113887712,-0.05843406123,-0.107973076,-0.1487803089,-0.1786638794,-0.1990938186,-0.2144672088,-0.2227405007,-0.225479224,-0.2204577362,-0.2068650162,-0.1866068966],
			"ypsilonff": [1,0.8609146279,0.7076544372,0.571937557,0.4435746956,0.3272368676,0.2226436222,0.1314334874,0.05208786529,-0.0112958236,-0.06895803805,-0.1156413745,-0.1544329494,-0.1815012017,-0.1986976875,-0.2128787948,-0.2189758155,-0.2207826017,-0.2155573644,-0.2008054488,-0.1804515801],
			"z": [1,0.7381178454,0.6420188637,0.528888464,0.4160372217,0.3147370515,0.2222029342,0.1408854894,0.06756173089,0.01056285255,-0.04254905856,-0.08602549633,-0.1224369936,-0.1509777834,-0.1657309066,-0.1845233356,-0.1903216222,-0.1949091848,-0.1957754749,-0.1814460035,-0.166314197],
			"zl": [1,0.7367193586,0.6411048871,0.5271397988,0.4148764383,0.3136517946,0.2208813076,0.1411188293,0.06790971177,0.009552005876,-0.04231949004,-0.08641670122,-0.1221383326,-0.1518801514,-0.165806834,-0.1846226318,-0.1907512283,-0.1940555501,-0.1961595856,-0.1810117681,-0.1664647704],
			"zll": [1,0.7366303451,0.6406641776,0.5267220455,0.4143542454,0.3129837308,0.2210134499,0.1409098999,0.06687379033,0.009657381559,-0.04314114503,-0.0869570632,-0.1236974115,-0.151753134,-0.1656662255,-0.1854032854,-0.1905814882,-0.193700881,-0.195560093,-0.1810724615,-0.1676454644],
			"xl": [1,0.9946198803,0.9873112829,0.9773361091,0.9651969648,0.9514987981,0.9366863098,0.9212217123,0.9054400099,0.8897470385,0.8745563591,0.8600841147,0.8463561524,0.8337266913,0.8224349633,0.812353462,0.8036533446,0.7963145461,0.7902454374,0.7853399558,0.7814308663],
			"xll": [1,0.9945984286,0.9872702482,0.9772592015,0.9651971222,0.9515365596,0.9368307415,0.9214392689,0.9057897479,0.8902212095,0.8750928389,0.8606535277,0.8470210198,0.8344291086,0.8230802544,0.8129183957,0.8041093836,0.7966849419,0.7904474404,0.7854884186,0.7814271415]
		},
		"VAR": {
			"p": 529.7407892,
			"x": 531.0252563,
			"ytilde": 18.49586395,
			"ypsilon": 0.4197723933,
			"f": 15.77862392,
			"infl": 8.319646936,
			"rho": 0.2801705992,
			"interest": 15.77862392,
			"inflation": 7.028989611,
			"inflationq": 8.319646936,
			"inflationql": 8.222300702,
			"inflationql2": 8.139771786,
			"inflationqls": 30.78244636,
			"outputgap": 18.49586395,
			"output": 18.49586395,
			"ytildef": 18.47973437,
			"ytildeff": 18.19356731,
			"ytildel": 18.42013085,
			"ypsilonf": 0.3998022849,
			"ypsilonff": 0.3568989343,
			"z": 0.5273240013,
			"zl": 0.5212849003,
			"zll": 0.5160063852,
			"xl": 530.3148692,
			"xll": 529.5463449
		},