{
	"model": "US_FM95AL",
	"rule": "SW",
	"data": {
		"AC": {
			"p": [1,0.9966054134,0.9906710805,0.982448408,0.9723131582,0.9606483814,0.9478190812,0.9341896612,0.9201050974,0.9058399886,0.8916784203,0.8778346792,0.8645057849,0.8518816166,0.840113952,0.8292877724,0.8194753609,0.8107091073,0.8029743841,0.7962247851,0.7903426236],
			"x": [1,0.9957195487,0.9896741286,0.9811849764,0.9707555808,0.9587996383,0.9457446893,0.9318656775,0.9175803982,0.903091982,0.888776204,0.8748226044,0.8613524556,0.8486387547,0.8368714029,0.8260138075,0.8162449767,0.8075597055,0.7998671528,0.7932545915,0.7874916973],
			"ytilde": [1,0.9792502975,0.9401434883,0.892305007,0.8401925426,0.7855384815,0.7294535716,0.6723161,0.614719249,0.5571773926,0.500207423,0.4446068921,0.3916684788,0.3418987587,0.295207635,0.2514225164,0.2107996666,0.1733960983,0.1393915123,0.1091266922,0.08293452094],
			"ypsilon": [1,0.9406706197,0.8370440688,0.7124682942,0.5887531046,0.4776152478,0.375880678,0.2846281871,0.2040173417,0.1338749565,0.07270421261,0.02061483939,-0.0233917594,-0.05999730776,-0.08994468928,-0.1153379098,-0.1348690925,-0.1485735886,-0.1551974636,-0.1535516177,-0.1452035176],
			"f": [1,0.9725470622,0.911954704,0.8303786912,0.7367720047,0.6380163714,0.5387466054,0.4428358594,0.352660516,0.2698530606,0.194914274,0.1287955018,0.07189184568,0.02382946407,-0.01624073518,-0.04928823253,-0.07524187409,-0.0943139443,-0.1072317296,-0.1138781501,-0.1149000312],
			"infl": [1,0.8810972364,0.7868085412,0.6643371217,0.5419067121,0.444713656,0.3478808219,0.2627353068,0.1875628758,0.1231647741,0.06540182706,0.01696798364,-0.02405756407,-0.05856390896,-0.08457274037,-0.1100345627,-0.1275600727,-0.1409693407,-0.1485889402,-0.1455678205,-0.137848159],
			"rho": [1,0.939470527,0.8593782137,0.7694908346,0.6745016851,0.578796218,0.4849791416,0.3966693918,0.314350124,0.2398018797,0.1717509603,0.1119733844,0.06111826727,0.01883894901,-0.01697295969,-0.04799674585,-0.07213949687,-0.08912750056,-0.1030637016,-0.111094921,-0.1130379561],
			"interest": [1,0.9725470622,0.911954704,0.8303786912,0.7367720047,0.6380163714,0.5387466054,0.4428358594,0.352660516,0.2698530606,0.194914274,0.1287955018,0.07189184568,0.02382946407,-0.01624073518,-0.04928823253,-0.07524187409,-0.0943139443,-0.1072317296,-0.1138781501,-0.1149000312],
			"inflation": [1,0.9645903643,0.8819966243,0.7679113418,0.640839579,0.521917108,0.4118513109,0.313558512,0.226929957,0.1508156892,0.08490981861,0.02855107865,-0.01932229167,-0.05948730353,-0.09256428272,-0.1193953305,-0.139724146,-0.153390945,-0.1599278548,-0.1589745162,-0.1516040728],
			"inflationq": [1,0.8810972364,0.7868085412,0.6643371217,0.5419067121,0.444713656,0.3478808219,0.2627353068,0.1875628758,0.1231647741,0.06540182706,0.01696798364,-0.02405756407,-0.05856390896,-0.08457274037,-0.1100345627,-0.1275600727,-0.1409693407,-0.1485889402,-0.1455678205,-0.137848159],
			"inflationql": [1,0.8812205871,0.7877071199,0.6647109565,0.5421972323,0.4454381487,0.3484050309,0.2640965935,0.1888571021,0.1242818794,0.06731591661,0.01843667558,-0.0228894615,-0.05780817465,-0.08377289255,-0.1095373812,-0.1268318012,-0.1400438406,-0.1481671993,-0.1450348959,-0.1375950767],
			"inflationql2": [1,0.8818565493,0.7881650109,0.6653330426,0.5431072389,0.4459870867,0.349413238,0.2645778996,0.1896643076,0.1258218676,0.0686283068,0.01973326863,-0.02225413655,-0.05726050639,-0.08322254421,-0.1086198926,-0.1259215782,-0.1390845718,-0.1473445168,-0.1444684607,-0.1377485232],
			"inflationqls": [1,0.9422460123,0.8277627692,0.7044183449,0.5805463013,0.4706476206,0.371073513,0.2807179999,0.2014892698,0.1325752757,0.07270755913,0.0209508794,-0.02309864542,-0.0592462197,-0.08878114305,-0.1137218113,-0.1330568931,-0.1467308244,-0.153729753,-0.1521757211,-0.1441683735],
			"outputgap": [1,0.9792502975,0.9401434883,0.892305007,0.8401925426,0.7855384815,0.7294535716,0.6723161,0.614719249,0.5571773926,0.500207423,0.4446068921,0.3916684788,0.3418987587,0.295207635,0.2514225164,0.2107996666,0.1733960983,0.1393915123,0.1091266922,0.08293452094],
			"output": [1,0.9792502975,0.9401434883,0.892305007,0.8401925426,0.7855384815,0.7294535716,0.6723161,0.614719249,0.5571773926,0.500207423,0.4446068921,0.3916684788,0.3418987587,0.295207635,0.2514225164,0.2107996666,0.1733960983,0.1393915123,0.1091266922,0.08293452094],
			"ytildef": [1,0.9663207601,0.9222344081,0.8725855061,0.820154355,0.7661104769,0.7102847418,0.6536900693,0.5964452861,0.539627627,0.4828957854,0.4275622095,0.3756162718,0.3275736354,0.2824779433,0.2400584164,0.2011376111,0.1655031428,0.1332656376,0.1045180413,0.08043920513],
			"ytildeff": [1,0.958300593,0.9104097496,0.8590714677,0.8059755684,0.7511575292,0.694665928,0.6376616757,0.5801206399,0.523255661,0.4661956287,0.410818098,0.3593532485,0.3123573834,0.2682955624,0.2269374361,0.1893958532,0.1552961074,0.1246924505,0.09765251377,0.07556946109],
			"ytildel": [1,0.9793339665,0.9401197988,0.8921430185,0.8399432119,0.7852593553,0.7291554499,0.6721374543,0.6145964033,0.5570994007,0.5001791325,0.4445626496,0.3915864579,0.3416972871,0.2948556219,0.2510007064,0.2102118204,0.1726856133,0.1386731864,0.1084108447,0.08223173238],
			"ypsilonf": [1,0.9079387378,0.7847024209,0.6581098357,0.5441416052,0.4386242915,0.3414132416,0.2560341208,0.1803046318,0.1164254446,0.05904250286,0.01068991194,-0.03033211538,-0.06282834043,-0.08878837227,-0.1124286208,-0.1302947892,-0.1430007829,-0.1485565842,-0.1456955467,-0.1366107402],
			"ypsilonff": [1,0.8760830007,0.7413898758,0.6230721795,0.5114994437,0.4091940981,0.3158033718,0.233345172,0.1607438484,0.1014366574,0.04637448834,0.0006065735907,-0.03840164981,-0.06811192629,-0.09086979979,-0.1134310474,-0.1295533275,-0.1415408656,-0.1467506529,-0.1425047026,-0.1332454342],
			"z": [1,0.762745086,0.6766419942,0.5765098967,0.4764155103,0.3857921715,0.3032500317,0.2287669809,0.1617016036,0.1076689638,0.05642394926,0.01319400765,-0.02318980407,-0.05398278579,-0.0734139251,-0.0989144557,-0.1127408715,-0.1254867442,-0.1346428437,-0.1296403374,-0.1236199076],
			"zl": [1,0.7622596419,0.6773357094,0.5763562886,0.4761704187,0.3861484671,0.3034006222,0.2302328994,0.1630126005,0.1083597774,0.05832485764,0.01461110216,-0.02195014994,-0.05307660974,-0.0725556975,-0.09871914395,-0.1123062414,-0.1246320139,-0.1345310506,-0.1290950555,-0.1230963006],
			"zll": [1,0.7629121965,0.6775687343,0.5767591494,0.4767929214,0.3862644957,0.3045565699,0.2306131443,0.1635926674,0.1099379635,0.05970621751,0.0160893384,-0.02132330832,-0.052625637,-0.07203363119,-0.09770031313,-0.1114978354,-0.1238135639,-0.1337139702,-0.1284308763,-0.1232997585],
			"xl": [1,0.9957211488,0.9896209825,0.9811715991,0.9707897962,0.958884631,0.9458254952,0.9320199824,0.9177877839,0.9034095386,0.8891391995,0.8752657862,0.8618435355,0.8491862414,0.8374439561,0.8265973541,0.8168191907,0.8081012672,0.8004460905,0.7937894653,0.7880275251],
			"xll": [1,0.9956584628,0.9895602721,0.9811075541,0.9707816978,0.9589239479,0.9459580728,0.9321834482,0.9180355095,0.9037303843,0.8895599837,0.8757151363,0.8624131476,0.8498077977,0.8380926754,0.8272362894,0.8174605622,0.8087887024,0.8010604773,0.7944203701,0.7885765034]
		},
		"VAR": {
			"p": 719.5895562,
			"x": 720.4591645,
			"ytilde": 13.76141009,
			"ypsilon": 0.5053192843,
			"f": 12.55533623,
			"infl": 9.887406808,
			"rho": 0.1414535144,
			"interest": 12.55533623,
			"inflation": 8.601363654,
			"inflationq": 9.887406808,
			"inflationql": 9.79772431,
			"inflationql2": 9.727929562,
			"inflationqls": 37.0889522,
			"outputgap": 13.76141009,
			"output": 13.76141009,
			"ytildef": 13.69128184,
			"ytildeff": 13.36559104,
			"ytildel": 13.71194348,
			"ypsilonf": 0.4856276684,
			"ypsilonff": 0.4441219082,
			"z": 0.6135874688,
			"zl": 0.607760154,
			"zll": 0.6031539092,
			"xl": 720.2864759,
			"xll": 720.0679709
		},