{
	"model": "US_FM95AL",
	"rule": "Taylor",
	"data": {
		"AC": {
			"p": [1,0.9980069724,0.9952679576,0.9918392792,0.9878166229,0.9832930862,0.978356888,0.9730901693,0.9675655196,0.9618298123,0.9559287156,0.9499126809,0.9438097715,0.9376521018,0.9314748078,0.9253048967,0.919152826,0.9130362669,0.9069683262,0.9009523921,0.8949725237],
			"x": [1,0.997710855,0.9949168307,0.9913929314,0.9872688305,0.9826426907,0.9776238061,0.9722728759,0.96668168,0.9608572365,0.9548806011,0.9488299093,0.9426880009,0.9365136903,0.9303404184,0.9241658622,0.9180233451,0.9119469713,0.9058997879,0.8999188431,0.8939662003],
			"ytilde": [1,0.971710462,0.9189510456,0.8554877662,0.7881552734,0.7199918895,0.6529512292,0.5878057336,0.5254133771,0.4662369705,0.4103005916,0.3582334551,0.3113939542,0.2698577993,0.2328029077,0.1993845295,0.1695919198,0.143402287,0.1204862335,0.1007460263,0.08446745509],
			"ypsilon": [1,0.9479824691,0.8590390423,0.7531988184,0.6490810285,0.5567182182,0.4727594005,0.3978360184,0.3321552846,0.2753949211,0.2260517065,0.1844816893,0.1500244898,0.1218391225,0.09831713824,0.07713073016,0.05999657124,0.04676256034,0.0384650644,0.03554445283,0.03651919146],
			"f": [1,0.9639633821,0.8839232672,0.7774289395,0.6627963498,0.5577102832,0.4622322703,0.3783005914,0.3061211673,0.2446727711,0.1930288243,0.1505837977,0.115622144,0.08711443954,0.06406608159,0.04492672166,0.03007333149,0.01907263072,0.01235380386,0.01058803115,0.01283142651],
			"infl": [1,0.8946399856,0.8131712914,0.7078832149,0.6034493066,0.5223246,0.4418462561,0.3714846783,0.3102661409,0.2580108197,0.2110183642,0.1723625958,0.1403561694,0.114112244,0.09395900455,0.07233984863,0.05672661723,0.04376996272,0.03502862654,0.03369984887,0.03450122806],
			"rho": [1,0.9279689531,0.8378221464,0.7414032721,0.645925091,0.5562062747,0.4734206974,0.3989178879,0.3321657306,0.2731884432,0.2193979403,0.1732144978,0.1348177007,0.1030533003,0.07546005184,0.05080469189,0.0312826596,0.0168688636,0.003480915662,-0.005676598063,-0.01007929307],
			"interest": [1,0.9639633821,0.8839232672,0.7774289395,0.6627963498,0.5577102832,0.4622322703,0.3783005914,0.3061211673,0.2446727711,0.1930288243,0.1505837977,0.115622144,0.08711443954,0.06406608159,0.04492672166,0.03007333149,0.01907263072,0.01235380386,0.01058803115,0.01283142651],
			"inflation": [1,0.9691959105,0.8995359944,0.8042335878,0.6988218585,0.6009999197,0.5108060163,0.4304749646,0.3600191895,0.298487185,0.2455786209,0.2008533884,0.1629936316,0.131330974,0.1050666492,0.08316302009,0.06569757545,0.05236508582,0.0435490316,0.03938342422,0.03903073777],
			"inflationq": [1,0.8946399856,0.8131712914,0.7078832149,0.6034493066,0.5223246,0.4418462561,0.3714846783,0.3102661409,0.2580108197,0.2110183642,0.1723625958,0.1403561694,0.114112244,0.09395900455,0.07233984863,0.05672661723,0.04376996272,0.03502862654,0.03369984887,0.03450122806],
			"inflationql": [1,0.8945186785,0.8134896527,0.7079243084,0.6045520899,0.5237385474,0.4432762705,0.373168546,0.3110944884,0.258693189,0.2124506153,0.1733259048,0.1408541313,0.1141710381,0.09364593425,0.07231723206,0.05727766465,0.04463140287,0.03513798364,0.03345009275,0.03389827919],
			"inflationql2": [1,0.8948645183,0.8137199694,0.7088879242,0.6058118401,0.5256266804,0.4451007047,0.3743292159,0.3124305087,0.259802683,0.2133990047,0.1745076731,0.1415774798,0.1137323774,0.09345382137,0.07277322349,0.05802185729,0.04555090296,0.03550199939,0.03332110224,0.03313294796],
			"inflationqls": [1,0.9491065154,0.8502948358,0.7457194538,0.642038369,0.5509759607,0.468642278,0.3939389742,0.3287448318,0.2725421006,0.2242636333,0.1829713682,0.1484013302,0.1201211438,0.09674239191,0.07646433277,0.05983354843,0.04683229033,0.03785516137,0.0344988809,0.03515654441],
			"outputgap": [1,0.971710462,0.9189510456,0.8554877662,0.7881552734,0.7199918895,0.6529512292,0.5878057336,0.5254133771,0.4662369705,0.4103005916,0.3582334551,0.3113939542,0.2698577993,0.2328029077,0.1993845295,0.1695919198,0.143402287,0.1204862335,0.1007460263,0.08446745509],
			"output": [1,0.971710462,0.9189510456,0.8554877662,0.7881552734,0.7199918895,0.6529512292,0.5878057336,0.5254133771,0.4662369705,0.4103005916,0.3582334551,0.3113939542,0.2698577993,0.2328029077,0.1993845295,0.1695919198,0.143402287,0.1204862335,0.1007460263,0.08446745509],
			"ytildef": [1,0.9526424108,0.8925293824,0.8260997354,0.7584645043,0.691599083,0.6257054915,0.5625962467,0.5022923345,0.4458149216,0.3918302442,0.3415593637,0.2971693855,0.2586303578,0.2240421417,0.1924202915,0.1643969077,0.1400449441,0.1190726937,0.1006577271,0.08632157486],
			"ytildeff": [1,0.9399148957,0.8735764139,0.8046949858,0.7366874023,0.6699149989,0.6045522468,0.5426701861,0.4838258846,0.4292372995,0.3766388399,0.3278478079,0.2854132717,0.249246422,0.2164539071,0.1863793215,0.1597546791,0.1369217551,0.1174756143,0.1005169302,0.08782405413],
			"ytildel": [1,0.9720440372,0.919488874,0.8562380673,0.7891066541,0.7211490951,0.6541216464,0.5890867015,0.5266370295,0.4673061846,0.4114643095,0.3594376972,0.3126575951,0.2710203727,0.2336980005,0.2002621949,0.1705552589,0.1442165962,0.1209750493,0.1010367091,0.08462501997],
			"ypsilonf": [1,0.9179579161,0.811254831,0.7031531687,0.6071309931,0.5195209593,0.4393857798,0.3688772642,0.3070069982,0.2553703257,0.2091379101,0.171286146,0.1400890113,0.1159452214,0.09537839636,0.07518632962,0.05884985421,0.04636582244,0.03900638755,0.03684603218,0.03818656619],
			"ypsilonff": [1,0.889601192,0.7727484641,0.6721150084,0.5786517293,0.4943656124,0.4172623811,0.3487589259,0.2895709812,0.241788313,0.1971871127,0.1615394981,0.132464212,0.1111568802,0.09294870278,0.07345087458,0.05825730441,0.04649775915,0.03947427451,0.03817602446,0.03927471989],
			"z": [1,0.7860567154,0.7106074191,0.6232265763,0.5366760034,0.4596504448,0.3906180336,0.328184721,0.273454931,0.2296078418,0.1873127157,0.1525004077,0.1243011763,0.1015336178,0.08683042829,0.06466103159,0.05197579271,0.03973902842,0.03030635288,0.03116636198,0.03112959519],
			"zl": [1,0.7852987895,0.710525387,0.6224757368,0.5372451319,0.4604209533,0.3915208675,0.3297490493,0.2739094894,0.2298793355,0.1887237283,0.1532130915,0.1245652087,0.101757025,0.08661612771,0.06426581545,0.05210817294,0.04043809674,0.03022265834,0.03092423942,0.0307846384],
			"zll": [1,0.785363209,0.7100056714,0.6228882119,0.5379297996,0.4620970466,0.3932498184,0.3304688941,0.2749342538,0.2305339016,0.1893511479,0.1544434945,0.1254805426,0.1007968044,0.08610239345,0.06480055962,0.0528634222,0.04143240069,0.03052495202,0.03083332879,0.02995536215],
			"xl": [1,0.9977430364,0.9949548099,0.9914510162,0.9873459048,0.9827450432,0.9777435857,0.9724218649,0.9668480316,0.961090999,0.9551596939,0.9491213537,0.9429950579,0.9368132418,0.9306293288,0.9244391821,0.9183033819,0.9121641117,0.9061006031,0.9001095919,0.8941462586],
			"xll": [1,0.997747237,0.9949733722,0.9914810914,0.9873980728,0.9828281998,0.9778624192,0.9725522062,0.9670188821,0.9612766745,0.9554102149,0.9493955657,0.9432534208,0.9370893579,0.9309063059,0.9246982283,0.9185136027,0.9124076375,0.9062930551,0.9002766021,0.8942963404]
		},
		"VAR": {
			"p": 2358.820368,
			"x": 2359.947091,
			"ytilde": 8.952165419,
			"ypsilon": 0.5975313628,
			"f": 15.3382376,
			"infl": 11.59501955,
			"rho": 0.08077165863,
			"interest": 15.3382376,
			"inflation": 10.25593841,
			"inflationq": 11.59501955,
			"inflationql": 11.46887509,
			"inflationql2": 11.35880979,
			"inflationqls": 43.67359291,
			"outputgap": 8.952165419,
			"output": 8.952165419,
			"ytildef": 8.815847263,
			"ytildeff": 8.395013549,
			"ytildel": 8.916566441,
			"ypsilonf": 0.5811419743,
			"ypsilonff": 0.5458394404,
			"z": 0.7085537225,
			"zl": 0.700969364,
			"zll": 0.694128276,
			"xl": 2359.612955,
			"xll": 2359.228361
		},