{
	"model": "US_FM95AL",
	"rule": "LWW",
	"data": {
		"AC": {
			"p": [1,0.9966961103,0.9916017807,0.9848949735,0.9768492765,0.967753239,0.9578879944,0.9475350962,0.9369689553,0.9263914897,0.9160055502,0.9059637407,0.8963875503,0.8874017397,0.8791004766,0.8715069097,0.8646399809,0.8584905888,0.8530245512,0.8481802886,0.8438349788],
			"x": [1,0.9960856027,0.9909529541,0.9840684474,0.9758086275,0.9665041759,0.956485139,0.9459472183,0.9352271464,0.924459643,0.9139424756,0.9038199104,0.8941411521,0.8850994183,0.8768346363,0.8692355653,0.8624287184,0.8563855171,0.8509871031,0.8462821726,0.8420422338],
			"ytilde": [1,0.9769363801,0.9335770539,0.8808289582,0.8234236893,0.7633122871,0.7016394482,0.6390320072,0.5760960053,0.5137123018,0.4525610477,0.3936047463,0.3383863837,0.2876747087,0.2414002213,0.1991279907,0.1610148628,0.1273713585,0.0981728664,0.07352234479,0.05332834929],
			"ypsilon": [1,0.9382755691,0.8317248576,0.704835741,0.5803445026,0.4706806145,0.3720819249,0.2853132212,0.2099107161,0.145710159,0.09031488836,0.04410096719,0.006208653788,-0.02386495323,-0.04676402962,-0.06544183381,-0.07877319524,-0.08669644948,-0.08836236418,-0.08297721364,-0.07234906846],
			"f": [1,0.9582654527,0.8677526458,0.7533826919,0.6335664123,0.5159619733,0.4061513357,0.3064790194,0.2183761289,0.1423408882,0.07788004274,0.02465720134,-0.01665284554,-0.04753224454,-0.07028455146,-0.08711319142,-0.09861544867,-0.1052230438,-0.1068509497,-0.1032599861,-0.09435604185],
			"infl": [1,0.8759500443,0.7793305622,0.6545911026,0.5312621234,0.4361178328,0.3423420675,0.2619434242,0.1917009169,0.1332641982,0.08098813623,0.03809157902,0.002905078756,-0.02552858381,-0.04443448928,-0.06342933907,-0.07523508475,-0.08300630534,-0.08583378385,-0.079163271,-0.06928106595],
			"rho": [1,0.9222636292,0.8204831571,0.7079978032,0.5918595517,0.4781190246,0.370860241,0.2737604791,0.1875563491,0.1128685719,0.0474066243,-0.007202241475,-0.04929137017,-0.08030822357,-0.1044301716,-0.1235731515,-0.1360421414,-0.1415224478,-0.1446366128,-0.1430985656,-0.1351079116],
			"interest": [1,0.9582654527,0.8677526458,0.7533826919,0.6335664123,0.5159619733,0.4061513357,0.3064790194,0.2183761289,0.1423408882,0.07788004274,0.02465720134,-0.01665284554,-0.04753224454,-0.07028455146,-0.08711319142,-0.09861544867,-0.1052230438,-0.1068509497,-0.1032599861,-0.09435604185],
			"inflation": [1,0.9634362819,0.8789862709,0.7632071066,0.6354901214,0.5178020127,0.4106155399,0.3165712713,0.235192174,0.1649792327,0.1052140708,0.05531154432,0.01402431612,-0.01937952236,-0.04544891383,-0.06539855735,-0.07923715504,-0.08704022767,-0.08873388123,-0.08412859764,-0.0743207025],
			"inflationq": [1,0.8759500443,0.7793305622,0.6545911026,0.5312621234,0.4361178328,0.3423420675,0.2619434242,0.1917009169,0.1332641982,0.08098813623,0.03809157902,0.002905078756,-0.02552858381,-0.04443448928,-0.06342933907,-0.07523508475,-0.08300630534,-0.08583378385,-0.079163271,-0.06928106595],
			"inflationql": [1,0.8760257723,0.7800024568,0.6548074784,0.5317925986,0.4371315312,0.343618368,0.2636039182,0.1937740816,0.1352533143,0.08405277298,0.04057568027,0.005211914179,-0.02330680575,-0.04277436389,-0.06201952667,-0.07324744146,-0.08096721917,-0.08464211849,-0.07804062644,-0.06851110906],
			"inflationql2": [1,0.8766779261,0.7805118291,0.6552643208,0.5327817922,0.4382813347,0.3446518368,0.2647561338,0.1950441235,0.1372329267,0.08599850773,0.04274644869,0.007048327959,-0.02175368923,-0.04127498633,-0.06014743863,-0.07139262041,-0.07922809513,-0.08341284659,-0.07730708406,-0.06843847781],
			"inflationqls": [1,0.9399459962,0.8218498435,0.6961938909,0.5718793012,0.4637815007,0.3674758696,0.28159379,0.2078284056,0.1449005307,0.09106680616,0.04512364469,0.007334942187,-0.0222039809,-0.04512032283,-0.06334173115,-0.07625693681,-0.08436313034,-0.08683319944,-0.08180255868,-0.07156715212],
			"outputgap": [1,0.9769363801,0.9335770539,0.8808289582,0.8234236893,0.7633122871,0.7016394482,0.6390320072,0.5760960053,0.5137123018,0.4525610477,0.3936047463,0.3383863837,0.2876747087,0.2414002213,0.1991279907,0.1610148628,0.1273713585,0.0981728664,0.07352234479,0.05332834929],
			"output": [1,0.9769363801,0.9335770539,0.8808289582,0.8234236893,0.7633122871,0.7016394482,0.6390320072,0.5760960053,0.5137123018,0.4525610477,0.3936047463,0.3383863837,0.2876747087,0.2414002213,0.1991279907,0.1610148628,0.1273713585,0.0981728664,0.07352234479,0.05332834929],
			"ytildef": [1,0.9629877152,0.9147395792,0.860555059,0.8031888124,0.7441174611,0.6828424651,0.6208715025,0.5582910317,0.4967854735,0.4360143261,0.3774628134,0.3233711291,0.2745859528,0.2302634205,0.1896249101,0.1533232805,0.121683691,0.09452759231,0.07163355072,0.05353579464],
			"ytildeff": [1,0.9549845609,0.9032205034,0.8476432115,0.7897724325,0.7299783022,0.6679116851,0.605419889,0.5424266184,0.4809048911,0.4199555585,0.3615443667,0.3081140209,0.2605976433,0.2177043261,0.1784389007,0.1437881036,0.1139988617,0.08877156937,0.06790166409,0.05189651595],
			"ytildel": [1,0.9769523552,0.933483427,0.8805486936,0.8230485914,0.7628826432,0.7012370051,0.6385736733,0.5757709142,0.5134109343,0.4522791942,0.3933369034,0.3382713941,0.287580153,0.2411386611,0.1987900729,0.1607546767,0.1270428785,0.09778254528,0.07299283925,0.05299178887],
			"ypsilonf": [1,0.9032404049,0.7755615621,0.64604656,0.5313253373,0.4274858546,0.3336930766,0.2528361222,0.1821982265,0.1242417581,0.07234775265,0.02960785015,-0.00533338258,-0.0309608494,-0.04912696351,-0.06568160908,-0.0771328627,-0.08369776023,-0.08395393718,-0.07720685955,-0.06591938546],
			"ypsilonff": [1,0.8691781559,0.7288909847,0.6078604967,0.4955090566,0.3953457415,0.3056632973,0.2279130127,0.160501688,0.1073537834,0.05777306472,0.01754888345,-0.0153683462,-0.03786599743,-0.05212671037,-0.06716180408,-0.07659762462,-0.08204741057,-0.08172656521,-0.07349063196,-0.06204302382],
			"z": [1,0.7529557071,0.6651272247,0.563704147,0.4633966667,0.3749794498,0.2956667422,0.2260278944,0.1633435207,0.1152795266,0.06914503991,0.03079339714,-0.0002938401808,-0.02580935025,-0.03821913876,-0.05777958029,-0.06673095691,-0.07430261119,-0.07902754633,-0.07068042977,-0.06278373673],
			"zl": [1,0.7523002904,0.6654969132,0.5632820521,0.4634006968,0.3754908598,0.2966987041,0.2276137037,0.165485055,0.116970937,0.07232240689,0.03308624135,0.001887731765,-0.02328846231,-0.03663428668,-0.05677086404,-0.0650912011,-0.07231728092,-0.07806502269,-0.06942230902,-0.06162412416],
			"zll": [1,0.7529788277,0.6656747336,0.5632782913,0.4640178833,0.3764285219,0.2976060719,0.2287192088,0.1665556193,0.1189847268,0.07424415797,0.03529533787,0.003775559604,-0.02190957069,-0.03525857822,-0.0549452243,-0.06331289003,-0.07063580833,-0.07681673401,-0.06857102592,-0.06146427337],
			"xl": [1,0.996048869,0.9908088848,0.983936626,0.9757072299,0.9664141111,0.9563695814,0.9458687137,0.9351967833,0.9245378016,0.914071176,0.9040109145,0.8943627431,0.8853571025,0.8770679378,0.8694848778,0.8626560329,0.8565275454,0.8511404021,0.8463673447,0.8421174942],
			"xll": [1,0.995959786,0.9907046541,0.9837874617,0.9755912673,0.9663346933,0.9563387975,0.9458746708,0.9352709603,0.9246714225,0.9143058455,0.9042596978,0.8947034513,0.8857122691,0.8774381569,0.8698001131,0.8629379575,0.8568544575,0.8513416998,0.8465527117,0.8422241974]
		},
		"VAR": {
			"p": 1054.660879,
			"x": 1055.928391,
			"ytilde": 11.9443867,
			"ypsilon": 0.4676829159,
			"f": 14.91843365,
			"infl": 9.190917183,
			"rho": 0.1697623114,
			"interest": 14.91843365,
			"inflation": 7.92932887,
			"inflationq": 9.190917183,
			"inflationql": 9.104004082,
			"inflationql2": 9.035118398,
			"inflationqls": 34.32884482,
			"outputgap": 11.9443867,
			"output": 11.9443867,
			"ytildef": 11.82309305,
			"ytildeff": 11.44609494,
			"ytildel": 11.90851356,
			"ypsilonf": 0.4476968025,
			"ypsilonff": 0.4085640076,
			"z": 0.5751369975,
			"zl": 0.5694950102,
			"zll": 0.5648728516,
			"xl": 1055.307427,
			"xll": 1054.594615
		},