{
	"model": "US_FM95AL",
	"rule": "GR",
	"data": {
		"AC": {
			"p": [1,0.9960930075,0.9904057461,0.9831147552,0.9744803451,0.9648123734,0.9543631515,0.943428319,0.9322610638,0.9210559326,0.9099982791,0.8992196007,0.8888452974,0.879008723,0.8697956387,0.8612309905,0.8533327374,0.8460853989,0.8394647192,0.8333940558,0.8277665716],
			"x": [1,0.9955014542,0.9897662767,0.9823128791,0.9734371929,0.963563468,0.9529185804,0.9417921066,0.9304559039,0.9190516329,0.9078604212,0.896979435,0.8865013644,0.876619056,0.8674061013,0.8588026018,0.850944735,0.8437934956,0.8372596577,0.8313152056,0.8258220669],
			"ytilde": [1,0.9792485648,0.9382106394,0.8856052783,0.8259369425,0.761526028,0.6940902129,0.6250710739,0.555837992,0.4876004983,0.421350489,0.3582359614,0.299830938,0.2467507696,0.1990331818,0.1563775156,0.1188232808,0.08642580039,0.05896727583,0.03629082449,0.01827268771],
			"ypsilon": [1,0.9343273089,0.8209078694,0.6858034141,0.553415666,0.436544251,0.3314115275,0.2388066587,0.1585273498,0.09049583154,0.03273095874,-0.01445486656,-0.05150942413,-0.07919998314,-0.09865661436,-0.1128319175,-0.1211458466,-0.1240886873,-0.1210498562,-0.1112124081,-0.09628151303],
			"f": [1,0.9737558973,0.9051419884,0.8046481115,0.6852753233,0.5594982331,0.4357776983,0.3198660227,0.2151292367,0.1232147228,0.04469144376,-0.02054490897,-0.07309079438,-0.1137834396,-0.1435755719,-0.1634904124,-0.174504937,-0.1775093015,-0.1733428904,-0.162969362,-0.1475519918],
			"infl": [1,0.8696794474,0.7667567155,0.6341891077,0.5036001275,0.4022168778,0.3024565292,0.2166401548,0.1422147941,0.08034578828,0.02593851253,-0.01790956236,-0.0520050198,-0.07777973283,-0.0932136949,-0.1077121219,-0.1145189379,-0.1174237635,-0.1158189069,-0.1049034276,-0.09094859035],
			"rho": [1,0.9497210751,0.8634956887,0.7518802102,0.6250976031,0.4954333151,0.3706307911,0.2563288836,0.1540177769,0.06637848407,-0.007557398844,-0.06681832287,-0.1132714217,-0.1478727395,-0.1717121201,-0.1873022779,-0.1943276357,-0.1937927459,-0.1880509564,-0.1759816245,-0.1594064553],
			"interest": [1,0.9737558973,0.9051419884,0.8046481115,0.6852753233,0.5594982331,0.4357776983,0.3198660227,0.2151292367,0.1232147228,0.04469144376,-0.02054490897,-0.07309079438,-0.1137834396,-0.1435755719,-0.1634904124,-0.174504937,-0.1775093015,-0.1733428904,-0.162969362,-0.1475519918],
			"inflation": [1,0.9606753751,0.8704120883,0.7467906025,0.6105591078,0.4848772068,0.3703309918,0.2698115482,0.1829098623,0.1084206297,0.04588527992,-0.005275286781,-0.04622382178,-0.0778509689,-0.1008980798,-0.1167409644,-0.1258446578,-0.1286784649,-0.1253814038,-0.1160415002,-0.1019125338],
			"inflationq": [1,0.8696794474,0.7667567155,0.6341891077,0.5036001275,0.4022168778,0.3024565292,0.2166401548,0.1422147941,0.08034578828,0.02593851253,-0.01790956236,-0.0520050198,-0.07777973283,-0.0932136949,-0.1077121219,-0.1145189379,-0.1174237635,-0.1158189069,-0.1049034276,-0.09094859035],
			"inflationql": [1,0.8699432527,0.7679074304,0.6349916716,0.5046018276,0.4038860125,0.3045007876,0.2194506513,0.1446014168,0.08259727882,0.02917999438,-0.01498920112,-0.04979894205,-0.07645546753,-0.09233433454,-0.1076341188,-0.1138822804,-0.1167359669,-0.1161207762,-0.104986705,-0.09161881917],
			"inflationql2": [1,0.8706772932,0.7687907104,0.6362823419,0.5063792075,0.4060025597,0.3068272135,0.2213628859,0.1470738227,0.08537886159,0.03194565701,-0.01214106994,-0.04773278999,-0.07512659346,-0.09164326737,-0.1066450855,-0.1134444331,-0.1164668007,-0.1161063607,-0.105565339,-0.09299963275],
			"inflationqls": [1,0.9362628755,0.8111345488,0.6776429831,0.5454328444,0.4304647969,0.3280348755,0.2363764135,0.1574736179,0.09055830816,0.03432834007,-0.01246717854,-0.0499757671,-0.07781580493,-0.09749064951,-0.1115735038,-0.1197220321,-0.1228839552,-0.1206202338,-0.1110513697,-0.09671425527],
			"outputgap": [1,0.9792485648,0.9382106394,0.8856052783,0.8259369425,0.761526028,0.6940902129,0.6250710739,0.555837992,0.4876004983,0.421350489,0.3582359614,0.299830938,0.2467507696,0.1990331818,0.1563775156,0.1188232808,0.08642580039,0.05896727583,0.03629082449,0.01827268771],
			"output": [1,0.9792485648,0.9382106394,0.8856052783,0.8259369425,0.761526028,0.6940902129,0.6250710739,0.555837992,0.4876004983,0.421350489,0.3582359614,0.299830938,0.2467507696,0.1990331818,0.1563775156,0.1188232808,0.08642580039,0.05896727583,0.03629082449,0.01827268771],
			"ytildef": [1,0.9669662353,0.9203935572,0.8650161988,0.8041813012,0.7398088169,0.6722955349,0.6036467686,0.5349692,0.4678016127,0.4022490609,0.3399975453,0.2832926707,0.2325840476,0.1871265345,0.1464061485,0.1109069045,0.08066473973,0.05526487065,0.03425883991,0.01835268862],
			"ytildeff": [1,0.9578931267,0.9059820387,0.847502348,0.7849606477,0.7192949672,0.6507218042,0.5816407197,0.5129993231,0.4463967403,0.3812712257,0.3197970029,0.26456345,0.2159302516,0.1725220989,0.1337550958,0.1003291733,0.07224080727,0.04897551803,0.0300323631,0.01635108343],
			"ytildel": [1,0.9792582893,0.9379822068,0.8852354746,0.8254703248,0.7608947171,0.6935130775,0.6246024822,0.5554412865,0.4873118304,0.4212755601,0.358356337,0.299955608,0.2467845697,0.1988656036,0.1561376414,0.1186210563,0.08611943166,0.0585577507,0.0358687417,0.01793882573],
			"ypsilonf": [1,0.8982177931,0.7625399171,0.624769694,0.5030932878,0.3928111391,0.2930272062,0.2065529317,0.1312936497,0.0696959143,0.01560348161,-0.02773940455,-0.06104806246,-0.08337490306,-0.09759627435,-0.1091938139,-0.1152399372,-0.1165152797,-0.1122348958,-0.1014889628,-0.08620506791],
			"ypsilonff": [1,0.8625599526,0.7135243207,0.5846070822,0.4659279904,0.3597696793,0.263973942,0.1807102585,0.1087810299,0.05231770793,0.0008090434114,-0.03969863886,-0.07042996842,-0.08892306951,-0.09885513918,-0.1086389168,-0.1123210454,-0.1122083608,-0.1072633412,-0.09520850084,-0.0799150056],
			"z": [1,0.7433445362,0.6498193089,0.541927736,0.4362353769,0.3424312956,0.2582264706,0.1838085403,0.117883319,0.06706710715,0.01915134143,-0.02021396352,-0.05004838773,-0.07262476834,-0.08173696115,-0.0970647321,-0.1013228218,-0.1042168972,-0.1050148013,-0.09284214082,-0.08127064594],
			"zl": [1,0.7427392295,0.6505583849,0.5419526056,0.4363737865,0.3433395172,0.2597548781,0.1865858193,0.1199768731,0.06868355157,0.02221290652,-0.01748847823,-0.04801475481,-0.07119952236,-0.08073184834,-0.0972961845,-0.1007457806,-0.1032769475,-0.1054490501,-0.09257425895,-0.0814074131],
			"zll": [1,0.7433282603,0.6510810767,0.5427778035,0.4375529401,0.3450130585,0.2620989718,0.1882971153,0.1221861272,0.07112099024,0.02480596416,-0.01450590401,-0.04587849316,-0.07014720122,-0.08029641373,-0.09609292871,-0.1003235439,-0.1030342046,-0.1051810667,-0.09284758092,-0.08263112479],
			"xl": [1,0.9954825775,0.9896592756,0.9821659686,0.9733555187,0.9634571674,0.9528295066,0.9417142163,0.9304259698,0.9191407198,0.90798127,0.8971624253,0.8867110417,0.8768303197,0.8676258275,0.8590859669,0.8512226439,0.8439935008,0.8374515542,0.8314808423,0.825945139],
			"xll": [1,0.9953982637,0.9895148313,0.9820062772,0.9731922831,0.9633561145,0.9527495201,0.9416917968,0.9304675808,0.9192134374,0.9081447109,0.8973427841,0.8869815161,0.8771381114,0.8679612862,0.8594072161,0.8515433502,0.844369582,0.83771518,0.8317066887,0.8261139112]
		},
		"VAR": {
			"p": 910.002413,
			"x": 910.9588239,
			"ytilde": 14.82467367,
			"ypsilon": 0.4473774916,
			"f": 17.87682342,
			"infl": 8.83711555,
			"rho": 0.2065185908,
			"interest": 17.87682342,
			"inflation": 7.524945917,
			"inflationq": 8.83711555,
			"inflationql": 8.718762325,
			"inflationql2": 8.631276284,
			"inflationqls": 32.74413749,
			"outputgap": 14.82467367,
			"output": 14.82467367,
			"ytildef": 14.7425958,
			"ytildeff": 14.37912204,
			"ytildel": 14.77428032,
			"ypsilonf": 0.4304110052,
			"ypsilonff": 0.3927929499,
			"z": 0.5568509772,
			"zl": 0.5491596223,
			"zll": 0.5432274662,
			"xl": 910.6476292,
			"xll": 910.2568782
		},