{
	"model": "US_FM95AL",
	"rule": "CEE",
	"data": {
		"AC": {
			"p": [1,0.9975537388,0.9940911866,0.9896901806,0.984482642,0.978602907,0.9721766979,0.9653261641,0.9581650891,0.9507720379,0.943224792,0.9356061891,0.9279719026,0.9203753028,0.912868853,0.9054887086,0.89824915,0.8911712313,0.8842611068,0.8775204373,0.8709245901],
			"x": [1,0.9971699098,0.9936224365,0.9890782346,0.9837090731,0.9776663925,0.9710894283,0.9640821942,0.9567846838,0.9492425368,0.9415568033,0.9338390088,0.9261156591,0.9184567116,0.910929119,0.9035265471,0.8962894221,0.8892551117,0.8823786279,0.8756972686,0.8691568914],
			"ytilde": [1,0.9735328442,0.9245388681,0.8660729916,0.8045549624,0.7425885193,0.6814599335,0.6215258724,0.5632551501,0.5070491854,0.4529608222,0.4016420533,0.3544809631,0.3115905893,0.272482719,0.2364001597,0.2033633594,0.1734375466,0.1465288056,0.1227220643,0.1023095466],
			"ypsilon": [1,0.9490801149,0.8605078272,0.7538260623,0.6477204815,0.552384483,0.4648929331,0.3862838567,0.3168038228,0.2561988746,0.2027400509,0.1566081468,0.1176773612,0.08541280929,0.05935365575,0.03717197243,0.02026456544,0.008373611253,0.002170150976,0.002146843411,0.006732178427],
			"f": [1,0.9789052151,0.9285230844,0.8584146748,0.7765039659,0.6880758812,0.5977445209,0.509210057,0.4249489182,0.3468481572,0.275757455,0.2123631588,0.157192988,0.1105006169,0.07195816151,0.04103383559,0.01755170418,0.001249682441,-0.008367838345,-0.0120383892,-0.01074679339],
			"infl": [1,0.8969824779,0.8158042715,0.7097522894,0.6034319016,0.5193938541,0.4354930611,0.3617813012,0.2967505483,0.2409340774,0.1901426223,0.146923563,0.1107300522,0.07995434218,0.05746136733,0.03485580194,0.01954496732,0.007925968239,0.001061130217,0.002384702924,0.006392560822],
			"rho": [1,0.9514793327,0.8891176479,0.8174392226,0.7398441976,0.6586241049,0.5763760707,0.4962574977,0.420325838,0.3494428931,0.283087693,0.2230283978,0.1711281552,0.1273505177,0.08923038911,0.05578927234,0.02829123066,0.007016476061,-0.0102564207,-0.0231145286,-0.03035829255],
			"interest": [1,0.9789052151,0.9285230844,0.8584146748,0.7765039659,0.6880758812,0.5977445209,0.509210057,0.4249489182,0.3468481572,0.275757455,0.2123631588,0.157192988,0.1105006169,0.07195816151,0.04103383559,0.01755170418,0.001249682441,-0.008367838345,-0.0120383892,-0.01074679339],
			"inflation": [1,0.96976158,0.8998717815,0.8033904753,0.6958348695,0.5949008259,0.5010959048,0.4169373902,0.3424759432,0.2767867294,0.2194961757,0.170235029,0.1281749896,0.09290743116,0.06410660523,0.04092333251,0.02340044835,0.01131821829,0.004822838761,0.003910028835,0.007573124842],
			"inflationq": [1,0.8969824779,0.8158042715,0.7097522894,0.6034319016,0.5193938541,0.4354930611,0.3617813012,0.2967505483,0.2409340774,0.1901426223,0.146923563,0.1107300522,0.07995434218,0.05746136733,0.03485580194,0.01954496732,0.007925968239,0.001061130217,0.002384702924,0.006392560822],
			"inflationql": [1,0.8972162712,0.8162270933,0.7101612585,0.6045345892,0.5207243651,0.4366069526,0.3631329875,0.2977714374,0.2417973045,0.1915044778,0.1480873244,0.1112361726,0.08022447678,0.05749805965,0.03486387912,0.02007960396,0.00848436373,0.001084416043,0.002328558884,0.006246635768],
			"inflationql2": [1,0.8974776401,0.8166114554,0.7109476704,0.6056383849,0.5219385464,0.4377904956,0.3640515032,0.2987286171,0.242646149,0.1922796247,0.1489939275,0.1121818404,0.08034195908,0.05761584129,0.03531003483,0.02038999655,0.008920615006,0.001112614697,0.002186841379,0.005432978462],
			"inflationqls": [1,0.950253323,0.8520819593,0.7466455078,0.6407557591,0.5464115925,0.4604456344,0.3822544991,0.3136376574,0.253696051,0.2012254422,0.1555483585,0.1165415363,0.08443808016,0.05844819946,0.0368548945,0.02024551703,0.00838675399,0.00169709578,0.001541357569,0.005925531318],
			"outputgap": [1,0.9735328442,0.9245388681,0.8660729916,0.8045549624,0.7425885193,0.6814599335,0.6215258724,0.5632551501,0.5070491854,0.4529608222,0.4016420533,0.3544809631,0.3115905893,0.272482719,0.2364001597,0.2033633594,0.1734375466,0.1465288056,0.1227220643,0.1023095466],
			"output": [1,0.9735328442,0.9245388681,0.8660729916,0.8045549624,0.7425885193,0.6814599335,0.6215258724,0.5632551501,0.5070491854,0.4529608222,0.4016420533,0.3544809631,0.3115905893,0.272482719,0.2364001597,0.2033633594,0.1734375466,0.1465288056,0.1227220643,0.1023095466],
			"ytildef": [1,0.955935296,0.9001686285,0.8392056795,0.7776974579,0.7173472326,0.6574417927,0.599570166,0.5430126638,0.4890029433,0.4362187808,0.3859598672,0.3405491223,0.3000621537,0.2631359183,0.2286292488,0.1973875371,0.1693618097,0.1443038266,0.1218618934,0.1034633897],
			"ytildeff": [1,0.944587682,0.8836920135,0.8210575102,0.759710362,0.699711993,0.6404661044,0.5835969077,0.5280631707,0.4753185103,0.4231942756,0.3736103028,0.3293278277,0.2904461365,0.2549503248,0.2216661924,0.1918178453,0.1652765989,0.1416817185,0.1207009835,0.1040309013],
			"ytildel": [1,0.9737529618,0.924816003,0.8664426447,0.8050107868,0.7430946155,0.6819885389,0.6221426148,0.5638455691,0.5075052419,0.4534726236,0.4021992345,0.355053261,0.3121183397,0.2727676135,0.2366136408,0.2036371552,0.1735619792,0.1463593512,0.1223017931,0.1017895335],
			"ypsilonf": [1,0.9203263726,0.81405115,0.7043031782,0.6051186467,0.5135441379,0.4292694981,0.3555274849,0.2900647998,0.2347150814,0.1843292261,0.1410101297,0.1045379976,0.07575331794,0.05333356141,0.03259436263,0.01727904091,0.006892292695,0.002410372552,0.003980396315,0.009637489043],
			"ypsilonff": [1,0.8932480184,0.7768708095,0.6734627722,0.5756790894,0.4866922029,0.4059572614,0.3346809194,0.2720470357,0.2207213419,0.1723093028,0.1310301851,0.09615394145,0.06968844622,0.05019425894,0.03046660496,0.01668516926,0.00747790477,0.003923928583,0.007077798518,0.01328091275],
			"z": [1,0.7906263229,0.7154946493,0.627209997,0.5384406801,0.4590033634,0.3866446373,0.3214793815,0.2630941787,0.2160103502,0.1704609746,0.1313896195,0.09951739771,0.07157269486,0.05500684684,0.03181814022,0.01948535598,0.008353878612,0.0005141190474,0.003628643132,0.006159298332],
			"zl": [1,0.7905496927,0.715631206,0.6270762998,0.5392325705,0.4600518681,0.3873766558,0.3227618244,0.2639742192,0.2166667885,0.171902284,0.1324926851,0.09971583603,0.07186220312,0.05510288374,0.03154501312,0.01981369635,0.008872399157,0.0004749378677,0.003637443223,0.006440198464],
			"zll": [1,0.7906527133,0.7155832101,0.6275485723,0.5401272,0.4611203076,0.3884713261,0.3234272267,0.2647557377,0.2172685521,0.1724722261,0.1332899491,0.1007282745,0.07147272979,0.05489092898,0.03206353188,0.02008553701,0.00931310509,0.0004072878563,0.003672798226,0.005693699684],
			"xl": [1,0.9972180242,0.9936886092,0.9891874729,0.98386061,0.9778710685,0.9713429338,0.9644077933,0.9571661016,0.949729026,0.9421265036,0.9344600844,0.9267924382,0.9191565332,0.9116407355,0.9042318288,0.8970115186,0.8899108728,0.8830069682,0.8762976604,0.8697327405],
			"xll": [1,0.9972284096,0.9937318148,0.9892636792,0.9839905523,0.9780576793,0.9716027999,0.9647230281,0.9575547366,0.950170697,0.9426779811,0.9350756518,0.9274294771,0.9198472527,0.9123482732,0.904935553,0.8976694004,0.8905895888,0.8836291905,0.8768845254,0.870273596]
		},
		"VAR": {
			"p": 1612.450174,
			"x": 1613.029674,
			"ytilde": 9.843851005,
			"ypsilon": 0.6086881481,
			"f": 11.77806303,
			"infl": 11.79131165,
			"rho": 0.08059329174,
			"interest": 11.77806303,
			"inflation": 10.47362056,
			"inflationq": 11.79131165,
			"inflationql": 11.6840965,
			"inflationql2": 11.59821676,
			"inflationqls": 44.58332856,
			"outputgap": 9.843851005,
			"output": 9.843851005,
			"ytildef": 9.720250717,
			"ytildeff": 9.317511114,
			"ytildel": 9.811683477,
			"ypsilonf": 0.5907026141,
			"ypsilonff": 0.5560280223,
			"z": 0.7186491874,
			"zl": 0.7119902132,
			"zll": 0.7067741686,
			"xl": 1613.26863,
			"xll": 1613.512806
		},