{
	"model": "US_MI07AL",
	"rule": "Model",
	"data": {
		"AC": {
			"i": [1,0.8556380566,0.8565272907,0.7395374289,0.7327526857,0.6300895496,0.62123743,0.5310553471,0.523379879,0.4484752298,0.4387999885,0.3716923787,0.3688103549,0.3179595405,0.3163110857,0.2712189728,0.2714780488,0.2336807154,0.2350666081,0.2069377043,0.2128937522],
			"pi": [1,0.07504068343,0.7006836322,0.0249669464,0.5582352718,-0.002460543587,0.4701703049,-0.01284499129,0.3964513415,-0.01464380162,0.3395818456,-0.02920480567,0.2899806506,-0.01624732296,0.2619502085,-0.003929437358,0.2438843365,0.005327260634,0.2185319046,0.01398634479,0.2083270572],
			"pi_tilde": [1,-0.2440558136,0.619591248,-0.1699428636,0.5448173838,-0.1177473193,0.4975387299,-0.07774479758,0.4551480434,-0.04039164021,0.4236673362,-0.02532932303,0.3910384829,0.01058354496,0.3663406447,0.02871341089,0.3483563625,0.04694831619,0.331502801,0.05892217142,0.3114342569],
			"x": [1,0.5761793887,0.8276630065,0.4855693313,0.6680591061,0.3586003932,0.5107060125,0.2402513304,0.3742317015,0.1505036168,0.2695805083,0.08034222528,0.193573767,0.03811569134,0.1438320482,0.0108994225,0.1114587655,0.004451644019,0.09828301644,0.00735040023,0.09633135946],
			"x_tilde": [1,0.08409141568,0.6905209902,0.03067000285,0.534428976,-0.02495630189,0.4198887292,-0.06477225884,0.333036856,-0.07051085016,0.2794550743,-0.06977133646,0.2480747745,-0.05384714789,0.2278090873,-0.03795815753,0.2164274696,-0.01763738839,0.2047424361,-0.000242959449,0.2072513227],
			"r_n": [1,0.7419573057,0.614734944,0.5139038125,0.4298711594,0.3550032805,0.288360896,0.2378981757,0.1956635005,0.1674639814,0.137394348,0.1224678769,0.1064335106,0.09481461358,0.08670984689,0.07150759407,0.05823450412,0.05415111236,0.04075749484,0.04471085246,0.04626804039],
			"u": [1,0.006170286031,0.009385518288,0.001896650203,0.002826695604,-0.004907794726,0.004448909471,-0.003431107164,-0.002249870123,-0.003677221336,0.007006119939,-0.02170446121,-0.004612033035,-0.0001110130393,0.003494188295,0.006975675765,-0.01154829744,0.01176776647,-0.003293221445,-0.009699714602,-0.0145294388],
			"interest": [1,0.8556380566,0.8565272907,0.7395374289,0.7327526857,0.6300895496,0.62123743,0.5310553471,0.523379879,0.4484752298,0.4387999885,0.3716923787,0.3688103549,0.3179595405,0.3163110857,0.2712189728,0.2714780488,0.2336807154,0.2350666081,0.2069377043,0.2128937522],
			"inflation": [1,0.7215524195,0.7599442374,0.5325326639,0.5625899566,0.3879244216,0.438585181,0.3024417445,0.3508962914,0.2425961197,0.2837022653,0.1878715634,0.2358307834,0.1667366546,0.2102246602,0.1513330462,0.1905445163,0.1362313118,0.1696058706,0.1298396931,0.1676588474],
			"inflationq": [1,0.07504068343,0.7006836322,0.0249669464,0.5582352718,-0.002460543587,0.4701703049,-0.01284499129,0.3964513415,-0.01464380162,0.3395818456,-0.02920480567,0.2899806506,-0.01624732296,0.2619502085,-0.003929437358,0.2438843365,0.005327260634,0.2185319046,0.01398634479,0.2083270572],
			"outputgap": [1,0.5761793887,0.8276630065,0.4855693313,0.6680591061,0.3586003932,0.5107060125,0.2402513304,0.3742317015,0.1505036168,0.2695805083,0.08034222528,0.193573767,0.03811569134,0.1438320482,0.0108994225,0.1114587655,0.004451644019,0.09828301644,0.00735040023,0.09633135946],
			"output": [1,0.5761793887,0.8276630065,0.4855693313,0.6680591061,0.3586003932,0.5107060125,0.2402513304,0.3742317015,0.1505036168,0.2695805083,0.08034222528,0.193573767,0.03811569134,0.1438320482,0.0108994225,0.1114587655,0.004451644019,0.09828301644,0.00735040023,0.09633135946],
			"inflationql": [1,0.819289739,0.6850255998,0.6004122789,0.5266015687,0.4795260521,0.4411046097,0.4036927506,0.374098433,0.3492255015,0.3191346039,0.2929770599,0.2816317844,0.2751186341,0.266457444,0.2606846893,0.2521129217,0.2416914059,0.2330384976,0.2290939671,0.2314545699],
			"inflationql2": [1,0.8700475647,0.7454545801,0.6319502015,0.5450433482,0.4844803717,0.4373658429,0.3987850776,0.3640955682,0.3336822168,0.3039065488,0.2800603899,0.2664692952,0.2576510227,0.2456577337,0.2386879337,0.2283685011,0.2190526291,0.2127113783,0.2101092762,0.2121987759],
			"inflationqls": [1,0.879670651,0.747172478,0.6407195183,0.5588492353,0.5014051448,0.4561335521,0.4171700196,0.3837172525,0.3542406972,0.3230361162,0.297972616,0.2843074857,0.2755222585,0.2651718086,0.258078852,0.2485731268,0.237734013,0.230534469,0.2267423207,0.22966255]
		},
		"VAR": {
			"i": 8.811119582,
			"pi": 15.51431807,
			"pi_tilde": 10.78438807,
			"x": 343.7409307,
			"x_tilde": 12.43709276,
			"r_n": 6.71981914,
			"u": 0.9958926114,
			"interest": 140.9779133,
			"inflation": 103.3609958,
			"inflationq": 248.229089,
			"outputgap": 343.7409307,
			"output": 343.7409307,
			"inflationql": 123.3138807,
			"inflationql2": 109.1368437,
			"inflationqls": 444.4168678
		},
		"IRF": {
			"interest_": {
				"i": [0,0.2489007708,0.2254627871,0.2032547143,0.1823073653,0.1626373061,0.1442473883,0.1271277098,0.1112569009,0.09660359682,0.083127986,0.0707833554,0.05951757513,0.04927448563,0.03999516306,0.0316190504,0.02408494905,0.01733187199,0.01129976357,0.005930093822,0.001166337067],
				"pi": [0,-0.000397029788,-0.001429670206,-0.002936614045,-0.004776437434,-0.006832429496,-0.009011570325,-0.01124069272,-0.01346311152,-0.01563574905,-0.01772670744,-0.01971322183,-0.02157993768,-0.02331746351,-0.02492115818,-0.02639011748,-0.02772633042,-0.0289339796,-0.03001886413,-0.03098792635,-0.03184886647],
				"pi_tilde": [0,-0.000397029788,-0.001078298844,-0.001671355913,-0.002177534004,-0.002605282367,-0.002964870221,-0.003265452985,-0.003515098461,-0.003720895358,-0.003889069528,-0.004025085749,-0.004133736353,-0.004219218663,-0.004285202973,-0.004334892498,-0.004371076447,-0.004396177177,-0.004412292186,-0.004421231594,-0.004424551652],
				"x": [0,-0.06088660677,-0.1074271772,-0.1418860538,-0.1659469562,-0.1811482066,-0.1888927679,-0.1904492019,-0.1869529187,-0.179410261,-0.1687047109,-0.15560454,-0.1407713458,-0.1247690435,-0.1080729853,-0.09107895836,-0.07411188454,-0.05743409267,-0.04125307987,-0.02572870942,-0.01097981894],
				"x_tilde": [0,-0.06551004847,-0.05995537888,-0.05479408882,-0.04990770986,-0.04529945058,-0.04097365065,-0.03693216901,-0.03317365711,-0.02969389791,-0.02648621243,-0.02354187214,-0.02085049512,-0.01840041612,-0.01617902501,-0.01417307045,-0.01236892759,-0.01075283009,-0.009311067794,-0.008030151885,-0.006896950122],
				"r_n": [0,-6.522825441e-18,-1.470096026e-17,-8.887749863e-18,-1.815742694e-17,2.25024796e-18,3.417601166e-17,9.443730923e-18,2.866277911e-17,7.142861718e-17,5.254790662e-17,5.633283987e-17,6.122506855e-17,4.038619812e-17,2.027630898e-17,1.130104185e-17,-1.157095679e-17,3.451939127e-19,-2.870827518e-19,-1.534077794e-17,-1.766456799e-17],
				"u": [0,2.676765559e-20,-1.230306488e-19,-1.111255081e-19,-4.284793062e-19,-2.288131835e-19,-1.624878972e-19,-2.027759259e-19,3.255835243e-19,1.226607834e-18,3.338069162e-18,-6.860635518e-19,-6.852006687e-19,2.756907778e-18,1.932053644e-19,-2.697910383e-18,-1.526805233e-18,1.717213172e-18,3.466358921e-18,-4.879881145e-18,7.493669568e-19],
				"interest": [0,0.9956030831,0.9018511485,0.8130188573,0.7292294613,0.6505492244,0.5769895533,0.5085108393,0.4450276038,0.3864143873,0.332511944,0.2831334216,0.2380703005,0.1970979425,0.1599806522,0.1264762016,0.0963397962,0.06932748797,0.04519905428,0.02372037529,0.004665348267],
				"inflation": [0,-0.000397029788,-0.001826699994,-0.004763314039,-0.009539751473,-0.01597515118,-0.0235570513,-0.03186112998,-0.04054780406,-0.04935112362,-0.05806626074,-0.06653878985,-0.074655616,-0.08233733046,-0.08953178119,-0.09620867684,-0.1023550696,-0.1079715857,-0.1130692916,-0.1176671005,-0.1217896366],
				"inflationq": [0,-0.001588119152,-0.005718680824,-0.01174645618,-0.01910574973,-0.02732971798,-0.0360462813,-0.04496277089,-0.05385244608,-0.06254299621,-0.07090682976,-0.07885288734,-0.0863197507,-0.09326985402,-0.09968463271,-0.1055604699,-0.1109053217,-0.1157359184,-0.1200754565,-0.1239517054,-0.1273954659],