{
	"model": "US_MI07",
	"rule": "CEE",
	"data": {
		"AC": {
			"i": [1,0.9762396495,0.9266243727,0.860036572,0.7838515484,0.7038567373,0.624346344,0.5483098676,0.4776591623,0.4134584741,0.3561364153,0.3056690906,0.2617304839,0.2238105857,0.1913042583,0.1635750675,0.1399986822,0.1199902753,0.103019898,0.08861919277,0.07638217533],
			"pi": [1,0.8619426874,0.7359882512,0.6264008472,0.531721792,0.4503781826,0.3808362251,0.321638095,0.2714274018,0.228965398,0.1931389886,0.1629620257,0.1375715017,0.1162201614,0.09826685986,0.08316574268,0.07045507709,0.05974633325,0.05071391693,0.04308579672,0.03663514592],
			"pi_tilde": [1,0.002671516389,-0.01844576454,-0.01906054314,-0.0185174681,-0.01742409455,-0.01598581081,-0.01436495551,-0.01268685885,-0.01104263683,-0.009493888969,-0.008078164051,-0.006814390104,-0.005707803195,-0.004754147287,-0.003943075189,-0.003260778566,-0.0026919297,-0.002221042792,-0.001833368056,-0.001515425582],
			"x": [1,0.9647388822,0.886526356,0.7858057788,0.6770445274,0.5699162053,0.4704022289,0.381754026,0.3052928908,0.2410474532,0.1882421938,0.1456572405,0.1118820227,0.08548487242,0.06511856007,0.04957886708,0.03783019092,0.02900919447,0.02241484585,0.01749093363,0.01380530668],
			"x_tilde": [1,0.6929051838,0.4527132198,0.2719320425,0.1412462141,0.05103506266,-0.007711638524,-0.04290478231,-0.0611581001,-0.06777782678,-0.06686360537,-0.06146666533,-0.05376882468,-0.04525914961,-0.03689481477,-0.02923952295,-0.02257739919,-0.01700312832,-0.01249072498,-0.008944085001,-0.006232659],
			"r_n": [1,0.87,0.7569,0.658503,0.57289761,0.4984209207,0.433626201,0.3772547949,0.3282116715,0.2855441542,0.2484234142,0.2161283703,0.1880316822,0.1635875635,0.1423211803,0.1238194268,0.1077229013,0.09371892416,0.08153546402,0.0709358537,0.06171419272],
			"u": [1,0.02,0.0004,8e-06,1.6e-07,3.2e-09,6.4e-11,1.28e-12,2.56e-14,5.12e-16,1.024e-17,2.048e-19,4.096e-21,8.192e-23,1.6384e-24,3.2768e-26,6.5536e-28,1.31072e-29,2.62144e-31,5.24288e-33,1.048576e-34],
			"interest": [1,0.9762396495,0.9266243727,0.860036572,0.7838515484,0.7038567373,0.624346344,0.5483098676,0.4776591623,0.4134584741,0.3561364153,0.3056690906,0.2617304839,0.2238105857,0.1913042583,0.1635750675,0.1399986822,0.1199902753,0.103019898,0.08861919277,0.07638217533],
			"inflation": [1,0.9649712883,0.8815369469,0.771536095,0.6563572969,0.5567363554,0.4713393723,0.3984685445,0.336525469,0.284040398,0.2396840082,0.202271234,0.1707589208,0.1442389345,0.1219282299,0.1031571522,0.08735698381,0.07404749994,0.06282506476,0.05335161314,0.0453447094],
			"inflationq": [1,0.8619426874,0.7359882512,0.6264008472,0.531721792,0.4503781826,0.3808362251,0.321638095,0.2714274018,0.228965398,0.1931389886,0.1629620257,0.1375715017,0.1162201614,0.09826685986,0.08316574268,0.07045507709,0.05974633325,0.05071391693,0.04308579672,0.03663514592],
			"outputgap": [1,0.9647388822,0.886526356,0.7858057788,0.6770445274,0.5699162053,0.4704022289,0.381754026,0.3052928908,0.2410474532,0.1882421938,0.1456572405,0.1118820227,0.08548487242,0.06511856007,0.04957886708,0.03783019092,0.02900919447,0.02241484585,0.01749093363,0.01380530668],
			"AUX_ENDO_LEAD_70": [1,0.855962801,0.7302440772,0.6212948423,0.5274140825,0.4469267138,0.3782266555,0.3198078908,0.2702854392,0.2284070561,0.1930571171,0.1632543945,0.1381454106,0.1169948713,0.09917443663,0.08415081081,0.07147388301,0.06076542188,0.05170864412,0.04403883082,0.03753505713],
			"AUX_ENDO_LEAD_74": [1,0.8551109659,0.7291676818,0.6203265559,0.5267529494,0.4466714772,0.3784037567,0.3203951706,0.2712311288,0.229644221,0.1945140617,0.1648616923,0.1398402527,0.1187233854,0.1008925446,0.08582409479,0.07307682921,0.06228032274,0.05312435893,0.04534954177,0.03873910708],
			"AUX_ENDO_LEAD_78": [1,0.8545655257,0.728518701,0.6198566272,0.5266216383,0.4469469208,0.3790902392,0.321455798,0.2726055106,0.2312615603,0.1963023038,0.1667534679,0.1417763392,0.1206543357,0.1027790327,0.08763642303,0.07479393777,0.06388855333,0.05461614853,0.04672216216,0.03999351977],
			"AUX_ENDO_LEAD_105": [1,0.9398001569,0.8478600569,0.7413212155,0.6320307304,0.5276616652,0.4327270496,0.3494465416,0.2784539184,0.2193516447,0.1711288725,0.1324638162,0.1019324221,0.07814401846,0.05982220064,0.04584627321,0.0352655769,0.02729625087,0.02130755348,0.01680284584,0.01339872793],
			"AUX_ENDO_LEAD_109": [1,0.9140015475,0.8080762573,0.6958092106,0.586253362,0.4849683761,0.3949305753,0.317290831,0.2519794297,0.1981700473,0.1546216694,0.1199196795,0.09263698684,0.07143413862,0.05511466682,0.04264898878,0.03317735792,0.02599982896,0.02055905146,0.01641995493,0.01324901892],
			"AUX_ENDO_LEAD_113": [1,0.8923594524,0.7749300644,0.6581652015,0.5486857132,0.4502319269,0.3644721955,0.2916591079,0.2311408182,0.1817439301,0.1420482917,0.1105746762,0.08590495709,0.06675196441,0.05199335853,0.04068100049,0.03203466081,0.02542662533,0.02036186467,0.01645693106,0.01341959427],
			"AUX_ENDO_LAG_9_1": [1,0.8619426874,0.7359882512,0.6264008472,0.531721792,0.4503781826,0.3808362251,0.321638095,0.2714274018,0.228965398,0.1931389886,0.1629620257,0.1375715017,0.1162201614,0.09826685986,0.08316574268,0.07045507709,0.05974633325,0.05071391693,0.04308579672,0.03663514592],
			"AUX_ENDO_LAG_9_2": [1,0.8619426874,0.7359882512,0.6264008472,0.531721792,0.4503781826,0.3808362251,0.321638095,0.2714274018,0.228965398,0.1931389886,0.1629620257,0.1375715017,0.1162201614,0.09826685986,0.08316574268,0.07045507709,0.05974633325,0.05071391693,0.04308579672,0.03663514592],
			"AUX_ENDO_LAG_10_1": [1,0.9647388822,0.886526356,0.7858057788,0.6770445274,0.5699162053,0.4704022289,0.381754026,0.3052928908,0.2410474532,0.1882421938,0.1456572405,0.1118820227,0.08548487242,0.06511856007,0.04957886708,0.03783019092,0.02900919447,0.02241484585,0.01749093363,0.01380530668],
			"AUX_ENDO_LAG_10_2": [1,0.9647388822,0.886526356,0.7858057788,0.6770445274,0.5699162053,0.4704022289,0.381754026,0.3052928908,0.2410474532,0.1882421938,0.1456572405,0.1118820227,0.08548487242,0.06511856007,0.04957886708,0.03783019092,0.02900919447,0.02241484585,0.01749093363,0.01380530668],
			"AUX_ENDO_LAG_10_3": [1,0.9647388822,0.886526356,0.7858057788,0.6770445274,0.5699162053,0.4704022289,0.381754026,0.3052928908,0.2410474532,0.1882421938,0.1456572405,0.1118820227,0.08548487242,0.06511856007,0.04957886708,0.03783019092,0.02900919447,0.02241484585,0.01749093363,0.01380530668],
			"AUX_ENDO_LAG_7_1": [1,0.9762396495,0.9266243727,0.860036572,0.7838515484,0.7038567373,0.624346344,0.5483098676,0.4776591623,0.4134584741,0.3561364153,0.3056690906,0.2617304839,0.2238105857,0.1913042583,0.1635750675,0.1399986822,0.1199902753,0.103019898,0.08861919277,0.07638217533],
			"AUX_ENDO_LAG_7_2": [1,0.9762396495,0.9266243727,0.860036572,0.7838515484,0.7038567373,0.624346344,0.5483098676,0.4776591623,0.4134584741,0.3561364153,0.3056690906,0.2617304839,0.2238105857,0.1913042583,0.1635750675,0.1399986822,0.1199902753,0.103019898,0.08861919277,0.07638217533],
			"AUX_ENDO_LAG_7_3": [1,0.9762396495,0.9266243727,0.860036572,0.7838515484,0.7038567373,0.624346344,0.5483098676,0.4776591623,0.4134584741,0.3561364153,0.3056690906,0.2617304839,0.2238105857,0.1913042583,0.1635750675,0.1399986822,0.1199902753,0.103019898,0.08861919277,0.07638217533],
			"AUX_ENDO_LAG_9_3": [1,0.8619426874,0.7359882512,0.6264008472,0.531721792,0.4503781826,0.3808362251,0.321638095,0.2714274018,0.228965398,0.1931389886,0.1629620257,0.1375715017,0.1162201614,0.09826685986,0.08316574268,0.07045507709,0.05974633325,0.05071391693,0.04308579672,0.03663514592]
		},
		"VAR": {
			"i": 6.414166479,
			"pi": 5.119339575,
			"pi_tilde": 1.318672473,
			"x": 355.3493424,
			"x_tilde": 4.981977516,
			"r_n": 11.47223365,
			"u": 1.323029212,
			"interest": 102.6266637,
			"inflation": 68.43743458,
			"inflationq": 81.9094332,
			"outputgap": 355.3493424,
			"AUX_ENDO_LEAD_70": 61.01262828,
			"AUX_ENDO_LEAD_74": 44.809369,
			"AUX_ENDO_LEAD_78": 32.83904609,
			"AUX_ENDO_LEAD_105": 341.1539132,
			"AUX_ENDO_LEAD_109": 306.2694918,