{
	"model": "US_MI07AL",
	"rule": "GR",
	"data": {
		"AC": {
			"i": [1,0.9700067496,0.9121857339,0.8344961567,0.7466131425,0.657080105,0.5708271396,0.4909905075,0.4190527195,0.3551340745,0.2990612094,0.2512476625,0.2108514079,0.1771113646,0.1486801932,0.1257705807,0.1075174419,0.09403859161,0.08435494385,0.07724858267,0.07329018453],
			"pi": [1,0.8683724515,0.7426091964,0.6331408543,0.5408651627,0.4634830838,0.3985813781,0.3448250205,0.2985982711,0.2591502314,0.2228591835,0.1896014116,0.169159173,0.154024141,0.1396809389,0.1247394835,0.1102239901,0.1007544066,0.09312398065,0.084926163,0.08320167858],
			"pi_tilde": [1,0.08684399364,0.03171187811,0.01174381149,0.01148498226,0.01145024345,0.01443229896,0.01462786657,0.01076267382,0.02097407549,0.02022949365,-0.01723415041,-0.001075531571,0.009935269214,0.01980821439,0.01442269565,0.008295630108,0.01486658574,0.006022654318,-0.008451673102,0.005339885938],
			"x": [1,0.9564527624,0.877453681,0.7791291427,0.673788776,0.5704281868,0.4747310121,0.390124292,0.3187593691,0.2595385332,0.21075484,0.1731571799,0.1448013082,0.1234309159,0.1057483701,0.09031005451,0.07598220088,0.06529698967,0.05772975821,0.05131816345,0.04885900686],
			"x_tilde": [1,0.757389714,0.5317017769,0.3454287785,0.1985300071,0.08699832199,0.004744911276,-0.04952684526,-0.08086689422,-0.09216355284,-0.09644068796,-0.08745508931,-0.07750103628,-0.06841103484,-0.05490610012,-0.05102205423,-0.0459628125,-0.04452309952,-0.05106233806,-0.0444032108,-0.04082920626],
			"r_n": [1,0.8602690528,0.7367244612,0.6279469172,0.5298777719,0.4432044725,0.3666018705,0.3023456403,0.2489751558,0.2068842166,0.1679533369,0.1378966876,0.1112430982,0.08697894741,0.07048660298,0.05286266078,0.04103306506,0.03268271129,0.02274611612,0.02309630817,0.02231612388],
			"u": [1,0.01083148402,0.001847285644,-0.01112914992,-0.002066553474,-0.004585589775,3.041675158e-05,-0.002036153219,-0.006678969005,-0.0004245910651,0.005880361201,-0.03021706912,-0.0134578707,-0.003895414303,0.005657806348,0.004097963383,-0.002885373258,0.003912583895,-0.007045531111,-0.02328980171,-0.006055151357],
			"interest": [1,0.9700067496,0.9121857339,0.8344961567,0.7466131425,0.657080105,0.5708271396,0.4909905075,0.4190527195,0.3551340745,0.2990612094,0.2512476625,0.2108514079,0.1771113646,0.1486801932,0.1257705807,0.1075174419,0.09403859161,0.08435494385,0.07724858267,0.07329018453],
			"inflation": [1,0.9515343253,0.8606095085,0.747827163,0.6340390572,0.5377429714,0.4569524592,0.3893570123,0.3331278716,0.2857882047,0.2451161676,0.212185318,0.1863052427,0.1653806038,0.1470624034,0.1316443799,0.1173059139,0.1065219871,0.09873135261,0.09214053991,0.0896935893],
			"inflationq": [1,0.8683724515,0.7426091964,0.6331408543,0.5408651627,0.4634830838,0.3985813781,0.3448250205,0.2985982711,0.2591502314,0.2228591835,0.1896014116,0.169159173,0.154024141,0.1396809389,0.1247394835,0.1102239901,0.1007544066,0.09312398065,0.084926163,0.08320167858],
			"outputgap": [1,0.9564527624,0.877453681,0.7791291427,0.673788776,0.5704281868,0.4747310121,0.390124292,0.3187593691,0.2595385332,0.21075484,0.1731571799,0.1448013082,0.1234309159,0.1057483701,0.09031005451,0.07598220088,0.06529698967,0.05772975821,0.05131816345,0.04885900686],
			"output": [1,0.9564527624,0.877453681,0.7791291427,0.673788776,0.5704281868,0.4747310121,0.390124292,0.3187593691,0.2595385332,0.21075484,0.1731571799,0.1448013082,0.1234309159,0.1057483701,0.09031005451,0.07598220088,0.06529698967,0.05772975821,0.05131816345,0.04885900686],
			"inflationql": [1,0.8690710808,0.7403081072,0.6287159686,0.5337046387,0.4552993907,0.3894304261,0.3349852063,0.2897116431,0.2497051106,0.2133312798,0.1812528822,0.1602757979,0.1457027138,0.1315501997,0.1178042838,0.104217599,0.09494416379,0.08566796633,0.07873423544,0.07855278703],
			"inflationql2": [1,0.8700224697,0.7413586995,0.6261392869,0.529101959,0.449200756,0.3821994428,0.3272458953,0.2810147346,0.2421896412,0.2066407733,0.174570633,0.1541652943,0.1388508604,0.1256349593,0.1121327899,0.09972581707,0.0906478498,0.08108996339,0.07389999025,0.07433354899],
			"inflationqls": [1,0.9225838799,0.7882226721,0.6673693824,0.5648055435,0.4797891198,0.4089359535,0.349872016,0.3012963249,0.2589649761,0.2205195973,0.1891406922,0.1660641496,0.149413361,0.1344714142,0.1204031443,0.1073756975,0.09694204634,0.08795504555,0.08139632141,0.08081242572]
		},
		"VAR": {
			"i": 12.12796714,
			"pi": 7.345035815,
			"pi_tilde": 1.389044241,
			"x": 890.2888096,
			"x_tilde": 6.274702385,
			"r_n": 10.76834667,
			"u": 1.287676973,
			"interest": 194.0474742,
			"inflation": 98.90087638,
			"inflationq": 117.520573,
			"outputgap": 890.2888096,
			"output": 890.2888096,
			"inflationql": 114.2997433,
			"inflationql2": 111.7597726,
			"inflationqls": 429.268763
		},
		"IRF": {
			"interest_": {
				"i": [0,0.2486840235,0.1618114697,0.1043000897,0.06624233292,0.0410464927,0.02437250321,0.01335703212,0.006106006353,0.001362828034,-0.001708581577,-0.003666008775,-0.004882456904,-0.00560782412,-0.006009725811,-0.006200611607,-0.006255845494,-0.006225805729,-0.006144012007,-0.006032602831,-0.005906038162],
				"pi": [0,-0.0003105055487,-0.001008630002,-0.001850036713,-0.002690310507,-0.00345284051,-0.00410409034,-0.004635444043,-0.005051878278,-0.005365062888,-0.005589280437,-0.005739108154,-0.0058281859,-0.005868640048,-0.005870892011,-0.005843682203,-0.00579420543,-0.005728295198,-0.005650620584,-0.005564875614,-0.005473951076],
				"pi_tilde": [0,-0.0003105055487,-0.0007338325909,-0.0009573991618,-0.001053028016,-0.001071915712,-0.001048326488,-0.001003324093,-0.0009495102996,-0.0008941506125,-0.0008411997808,-0.0007925949668,-0.0007490751843,-0.0007106955262,-0.0006771455683,-0.0006479427737,-0.0006225466804,-0.0006004233919,-0.0005810793337,-0.0005640763977,-0.0005490361577],
				"x": [0,-0.05291047657,-0.07238502505,-0.07241463774,-0.06166582415,-0.04564072794,-0.0277533924,-0.010043176,0.006347511411,0.02085193456,0.03326391279,0.04359483484,0.05197966263,0.05861611896,0.0637262489,0.06753295797,0.07024647026,0.07205725804,0.07313310169,0.07361870148,0.07363678759],
				"x_tilde": [0,-0.06237599849,-0.03837342798,-0.02280861091,-0.01269841643,-0.006189972394,-0.002058416018,0.0005091197329,0.002053143152,0.002932988485,0.003387190408,0.003573606565,0.00359616706,0.003522757499,0.003397202881,0.003247313019,0.003090289786,0.002936361764,0.00279122471,0.002657675834,0.002536703117],
				"r_n": [0,-3.176976255e-18,-2.792306227e-18,-2.336743636e-18,-3.921967507e-18,-6.713284759e-18,-6.252613431e-18,-4.765745884e-18,-3.668267534e-18,-3.888966817e-18,-3.079229405e-18,-4.868550508e-18,-3.958315939e-18,-5.931866257e-18,-7.876938558e-18,-2.938338905e-18,-7.268934407e-18,-7.854213555e-18,-7.469287499e-18,-1.078956083e-17,-1.371433777e-17],
				"u": [0,0,-4.790796889e-20,3.01778364e-19,5.193565346e-19,-3.0964296e-19,-4.678311632e-19,4.615938579e-19,2.321538919e-19,-1.065866089e-18,2.280556654e-19,-1.9158973e-19,1.955444154e-19,3.067200682e-19,1.381540558e-18,-1.170269582e-19,5.169697128e-19,1.129123273e-18,8.364306517e-19,5.528391848e-19,-1.730640311e-19],
				"interest": [0,0.9947360938,0.6472458787,0.4172003588,0.2649693317,0.1641859708,0.09749001282,0.0534281285,0.02442402541,0.005451312136,-0.006834326309,-0.0146640351,-0.01952982762,-0.02243129648,-0.02403890324,-0.02480244643,-0.02502338198,-0.02490322292,-0.02457604803,-0.02413041132,-0.02362415265],
				"inflation": [0,-0.0003105055487,-0.00131913555,-0.003169172263,-0.00585948277,-0.009001817732,-0.01209727807,-0.0148826854,-0.01724425317,-0.01915647555,-0.02064166565,-0.02174532976,-0.02252163738,-0.02302521454,-0.02330682611,-0.02341140016,-0.02337741969,-0.02323707484,-0.02301680341,-0.02273799683,-0.02241774247],