{
	"model": "US_MI07AL",
	"rule": "SW",
	"data": {
		"AC": {
			"i": [1,0.897250325,0.847014167,0.7661108933,0.7029770861,0.6175787051,0.5550088017,0.4773788739,0.4209810243,0.3576416683,0.3112228507,0.263878134,0.231675635,0.1926964759,0.1694524738,0.1494519867,0.1308591276,0.1113218919,0.1036738963,0.09215945892,0.08344048136],
			"pi": [1,0.7646199697,0.6706332171,0.5562534237,0.4961993785,0.4092739326,0.3627633809,0.2990590574,0.2647071981,0.212888612,0.1797664795,0.1399292501,0.1152272096,0.08855105702,0.0772216158,0.06626165662,0.05897751566,0.0428009399,0.0406763254,0.03340625356,0.03009899106],
			"pi_tilde": [1,0.07684277656,0.1372756073,0.07494478085,0.113810537,0.0822565542,0.1077063777,0.0790276217,0.09654959687,0.08431099438,0.1023507953,0.05906758612,0.07818368998,0.06704073807,0.08237140816,0.08012181198,0.08978937741,0.07807517316,0.08172489084,0.06329428357,0.0674828634],
			"x": [1,0.9669323952,0.9194755376,0.8497917083,0.775552842,0.6930212369,0.6152969461,0.5367551295,0.4659398855,0.3975899382,0.3370132831,0.2819697795,0.2363044245,0.1953090871,0.1624044682,0.1350815664,0.1126016978,0.09428787958,0.08147804856,0.07203329757,0.06596832848],
			"x_tilde": [1,0.6710146842,0.5487587881,0.3832434963,0.3091621722,0.2120799998,0.1753513172,0.1099710722,0.0953022902,0.05999381896,0.0455753957,0.02822207515,0.02434230962,0.01228841801,0.02067063241,0.02111601991,0.0307934717,0.02498507372,0.02968928809,0.03036482247,0.03258769907],
			"r_n": [1,0.8477098384,0.7203317901,0.6109857498,0.5136592856,0.428323759,0.35422512,0.2931409948,0.2406450916,0.2002277642,0.1633353693,0.1351970838,0.1096765358,0.08753605909,0.073817183,0.0590188248,0.05016590924,0.04478961251,0.03653655691,0.03721289099,0.03886070226],
			"u": [1,0.009848998444,0.001197928632,-0.008850611259,-0.003794698902,-0.0007318914758,-4.909448764e-06,-0.001287985903,-0.00932167723,-0.00187616244,0.01047320684,-0.02706094142,-0.0110885743,-0.007229936886,0.003891689227,0.002945155988,-0.004745535936,0.002995001541,-0.006176199053,-0.02082382789,-0.003753717464],
			"interest": [1,0.897250325,0.847014167,0.7661108933,0.7029770861,0.6175787051,0.5550088017,0.4773788739,0.4209810243,0.3576416683,0.3112228507,0.263878134,0.231675635,0.1926964759,0.1694524738,0.1494519867,0.1308591276,0.1113218919,0.1036738963,0.09215945892,0.08344048136],
			"inflation": [1,0.9175560578,0.8175808258,0.703020712,0.5968352565,0.5036283974,0.4272036372,0.358741204,0.3000638981,0.2429380694,0.1932211449,0.1505796153,0.1176298751,0.08979981855,0.0694983175,0.0551750629,0.04361870216,0.02945177975,0.02153336938,0.01657163218,0.01299762618],
			"inflationq": [1,0.7646199697,0.6706332171,0.5562534237,0.4961993785,0.4092739326,0.3627633809,0.2990590574,0.2647071981,0.212888612,0.1797664795,0.1399292501,0.1152272096,0.08855105702,0.0772216158,0.06626165662,0.05897751566,0.0428009399,0.0406763254,0.03340625356,0.03009899106],
			"outputgap": [1,0.9669323952,0.9194755376,0.8497917083,0.775552842,0.6930212369,0.6152969461,0.5367551295,0.4659398855,0.3975899382,0.3370132831,0.2819697795,0.2363044245,0.1953090871,0.1624044682,0.1350815664,0.1126016978,0.09428787958,0.08147804856,0.07203329757,0.06596832848],
			"output": [1,0.9669323952,0.9194755376,0.8497917083,0.775552842,0.6930212369,0.6152969461,0.5367551295,0.4659398855,0.3975899382,0.3370132831,0.2819697795,0.2363044245,0.1953090871,0.1624044682,0.1350815664,0.1126016978,0.09428787958,0.08147804856,0.07203329757,0.06596832848],
			"inflationql": [1,0.8310211718,0.6869700819,0.5836426894,0.4981248292,0.4275063443,0.3636079186,0.3106998161,0.2627645379,0.2163052272,0.1722261971,0.1319278775,0.1044126497,0.08169448567,0.06513359377,0.05554888184,0.04387615101,0.03202866616,0.02415741498,0.01764653205,0.01524711218],
			"inflationql2": [1,0.8562401776,0.7207407328,0.6019362727,0.5105338179,0.4370970816,0.3741779014,0.3187933159,0.2676449314,0.2208461256,0.1751691239,0.1331805108,0.1055335713,0.08468416404,0.06904346239,0.05637321607,0.04575944396,0.03553077252,0.02419226676,0.01659755587,0.0139903763],
			"inflationqls": [1,0.8986574063,0.7516429956,0.6306805617,0.5364293985,0.4580379049,0.390416394,0.3315841372,0.2791757796,0.2288166378,0.1808821097,0.1396968881,0.1096759578,0.08614988262,0.0689476733,0.05668705255,0.0461245753,0.0335467195,0.02380492502,0.01804224208,0.0147772027]
		},
		"VAR": {
			"i": 15.89844002,
			"pi": 8.326979273,
			"pi_tilde": 2.037760997,
			"x": 392.857364,
			"x_tilde": 2.393226265,
			"r_n": 10.21904207,
			"u": 1.257320447,
			"interest": 254.3750403,
			"inflation": 103.4841957,
			"inflationq": 133.2316684,
			"outputgap": 392.857364,
			"output": 392.857364,
			"inflationql": 121.1710124,
			"inflationql2": 116.3822858,
			"inflationqls": 450.4557005
		},
		"IRF": {
			"interest_": {
				"i": [0,0.2349281907,0.1787376583,0.135718067,0.1027198976,0.07735846224,0.05782578646,0.04274967423,0.03108751473,0.02204610113,0.01502107641,0.009551192101,0.005283746804,0.001948462698,-0.0006622689983,-0.002708335037,-0.004313217676,-0.005572571628,-0.006560731018,-0.007335652315,-0.007942674912],
				"pi": [0,-0.0006342833568,-0.001970740201,-0.003655286573,-0.005443583054,-0.007176461395,-0.008757125928,-0.01013269752,-0.01128057864,-0.01219847195,-0.01289714152,-0.01339522197,-0.01371555062,-0.01388262638,-0.01392089693,-0.01385364996,-0.01370234013,-0.01348622631,-0.01322222553,-0.0129249146,-0.01260662878],
				"pi_tilde": [0,-0.0006342833568,-0.00140939943,-0.001911181495,-0.002208654437,-0.002358890392,-0.002405957594,-0.00238264107,-0.002313141335,-0.002215159857,-0.002101493842,-0.001981251725,-0.001860779181,-0.001744364079,-0.001634772586,-0.001533656173,-0.001441859917,-0.001359655298,-0.001286915242,-0.00122324501,-0.00116807936],
				"x": [0,-0.06140801611,-0.102135684,-0.1269320982,-0.1394310492,-0.1425769357,-0.1387505834,-0.1298683633,-0.1174631834,-0.1027515987,-0.08668960247,-0.07001911602,-0.0533067805,-0.03697634908,-0.02133573138,-0.00659955388,0.007092050961,0.01965783387,0.03106249978,0.04130604297,0.05041499311],
				"x_tilde": [0,-0.06172291827,-0.04724593387,-0.03616485875,-0.02761448543,-0.02100182599,-0.01587712109,-0.01189787133,-0.008802618913,-0.006391372255,-0.004510816987,-0.003043133719,-0.001897537277,-0.001003870343,-0.0003077482483,0.0002331247068,0.000651753804,0.0009739833649,0.001220120105,0.001406173351,0.001544804925],
				"r_n": [0,3.424382308e-18,1.425667498e-17,2.111657221e-17,3.048000243e-17,4.203054115e-17,5.390585617e-17,4.35483663e-17,5.39614364e-17,4.537895087e-17,3.401575649e-17,3.927405657e-17,3.285188611e-17,3.201790146e-17,2.90757736e-17,2.454134203e-17,2.360873055e-17,2.191167147e-17,1.978127209e-17,1.240974103e-17,1.176378616e-17],
				"u": [0,-1.162789467e-19,-4.881150031e-20,3.878431935e-19,-8.238786392e-19,-1.823307523e-20,-2.058453329e-18,2.38157756e-19,-9.153067103e-19,3.362227965e-19,-9.142638968e-19,1.363535567e-18,-2.179446633e-19,-1.710005319e-18,1.340984017e-19,5.286580132e-19,2.789901298e-18,2.31949958e-18,-1.350967264e-18,1.329645419e-18,3.873844948e-19],
				"interest": [0,0.9397127627,0.7149506331,0.5428722682,0.4108795903,0.309433849,0.2313031459,0.1709986969,0.1243500589,0.08818440451,0.06008430562,0.0382047684,0.02113498721,0.007793850793,-0.002649075993,-0.01083334015,-0.01725287071,-0.02229028651,-0.02624292407,-0.02934260926,-0.03177069965],
				"inflation": [0,-0.0006342833568,-0.002605023557,-0.00626031013,-0.01170389318,-0.01824607122,-0.02503245695,-0.03150986789,-0.03734686348,-0.04236887403,-0.04650888962,-0.04977141408,-0.05220638606,-0.05389054049,-0.05491429591,-0.0553727239,-0.0553595134,-0.05496311334,-0.05426444193,-0.05333570658,-0.05223999523],