{
	"model": "US_MI07",
	"rule": "CMR",
	"data": {
		"AC": {
			"i": [1,0.9716248289,0.9141214728,0.8379651896,0.7514437325,0.6609449631,0.5712325216,0.4857055526,0.4066390726,0.3354023136,0.2726533064,0.2185089278,0.1726905235,0.1346459697,0.1036496404,0.0788821744,0.05949221774,0.04464245107,0.03354223654,0.02546914416,0.01978147712],
			"pi": [1,0.8024086667,0.6230446498,0.4695661036,0.3408680403,0.2351707999,0.1503334613,0.08400210967,0.03373754879,-0.00287853598,-0.02816017918,-0.04425585677,-0.05310743685,-0.05642674117,-0.05568676104,-0.0521245178,-0.0467526998,-0.04037747715,-0.03362023648,-0.02694135007,-0.02066446639],
			"pi_tilde": [1,-0.01520634566,-0.04041439534,-0.04331233118,-0.04366232078,-0.04229339081,-0.0396450645,-0.03611450834,-0.03204945196,-0.0277413582,-0.02342395595,-0.01927561714,-0.01542424595,-0.01195363274,-0.008910473537,-0.006311466658,-0.004150073517,-0.002402672704,-0.001033949738,-1.451788319e-06,0.0007406986549],
			"x": [1,0.9747913739,0.9133058515,0.8277142289,0.7281404167,0.6227114806,0.5176956379,0.4176958434,0.3258732779,0.2441809955,0.1735931662,0.114319727,0.06599987144,0.02787070927,-0.001090318636,-0.02204900228,-0.03622243656,-0.04480935453,-0.0489400088,-0.04964269036,-0.0478239716],
			"x_tilde": [1,0.7993249997,0.6164494666,0.4549686982,0.3165241215,0.2012497377,0.1081726325,0.03555715279,-0.01880831385,-0.05737991158,-0.08267811698,-0.09715333676,-0.1030911841,-0.1025511066,-0.09733218911,-0.08896035564,-0.07869175951,-0.06752780873,-0.05623796482,-0.04538713981,-0.03536516368],
			"r_n": [1,0.87,0.7569,0.658503,0.57289761,0.4984209207,0.433626201,0.3772547949,0.3282116715,0.2855441542,0.2484234142,0.2161283703,0.1880316822,0.1635875635,0.1423211803,0.1238194268,0.1077229013,0.09371892416,0.08153546402,0.0709358537,0.06171419272],
			"u": [1,0.02,0.0004,8e-06,1.6e-07,3.2e-09,6.4e-11,1.28e-12,2.56e-14,5.12e-16,1.024e-17,2.048e-19,4.096e-21,8.192e-23,1.6384e-24,3.2768e-26,6.5536e-28,1.31072e-29,2.62144e-31,5.24288e-33,1.048576e-34],
			"interest": [1,0.9716248289,0.9141214728,0.8379651896,0.7514437325,0.6609449631,0.5712325216,0.4857055526,0.4066390726,0.3354023136,0.2726533064,0.2185089278,0.1726905235,0.1346459697,0.1036496404,0.0788821744,0.05949221774,0.04464245107,0.03354223654,0.02546914416,0.01978147712],
			"inflation": [1,0.9461746916,0.8188480061,0.6529193,0.4826853144,0.3411960852,0.2265886873,0.136007359,0.06643787213,0.01485709776,-0.02165714842,-0.04584328887,-0.0601983304,-0.06694259879,-0.06800347528,-0.06501453411,-0.05932655089,-0.05202711262,-0.04396593731,-0.03578344679,-0.02794058793],
			"inflationq": [1,0.8024086667,0.6230446498,0.4695661036,0.3408680403,0.2351707999,0.1503334613,0.08400210967,0.03373754879,-0.00287853598,-0.02816017918,-0.04425585677,-0.05310743685,-0.05642674117,-0.05568676104,-0.0521245178,-0.0467526998,-0.04037747715,-0.03362023648,-0.02694135007,-0.02066446639],
			"outputgap": [1,0.9747913739,0.9133058515,0.8277142289,0.7281404167,0.6227114806,0.5176956379,0.4176958434,0.3258732779,0.2441809955,0.1735931662,0.114319727,0.06599987144,0.02787070927,-0.001090318636,-0.02204900228,-0.03622243656,-0.04480935453,-0.0489400088,-0.04964269036,-0.0478239716],
			"AUX_ENDO_LEAD_70": [1,0.8035448554,0.6309284335,0.482179823,0.3564357484,0.2522768103,0.1678835278,0.101180726,0.04996587111,0.01201713742,-0.01482034832,-0.03256972431,-0.04307744486,-0.04798577602,-0.04871996947,-0.04648725287,-0.04228487754,-0.03691469703,-0.03100205982,-0.02501714576,-0.019297228],
			"AUX_ENDO_LEAD_74": [1,0.8182329386,0.655639572,0.5129989512,0.3902849486,0.2868134963,0.2013949303,0.1324818137,0.07830352063,0.03698251958,0.006630082042,-0.01457885291,-0.02835055446,-0.03623514117,-0.03960452876,-0.0396430333,-0.03734799715,-0.03353796718,-0.02886620866,-0.02383764199,-0.01882761153],
			"AUX_ENDO_LEAD_78": [1,0.8376674572,0.6878851662,0.5527866861,0.4335384052,0.3304829535,0.2432968009,0.171147464,0.1128404664,0.06694996411,0.0319298343,0.006204170195,-0.0117623524,-0.02341274566,-0.03006249998,-0.03287845707,-0.03286923892,-0.03088478108,-0.02762270434,-0.02363951344,-0.01936490046],
			"AUX_ENDO_LEAD_105": [1,0.9588878222,0.8865749891,0.7943578973,0.6915267968,0.5854440334,0.4816992564,0.384311434,0.2959540002,0.2181851732,0.1516704024,0.09638802823,0.05181260978,0.0170730493,-0.00891530313,-0.02734387361,-0.03942767533,-0.04634329595,-0.04918528624,-0.04893804726,-0.0464603614],
			"AUX_ENDO_LEAD_109": [1,0.9387587047,0.8527037894,0.7520457877,0.6450337306,0.5380707939,0.435892664,0.3417813159,0.2577931199,0.184985608,0.123631822,0.07341496317,0.03359911882,0.003174231358,-0.01902473515,-0.03422318639,-0.04363474233,-0.04840891369,-0.04959574615,-0.04812453215,-0.04479380511],
			"AUX_ENDO_LEAD_113": [1,0.9185671317,0.8187038316,0.7095443369,0.5983019012,0.4904230068,0.3897898049,0.2989463638,0.2193302758,0.1514962705,0.09532274946,0.0501956206,0.01516654979,-0.01091515618,-0.0292962902,-0.04123730203,-0.04795119423,-0.05056091804,-0.05007230989,-0.04735966711,-0.04316124421],
			"AUX_ENDO_LAG_9_1": [1,0.8024086667,0.6230446498,0.4695661036,0.3408680403,0.2351707999,0.1503334613,0.08400210967,0.03373754879,-0.00287853598,-0.02816017918,-0.04425585677,-0.05310743685,-0.05642674117,-0.05568676104,-0.0521245178,-0.0467526998,-0.04037747715,-0.03362023648,-0.02694135007,-0.02066446639],
			"AUX_ENDO_LAG_9_2": [1,0.8024086667,0.6230446498,0.4695661036,0.3408680403,0.2351707999,0.1503334613,0.08400210967,0.03373754879,-0.00287853598,-0.02816017918,-0.04425585677,-0.05310743685,-0.05642674117,-0.05568676104,-0.0521245178,-0.0467526998,-0.04037747715,-0.03362023648,-0.02694135007,-0.02066446639],
			"AUX_ENDO_LAG_10_1": [1,0.9747913739,0.9133058515,0.8277142289,0.7281404167,0.6227114806,0.5176956379,0.4176958434,0.3258732779,0.2441809955,0.1735931662,0.114319727,0.06599987144,0.02787070927,-0.001090318636,-0.02204900228,-0.03622243656,-0.04480935453,-0.0489400088,-0.04964269036,-0.0478239716],
			"AUX_ENDO_LAG_10_2": [1,0.9747913739,0.9133058515,0.8277142289,0.7281404167,0.6227114806,0.5176956379,0.4176958434,0.3258732779,0.2441809955,0.1735931662,0.114319727,0.06599987144,0.02787070927,-0.001090318636,-0.02204900228,-0.03622243656,-0.04480935453,-0.0489400088,-0.04964269036,-0.0478239716],
			"AUX_ENDO_LAG_10_3": [1,0.9747913739,0.9133058515,0.8277142289,0.7281404167,0.6227114806,0.5176956379,0.4176958434,0.3258732779,0.2441809955,0.1735931662,0.114319727,0.06599987144,0.02787070927,-0.001090318636,-0.02204900228,-0.03622243656,-0.04480935453,-0.0489400088,-0.04964269036,-0.0478239716],
			"AUX_ENDO_LAG_7_1": [1,0.9716248289,0.9141214728,0.8379651896,0.7514437325,0.6609449631,0.5712325216,0.4857055526,0.4066390726,0.3354023136,0.2726533064,0.2185089278,0.1726905235,0.1346459697,0.1036496404,0.0788821744,0.05949221774,0.04464245107,0.03354223654,0.02546914416,0.01978147712],
			"AUX_ENDO_LAG_7_2": [1,0.9716248289,0.9141214728,0.8379651896,0.7514437325,0.6609449631,0.5712325216,0.4857055526,0.4066390726,0.3354023136,0.2726533064,0.2185089278,0.1726905235,0.1346459697,0.1036496404,0.0788821744,0.05949221774,0.04464245107,0.03354223654,0.02546914416,0.01978147712],
			"AUX_ENDO_LAG_7_3": [1,0.9716248289,0.9141214728,0.8379651896,0.7514437325,0.6609449631,0.5712325216,0.4857055526,0.4066390726,0.3354023136,0.2726533064,0.2185089278,0.1726905235,0.1346459697,0.1036496404,0.0788821744,0.05949221774,0.04464245107,0.03354223654,0.02546914416,0.01978147712],
			"AUX_ENDO_LAG_9_3": [1,0.8024086667,0.6230446498,0.4695661036,0.3408680403,0.2351707999,0.1503334613,0.08400210967,0.03373754879,-0.00287853598,-0.02816017918,-0.04425585677,-0.05310743685,-0.05642674117,-0.05568676104,-0.0521245178,-0.0467526998,-0.04037747715,-0.03362023648,-0.02694135007,-0.02066446639]
		},
		"VAR": {
			"i": 4.841184973,
			"pi": 3.284538167,
			"pi_tilde": 1.192161425,
			"x": 2442.914705,
			"x_tilde": 15.35473394,
			"r_n": 11.47223365,
			"u": 1.323029212,
			"interest": 77.45895957,
			"inflation": 40.22167532,