{
	"model": "US_MI07",
	"rule": "OW08",
	"data": {
		"AC": {
			"i": [1,0.8779385359,0.771881418,0.678097639,0.5953110624,0.5223234373,0.4580442446,0.4014875745,0.3517665265,0.3080865188,0.2697380873,0.2360895606,0.2065798715,0.1807116747,0.1580448726,0.1381906045,0.1208057228,0.105587757,0.09227035136,0.08061915389,0.07042812605],
			"pi": [1,0.866324006,0.7455631682,0.6410648265,0.5508633514,0.47310618,0.4061502344,0.3485483899,0.2990321907,0.2564941428,0.2199704299,0.1886245481,0.1617321375,0.138667146,0.1188893562,0.1019332488,0.08739813165,0.07493944296,0.06426112767,0.05510898032,0.04726485205],
			"pi_tilde": [1,0.0001089601275,-0.01814117084,-0.01670984029,-0.01492222063,-0.01321793103,-0.01163601289,-0.01019184326,-0.008889843951,-0.00772741402,-0.006697599942,-0.005790952785,-0.004996800802,-0.004304102926,-0.003702003988,-0.003180179662,-0.002729034945,-0.002339802217,-0.002004571894,-0.001716279181,-0.001468663505],
			"x": [1,0.9746325238,0.9185078206,0.8454136612,0.764686363,0.6824905039,0.6027507732,0.5278274121,0.4590034149,0.3968338896,0.3413947796,0.2924583617,0.2496156879,0.2123607716,0.1801473566,0.1524261786,0.1286684736,0.1083799009,0.09110788533,0.07644453072,0.06402663384],
			"x_tilde": [1,0.691408281,0.4704118459,0.3126451044,0.2009617402,0.1227210943,0.06863713777,0.03190481803,0.007551216003,-0.008045694278,-0.01751365582,-0.02275011732,-0.02511742899,-0.02558697844,-0.02484545784,-0.02337307081,-0.02150096787,-0.01945332439,-0.0173780789,-0.01536931177,-0.01348347233],
			"r_n": [1,0.87,0.7569,0.658503,0.57289761,0.4984209207,0.433626201,0.3772547949,0.3282116715,0.2855441542,0.2484234142,0.2161283703,0.1880316822,0.1635875635,0.1423211803,0.1238194268,0.1077229013,0.09371892416,0.08153546402,0.0709358537,0.06171419272],
			"u": [1,0.02,0.0004,8e-06,1.6e-07,3.2e-09,6.4e-11,1.28e-12,2.56e-14,5.12e-16,1.024e-17,2.048e-19,4.096e-21,8.192e-23,1.6384e-24,3.2768e-26,6.5536e-28,1.31072e-29,2.62144e-31,5.24288e-33,1.048576e-34],
			"interest": [1,0.8779385359,0.771881418,0.678097639,0.5953110624,0.5223234373,0.4580442446,0.4014875745,0.3517665265,0.3080865188,0.2697380873,0.2360895606,0.2065798715,0.1807116747,0.1580448726,0.1381906045,0.1208057228,0.105587757,0.09227035136,0.08061915389,0.07042812605],
			"inflation": [1,0.9666375159,0.8873337147,0.7828178569,0.6733060381,0.5784503406,0.4967131624,0.4263583505,0.3658526978,0.3138545722,0.2691943344,0.2308553467,0.1979561722,0.1697342019,0.145530801,0.1247779809,0.1069865384,0.09173557253,0.07866327049,0.06745884416,0.05785550056],
			"inflationq": [1,0.866324006,0.7455631682,0.6410648265,0.5508633514,0.47310618,0.4061502344,0.3485483899,0.2990321907,0.2564941428,0.2199704299,0.1886245481,0.1617321375,0.138667146,0.1188893562,0.1019332488,0.08739813165,0.07493944296,0.06426112767,0.05510898032,0.04726485205],
			"outputgap": [1,0.9746325238,0.9185078206,0.8454136612,0.764686363,0.6824905039,0.6027507732,0.5278274121,0.4590034149,0.3968338896,0.3413947796,0.2924583617,0.2496156879,0.2123607716,0.1801473566,0.1524261786,0.1286684736,0.1083799009,0.09110788533,0.07644453072,0.06402663384],
			"AUX_ENDO_LEAD_70": [1,0.862257803,0.7428706126,0.6396423874,0.5504976417,0.4735942183,0.4073081981,0.3502146413,0.3010679222,0.2587825689,0.2224151342,0.1911473979,0.1642710395,0.1411738154,0.1213272071,0.1042754636,0.08962593675,0.07704059949,0.06622862924,0.0569399453,0.04895959218],
			"AUX_ENDO_LEAD_74": [1,0.86332669,0.7449385793,0.6425090863,0.5539717927,0.4775034493,0.41150244,0.354566904,0.3054734785,0.2631572158,0.2266929867,0.1952785131,0.1682190602,0.1449137491,0.1248434029,0.1075598158,0.0926763222,0.07985954033,0.06882216561,0.05931669764,0.05112999137],
			"AUX_ENDO_LEAD_78": [1,0.8647411674,0.7474833848,0.6459211993,0.5580184834,0.4819844746,0.4162495782,0.3594419339,0.3103653159,0.2679786846,0.2313775316,0.1997770444,0.1724970405,0.1489485779,0.1286221174,0.1110771057,0.09593283978,0.08286048104,0.07157609037,0.0618345672,0.05342438394],
			"AUX_ENDO_LEAD_105": [1,0.9554910705,0.8881643885,0.809302035,0.7264476802,0.6444936646,0.5664705026,0.4941176962,0.428294216,0.3692717595,0.3169425744,0.2709652562,0.2308657162,0.1961059271,0.1661296605,0.1403919314,0.1183770239,0.09960861674,0.08365454141,0.07012797598,0.0586863532],
			"AUX_ENDO_LEAD_109": [1,0.9354242808,0.8563491527,0.7714321371,0.686339482,0.6046309396,0.5284002685,0.4587365316,0.3960542702,0.3403280279,0.2912573578,0.2483815204,0.2111579658,0.1790149067,0.1513855013,0.1277291086,0.1075435666,0.09037133896,0.07580156224,0.06346943603,0.05305396965],
			"AUX_ENDO_LEAD_113": [1,0.9184068849,0.8293627709,0.7393025895,0.6523024642,0.5707932679,0.4960750229,0.4286855079,0.3686624541,0.3157283514,0.2694192032,0.2291728932,0.1943886237,0.1644657911,0.1388283795,0.1169392756,0.09830767685,0.08249186239,0.069098941,0.05778271008,0.04824041527],
			"AUX_ENDO_LAG_9_1": [1,0.866324006,0.7455631682,0.6410648265,0.5508633514,0.47310618,0.4061502344,0.3485483899,0.2990321907,0.2564941428,0.2199704299,0.1886245481,0.1617321375,0.138667146,0.1188893562,0.1019332488,0.08739813165,0.07493944296,0.06426112767,0.05510898032,0.04726485205],
			"AUX_ENDO_LAG_9_2": [1,0.866324006,0.7455631682,0.6410648265,0.5508633514,0.47310618,0.4061502344,0.3485483899,0.2990321907,0.2564941428,0.2199704299,0.1886245481,0.1617321375,0.138667146,0.1188893562,0.1019332488,0.08739813165,0.07493944296,0.06426112767,0.05510898032,0.04726485205],
			"AUX_ENDO_LAG_10_1": [1,0.9746325238,0.9185078206,0.8454136612,0.764686363,0.6824905039,0.6027507732,0.5278274121,0.4590034149,0.3968338896,0.3413947796,0.2924583617,0.2496156879,0.2123607716,0.1801473566,0.1524261786,0.1286684736,0.1083799009,0.09110788533,0.07644453072,0.06402663384],
			"AUX_ENDO_LAG_10_2": [1,0.9746325238,0.9185078206,0.8454136612,0.764686363,0.6824905039,0.6027507732,0.5278274121,0.4590034149,0.3968338896,0.3413947796,0.2924583617,0.2496156879,0.2123607716,0.1801473566,0.1524261786,0.1286684736,0.1083799009,0.09110788533,0.07644453072,0.06402663384],
			"AUX_ENDO_LAG_10_3": [1,0.9746325238,0.9185078206,0.8454136612,0.764686363,0.6824905039,0.6027507732,0.5278274121,0.4590034149,0.3968338896,0.3413947796,0.2924583617,0.2496156879,0.2123607716,0.1801473566,0.1524261786,0.1286684736,0.1083799009,0.09110788533,0.07644453072,0.06402663384],
			"AUX_ENDO_LAG_7_1": [1,0.8779385359,0.771881418,0.678097639,0.5953110624,0.5223234373,0.4580442446,0.4014875745,0.3517665265,0.3080865188,0.2697380873,0.2360895606,0.2065798715,0.1807116747,0.1580448726,0.1381906045,0.1208057228,0.105587757,0.09227035136,0.08061915389,0.07042812605],
			"AUX_ENDO_LAG_7_2": [1,0.8779385359,0.771881418,0.678097639,0.5953110624,0.5223234373,0.4580442446,0.4014875745,0.3517665265,0.3080865188,0.2697380873,0.2360895606,0.2065798715,0.1807116747,0.1580448726,0.1381906045,0.1208057228,0.105587757,0.09227035136,0.08061915389,0.07042812605],
			"AUX_ENDO_LAG_7_3": [1,0.8779385359,0.771881418,0.678097639,0.5953110624,0.5223234373,0.4580442446,0.4014875745,0.3517665265,0.3080865188,0.2697380873,0.2360895606,0.2065798715,0.1807116747,0.1580448726,0.1381906045,0.1208057228,0.105587757,0.09227035136,0.08061915389,0.07042812605],
			"AUX_ENDO_LAG_9_3": [1,0.866324006,0.7455631682,0.6410648265,0.5508633514,0.47310618,0.4061502344,0.3485483899,0.2990321907,0.2564941428,0.2199704299,0.1886245481,0.1617321375,0.138667146,0.1188893562,0.1019332488,0.08739813165,0.07493944296,0.06426112767,0.05510898032,0.04726485205]
		},
		"VAR": {
			"i": 15.69283238,
			"pi": 5.229440779,
			"pi_tilde": 1.306479083,
			"x": 183.9369286,
			"x_tilde": 1.655394055,
			"r_n": 11.47223365,
			"u": 1.323029212,
			"interest": 251.0853181,
			"inflation": 70.40043845,
			"inflationq": 83.67105246,
			"outputgap": 183.9369286,
			"AUX_ENDO_LEAD_70": 62.91743252,
			"AUX_ENDO_LEAD_74": 46.87256969,
			"AUX_ENDO_LEAD_78": 35.00991474,
			"AUX_ENDO_LEAD_105": 178.3469748,
			"AUX_ENDO_LEAD_109": 164.2954208,
			"AUX_ENDO_LEAD_113": 144.3923358,