{
	"model": "US_MI07",
	"rule": "Coenen",
	"data": {
		"AC": {
			"i": [1,0.9320908681,0.7989818252,0.6442487032,0.4933699621,0.3597365285,0.2489680663,0.1619342432,0.09682151593,0.05050513692,0.0194232491,0.000101246874,-0.01056324122,-0.01517372453,-0.01580815497,-0.01405098842,-0.01105580967,-0.007619938615,-0.004259403874,-0.001277596881,0.001175707117],
			"pi": [1,0.7254948118,0.4996178532,0.3267814187,0.1988149463,0.1073963701,0.0448198409,0.00429952751,-0.01990432697,-0.03247879425,-0.037127795,-0.03668474959,-0.03324431944,-0.02829671931,-0.02285404304,-0.01756257336,-0.01279832602,-0.008745330242,-0.005457586931,-0.002906472713,-0.001015741563],
			"pi_tilde": [1,-0.06700334402,-0.08081242987,-0.07090420782,-0.05953838741,-0.04829680229,-0.03792233937,-0.02881832985,-0.02114858681,-0.01491400943,-0.01001299165,-0.006287009489,-0.003553405062,-0.001627665432,-0.0003374617694,0.0004694993377,0.0009220607615,0.001125210099,0.00116157305,0.001093972768,0.000968460086],
			"x": [1,0.9660579055,0.8864758543,0.7804645583,0.6632285601,0.5459006551,0.4359631443,0.3378850847,0.2538097193,0.1841978354,0.1283801605,0.08500200439,0.05236141555,0.02865195822,0.01212565174,0.001192646672,-0.005526749296,-0.009184079134,-0.01070756566,-0.0108209707,-0.01006990674],
			"x_tilde": [1,0.7963677009,0.5850768636,0.393688402,0.2347714189,0.1116610645,0.02240831299,-0.03760333935,-0.07399083083,-0.09236787486,-0.09779336769,-0.09451792246,-0.085918288,-0.07454240971,-0.06221250716,-0.05015162164,-0.03911210411,-0.02949366037,-0.02144479894,-0.01494559713,-0.009872208749],
			"r_n": [1,0.87,0.7569,0.658503,0.57289761,0.4984209207,0.433626201,0.3772547949,0.3282116715,0.2855441542,0.2484234142,0.2161283703,0.1880316822,0.1635875635,0.1423211803,0.1238194268,0.1077229013,0.09371892416,0.08153546402,0.0709358537,0.06171419272],
			"u": [1,0.02,0.0004,8e-06,1.6e-07,3.2e-09,6.4e-11,1.28e-12,2.56e-14,5.12e-16,1.024e-17,2.048e-19,4.096e-21,8.192e-23,1.6384e-24,3.2768e-26,6.5536e-28,1.31072e-29,2.62144e-31,5.24288e-33,1.048576e-34],
			"interest": [1,0.9320908681,0.7989818252,0.6442487032,0.4933699621,0.3597365285,0.2489680663,0.1619342432,0.09682151593,0.05050513692,0.0194232491,0.000101246874,-0.01056324122,-0.01517372453,-0.01580815497,-0.01405098842,-0.01105580967,-0.007619938615,-0.004259403874,-0.001277596881,0.001175707117],
			"inflation": [1,0.9271981075,0.7620007997,0.5554770145,0.3558802152,0.2092107776,0.1059964188,0.03666213906,-0.007093082566,-0.03218594867,-0.0441886559,-0.047447941,-0.04524548723,-0.03997297654,-0.03330389069,-0.02635105169,-0.01980403499,-0.01404424287,-0.00923787299,-0.005408525547,-0.002492004273],
			"inflationq": [1,0.7254948118,0.4996178532,0.3267814187,0.1988149463,0.1073963701,0.0448198409,0.00429952751,-0.01990432697,-0.03247879425,-0.037127795,-0.03668474959,-0.03324431944,-0.02829671931,-0.02285404304,-0.01756257336,-0.01279832602,-0.008745330242,-0.005457586931,-0.002906472713,-0.001015741563],
			"outputgap": [1,0.9660579055,0.8864758543,0.7804645583,0.6632285601,0.5459006551,0.4359631443,0.3378850847,0.2538097193,0.1841978354,0.1283801605,0.08500200439,0.05236141555,0.02865195822,0.01212565174,0.001192646672,-0.005526749296,-0.009184079134,-0.01070756566,-0.0108209707,-0.01006990674],
			"AUX_ENDO_LEAD_70": [1,0.6996451127,0.4679416832,0.2948022248,0.169721978,0.08285049218,0.02542818232,-0.01001600605,-0.02962944066,-0.03830619298,-0.03981909643,-0.03698121045,-0.03181422038,-0.02570915582,-0.01957083005,-0.01394180929,-0.009104781935,-0.005164190682,-0.002109165955,0.0001396191797,0.00169638427],
			"AUX_ENDO_LEAD_74": [1,0.6871082984,0.4504801434,0.2770667307,0.1544099482,0.07127944373,0.01798727279,-0.01352021024,-0.02971841176,-0.03565013245,-0.03511726291,-0.0308877446,-0.02489733074,-0.01843369878,-0.01229641177,-0.006930422476,-0.002533601053,0.000859533278,0.003314799655,0.004952654644,0.005916440155],
			"AUX_ENDO_LEAD_78": [1,0.6879095754,0.4544210212,0.2850289286,0.1663484234,0.08661251405,0.03587536811,0.006014108671,-0.009397132699,-0.01528479331,-0.01530443212,-0.01207242661,-0.007383127819,-0.002401462013,0.002173492176,0.005974635291,0.008860962547,0.01083656704,0.01199081011,0.01245582365,0.01237771901],
			"AUX_ENDO_LEAD_105": [1,0.9417712082,0.8467072614,0.7325644024,0.6128441232,0.4970366925,0.3911996831,0.2986565311,0.2206879192,0.1571477537,0.1069738195,0.06858690622,0.04018582721,0.01995261651,0.006184694403,-0.00262936113,-0.007775429451,-0.01030816045,-0.011063801,-0.01068373515,-0.009643043331],
			"AUX_ENDO_LEAD_109": [1,0.9120896579,0.798636992,0.67520144,0.5529939272,0.439414407,0.3387676098,0.2530014517,0.1823817272,0.1260621601,0.08253748243,0.04998407657,0.02650163228,0.01027299489,-0.0003401205548,-0.00674923035,-0.01012496009,-0.01140526387,-0.01131710319,-0.01040500285,-0.00906184904],
			"AUX_ENDO_LEAD_113": [1,0.8834228088,0.7526462006,0.6207642951,0.496604315,0.3854794097,0.2899918687,0.210781266,0.147165396,0.09765575535,0.06034963537,0.03321193924,0.01426477559,0.001703983086,-0.006039410871,-0.0102771106,-0.01206793755,-0.01223855171,-0.01141292511,-0.01004516436,-0.008452054698],
			"AUX_ENDO_LAG_9_1": [1,0.7254948118,0.4996178532,0.3267814187,0.1988149463,0.1073963701,0.0448198409,0.00429952751,-0.01990432697,-0.03247879425,-0.037127795,-0.03668474959,-0.03324431944,-0.02829671931,-0.02285404304,-0.01756257336,-0.01279832602,-0.008745330242,-0.005457586931,-0.002906472713,-0.001015741563],
			"AUX_ENDO_LAG_9_2": [1,0.7254948118,0.4996178532,0.3267814187,0.1988149463,0.1073963701,0.0448198409,0.00429952751,-0.01990432697,-0.03247879425,-0.037127795,-0.03668474959,-0.03324431944,-0.02829671931,-0.02285404304,-0.01756257336,-0.01279832602,-0.008745330242,-0.005457586931,-0.002906472713,-0.001015741563],
			"AUX_ENDO_LAG_10_1": [1,0.9660579055,0.8864758543,0.7804645583,0.6632285601,0.5459006551,0.4359631443,0.3378850847,0.2538097193,0.1841978354,0.1283801605,0.08500200439,0.05236141555,0.02865195822,0.01212565174,0.001192646672,-0.005526749296,-0.009184079134,-0.01070756566,-0.0108209707,-0.01006990674],
			"AUX_ENDO_LAG_10_2": [1,0.9660579055,0.8864758543,0.7804645583,0.6632285601,0.5459006551,0.4359631443,0.3378850847,0.2538097193,0.1841978354,0.1283801605,0.08500200439,0.05236141555,0.02865195822,0.01212565174,0.001192646672,-0.005526749296,-0.009184079134,-0.01070756566,-0.0108209707,-0.01006990674],
			"AUX_ENDO_LAG_10_3": [1,0.9660579055,0.8864758543,0.7804645583,0.6632285601,0.5459006551,0.4359631443,0.3378850847,0.2538097193,0.1841978354,0.1283801605,0.08500200439,0.05236141555,0.02865195822,0.01212565174,0.001192646672,-0.005526749296,-0.009184079134,-0.01070756566,-0.0108209707,-0.01006990674],
			"AUX_ENDO_LAG_7_1": [1,0.9320908681,0.7989818252,0.6442487032,0.4933699621,0.3597365285,0.2489680663,0.1619342432,0.09682151593,0.05050513692,0.0194232491,0.000101246874,-0.01056324122,-0.01517372453,-0.01580815497,-0.01405098842,-0.01105580967,-0.007619938615,-0.004259403874,-0.001277596881,0.001175707117],
			"AUX_ENDO_LAG_7_2": [1,0.9320908681,0.7989818252,0.6442487032,0.4933699621,0.3597365285,0.2489680663,0.1619342432,0.09682151593,0.05050513692,0.0194232491,0.000101246874,-0.01056324122,-0.01517372453,-0.01580815497,-0.01405098842,-0.01105580967,-0.007619938615,-0.004259403874,-0.001277596881,0.001175707117],
			"AUX_ENDO_LAG_7_3": [1,0.9320908681,0.7989818252,0.6442487032,0.4933699621,0.3597365285,0.2489680663,0.1619342432,0.09682151593,0.05050513692,0.0194232491,0.000101246874,-0.01056324122,-0.01517372453,-0.01580815497,-0.01405098842,-0.01105580967,-0.007619938615,-0.004259403874,-0.001277596881,0.001175707117],
			"AUX_ENDO_LAG_9_3": [1,0.7254948118,0.4996178532,0.3267814187,0.1988149463,0.1073963701,0.0448198409,0.00429952751,-0.01990432697,-0.03247879425,-0.037127795,-0.03668474959,-0.03324431944,-0.02829671931,-0.02285404304,-0.01756257336,-0.01279832602,-0.008745330242,-0.005457586931,-0.002906472713,-0.001015741563]
		},
		"VAR": {
			"i": 26.89029831,