{
	"model": "US_MI07AL",
	"rule": "CEE",
	"data": {
		"AC": {
			"i": [1,0.8719498091,0.7811494767,0.698099276,0.6332968122,0.5654276513,0.5127245682,0.4581356109,0.4184575736,0.3735497776,0.3388502939,0.3003078384,0.2691138072,0.242390454,0.2237676617,0.2013424779,0.1921056352,0.1791383626,0.1757858693,0.1728736084,0.1666845417],
			"pi": [1,0.7167096278,0.6289026684,0.5062187604,0.4721632424,0.3894300475,0.3849556883,0.325841921,0.3279547804,0.2874953269,0.2875646824,0.243452143,0.2409757222,0.2194834063,0.2260196651,0.1974687899,0.2110813028,0.1904772168,0.1987920062,0.185896014,0.1909763895],
			"pi_tilde": [1,0.120082977,0.1917145605,0.08290011699,0.1503463535,0.08583707995,0.1555985785,0.09664325033,0.1514028234,0.1109381234,0.1469277895,0.0791309456,0.1176808533,0.09590531438,0.1347611814,0.08974434059,0.1258615204,0.1001519786,0.1263197683,0.08494687481,0.11579367],
			"x": [1,0.930112527,0.8567135364,0.7548272572,0.665344365,0.5671423999,0.4908225403,0.4117104581,0.3545940102,0.296420925,0.2554614924,0.213794557,0.1850199857,0.1558412732,0.1378846372,0.1196368642,0.1086300918,0.09583578976,0.09242284845,0.08507548641,0.08592792682],
			"x_tilde": [1,0.6365250809,0.4849535272,0.2968259711,0.2348733346,0.123701681,0.1061487513,0.0366621817,0.04584010206,0.01100955118,0.02130800975,0.001402272244,0.01715753588,-0.003048499238,0.02008855966,0.001979069343,0.02181908249,0.01031313126,0.01929486762,0.01427207907,0.02551694281],
			"r_n": [1,0.8271107827,0.6888597546,0.5761420317,0.4800760248,0.3962696619,0.3247528876,0.2648210891,0.2164423929,0.177969004,0.1424277648,0.1203075869,0.09906213272,0.08086085162,0.06862164699,0.05549777505,0.04653481451,0.03725997872,0.02795827003,0.02919483317,0.02851837332],
			"u": [1,0.006468794942,0.001936367112,-0.0135888038,0.000942784178,-0.009680410215,0.001628628147,-0.004185684709,-0.005489087482,0.005802826173,0.002679044885,-0.03028186077,-0.009544587779,-0.005228944342,0.008778416412,0.003984022077,7.368545674e-05,0.00509497235,-0.002726175264,-0.02187881416,-0.003248310854],
			"interest": [1,0.8719498091,0.7811494767,0.698099276,0.6332968122,0.5654276513,0.5127245682,0.4581356109,0.4184575736,0.3735497776,0.3388502939,0.3003078384,0.2691138072,0.242390454,0.2237676617,0.2013424779,0.1921056352,0.1791383626,0.1757858693,0.1728736084,0.1666845417],
			"inflation": [1,0.8688970776,0.7490177538,0.6318318391,0.5416168347,0.4692640084,0.420708742,0.3781152141,0.351378655,0.3223293128,0.3015018449,0.2740640993,0.2527157978,0.236038127,0.2267964134,0.2146397032,0.2111076429,0.2032204617,0.2022671049,0.2004624788,0.1961216686],
			"inflationq": [1,0.7167096278,0.6289026684,0.5062187604,0.4721632424,0.3894300475,0.3849556883,0.325841921,0.3279547804,0.2874953269,0.2875646824,0.243452143,0.2409757222,0.2194834063,0.2260196651,0.1974687899,0.2110813028,0.1904772168,0.1987920062,0.185896014,0.1909763895],
			"outputgap": [1,0.930112527,0.8567135364,0.7548272572,0.665344365,0.5671423999,0.4908225403,0.4117104581,0.3545940102,0.296420925,0.2554614924,0.213794557,0.1850199857,0.1558412732,0.1378846372,0.1196368642,0.1086300918,0.09583578976,0.09242284845,0.08507548641,0.08592792682],
			"output": [1,0.930112527,0.8567135364,0.7548272572,0.665344365,0.5671423999,0.4908225403,0.4117104581,0.3545940102,0.296420925,0.2554614924,0.213794557,0.1850199857,0.1558412732,0.1378846372,0.1196368642,0.1086300918,0.09583578976,0.09242284845,0.08507548641,0.08592792682],
			"inflationql": [1,0.813313172,0.6465077523,0.5459680003,0.4697257922,0.4173493867,0.3768728342,0.3460611934,0.3242424724,0.3020663109,0.2785618491,0.2546640777,0.2347429556,0.2237037314,0.2125182518,0.2023044081,0.1972486166,0.1935798302,0.1904276879,0.1897970736,0.1852552357],
			"inflationql2": [1,0.8481592431,0.7003419892,0.5698441774,0.4847238181,0.4268167446,0.3830244326,0.3525189925,0.3257920102,0.3037011916,0.2806941868,0.2549352767,0.2347644089,0.2201353259,0.2095362113,0.2015288516,0.1966508716,0.1928047236,0.192301189,0.1899551836,0.186394663],
			"inflationqls": [1,0.8661691463,0.7063951269,0.5831173828,0.4987989833,0.440692354,0.3952949077,0.3626956398,0.3371183645,0.3132616421,0.289400973,0.2651231905,0.2434601671,0.2293946238,0.2183353302,0.2090608538,0.204036045,0.1990391899,0.1974365843,0.1967461718,0.1919976002]
		},
		"VAR": {
			"i": 12.83517548,
			"pi": 11.98381606,
			"pi_tilde": 2.520594317,
			"x": 389.2363076,
			"x_tilde": 5.527012109,
			"r_n": 9.610555252,
			"u": 1.215590985,
			"interest": 205.3628077,
			"inflation": 150.9662499,
			"inflationq": 191.741057,
			"outputgap": 389.2363076,
			"output": 389.2363076,
			"inflationql": 174.6471716,
			"inflationql2": 165.0510325,
			"inflationqls": 651.3569522
		},
		"IRF": {
			"interest_": {
				"i": [0,0.2489272976,0.1973529444,0.1556442377,0.1220029858,0.09492920868,0.07318211613,0.05574218372,0.04177623535,0.03060639903,0.0216831664,0.01456242281,0.008886122238,0.004366196245,0.0007712649983,-0.002084265453,-0.004349100456,-0.006142285657,-0.00755905917,-0.008675575051,-0.009552706352],
				"pi": [0,-0.0002645861087,-0.0009397353351,-0.001880482017,-0.002970846644,-0.004124024008,-0.005278331434,-0.006391572127,-0.007436363423,-0.008396382983,-0.009263408679,-0.01003501508,-0.0107128037,-0.01130106118,-0.01180575641,-0.0122338032,-0.0125925286,-0.01288929895,-0.01313126539,-0.01332519885,-0.01347739089],
				"pi_tilde": [0,-0.0002645861087,-0.0007055766289,-0.001048816245,-0.001306620059,-0.001494824729,-0.001628570187,-0.001720248807,-0.001779822091,-0.001815201353,-0.00183260974,-0.0018368984,-0.001831815355,-0.001820229903,-0.00180431727,-0.001785708777,-0.001765612766,-0.001744911135,-0.001724235827,-0.001704028975,-0.001684589905],
				"x": [0,-0.05030829587,-0.07514522253,-0.08369814665,-0.08201232188,-0.07419220454,-0.06299757568,-0.05025517633,-0.03714619519,-0.02440819965,-0.01247672536,-0.001584266517,0.008170798532,0.01677647662,0.02427434615,0.0307372181,0.03625412908,0.04092044504,0.0448315074,0.04807871584,0.05074727058],
				"x_tilde": [0,-0.06156499452,-0.0463537647,-0.03487049488,-0.02612869478,-0.01946968412,-0.01439726029,-0.01053506381,-0.007596616089,-0.005363530374,-0.003669131875,-0.002386092513,-0.001417070048,-0.000687606149,-0.0001407276353,0.0002671649329,0.0005694333703,0.0007915974982,0.0009531674507,0.001069046647,0.001150607007],
				"r_n": [0,3.445635632e-18,5.959869109e-18,1.479152703e-17,1.881396001e-17,2.136075456e-17,1.983431191e-17,1.938864072e-17,1.87317648e-17,1.839972332e-17,1.598773224e-17,1.510035606e-17,1.257131987e-17,1.017636716e-17,7.867118043e-18,8.338273313e-18,3.68343803e-18,3.920941784e-18,1.505204945e-18,5.897125884e-18,7.048874659e-18],
				"u": [0,-1.061428367e-19,4.454457737e-20,2.032018412e-19,1.49340145e-19,5.998744514e-19,-6.006796134e-20,-1.433504089e-19,-4.663149804e-19,-1.224848831e-18,-1.460477261e-19,-1.194896577e-19,-1.873627543e-19,1.535702102e-18,-1.056646978e-18,-7.840138277e-19,-3.221718787e-18,-1.768471022e-18,1.473007925e-19,9.142308745e-19,4.445978081e-19],
				"interest": [0,0.9957091905,0.7894117777,0.6225769509,0.4880119434,0.3797168347,0.2927284645,0.2229687349,0.1671049414,0.1224255961,0.08673266558,0.05824969122,0.03554448895,0.01746478498,0.003085059993,-0.00833706181,-0.01739640182,-0.02456914263,-0.03023623668,-0.0347023002,-0.03821082541],
				"inflation": [0,-0.0002645861087,-0.001204321444,-0.00308480346,-0.006055650104,-0.009915088004,-0.0142536841,-0.01876477421,-0.02323029099,-0.02750264997,-0.03148772721,-0.03513117017,-0.03840761045,-0.04131228864,-0.04385463638,-0.0460534245,-0.0479331494,-0.04952138717,-0.05084689615,-0.05193829179,-0.05282315408],
				"inflationq": [0,-0.001058344435,-0.00375894134,-0.007521928066,-0.01188338657,-0.01649609603,-0.02111332574,-0.02556628851,-0.02974545369,-0.03358553193,-0.03705363472,-0.04014006033,-0.04285121481,-0.04520424472,-0.04722302566,-0.04893521281,-0.0503701144,-0.05155719579,-0.05252506158,-0.0533007954,-0.05390956355],