{
	"model": "US_MI07AL",
	"rule": "CMR",
	"data": {
		"AC": {
			"i": [1,0.9731862869,0.9302809625,0.8767300702,0.8159005972,0.750775324,0.6828413593,0.6156404224,0.5507645464,0.4893936046,0.4318079776,0.3782343592,0.3285689946,0.2848824488,0.2470776356,0.214974485,0.188490738,0.1653502671,0.1469076145,0.1324151773,0.1213964054],
			"pi": [1,0.8701670574,0.7386682252,0.6221777417,0.519944995,0.4321519491,0.3523605738,0.2845365309,0.2287672065,0.1819082801,0.1403327087,0.1018815618,0.07384494156,0.05560221371,0.04110032844,0.02996182321,0.02253199991,0.0158067438,0.009752995441,0.006521344273,0.01075718517],
			"pi_tilde": [1,0.1032607303,0.02806714687,0.01041015691,0.003909403372,0.004724023021,0.0002729721643,-0.00641200326,-0.008131762086,0.00109447698,0.001132965912,-0.03337870607,-0.0203587286,-0.005606139077,0.001369744425,-0.00147602358,-0.002360109139,0.004848219049,-0.00567172672,-0.0210905561,-0.008510687633],
			"x": [1,0.9605003149,0.8924607791,0.8079754196,0.7166169845,0.6242447221,0.5333938619,0.4491802021,0.3732942958,0.3076518485,0.2507894782,0.2021718494,0.1577941118,0.1224565501,0.09358705792,0.07182939647,0.05601050021,0.04312296025,0.03469637518,0.02844105207,0.02516510001],
			"x_tilde": [1,0.8159082043,0.6254058106,0.457324086,0.3196105153,0.2059936571,0.1122864937,0.04041519391,-0.01049750011,-0.03981463447,-0.05861706714,-0.06751085458,-0.07680493694,-0.07881387362,-0.0749167173,-0.07350687983,-0.07070021351,-0.06898465459,-0.06888741109,-0.06115020814,-0.05287761361],
			"r_n": [1,0.8582069653,0.7331850183,0.6240900358,0.5261716839,0.438768864,0.3625298989,0.2975722621,0.2429804806,0.2005015205,0.1611742158,0.1300514215,0.1023709721,0.07835988492,0.06188607427,0.04526424892,0.03438811546,0.02672820831,0.01771468064,0.01827489293,0.01816851659],
			"u": [1,0.01053530566,0.002025461454,-0.0118669567,-0.004112378726,-0.003293869683,-0.000957397643,-0.004597593697,-0.006507893361,-0.001858515363,0.006726980368,-0.03014215505,-0.01369451369,-0.001691247579,0.004163995528,0.003037063651,-0.001566217046,0.006012474719,-0.00609314009,-0.02357425728,-0.005862805849],
			"interest": [1,0.9731862869,0.9302809625,0.8767300702,0.8159005972,0.750775324,0.6828413593,0.6156404224,0.5507645464,0.4893936046,0.4318079776,0.3782343592,0.3285689946,0.2848824488,0.2470776356,0.214974485,0.188490738,0.1653502671,0.1469076145,0.1324151773,0.1213964054],
			"inflation": [1,0.952689524,0.8581989032,0.7386857804,0.6153496306,0.5071659871,0.4119576091,0.3308571337,0.2622816759,0.2046170203,0.1559725093,0.1156056866,0.08234636877,0.05778249459,0.04014299767,0.02743240467,0.01859904897,0.01174422232,0.008418981826,0.008286536867,0.0112843357],
			"inflationq": [1,0.8701670574,0.7386682252,0.6221777417,0.519944995,0.4321519491,0.3523605738,0.2845365309,0.2287672065,0.1819082801,0.1403327087,0.1018815618,0.07384494156,0.05560221371,0.04110032844,0.02996182321,0.02253199991,0.0158067438,0.009752995441,0.006521344273,0.01075718517],
			"outputgap": [1,0.9605003149,0.8924607791,0.8079754196,0.7166169845,0.6242447221,0.5333938619,0.4491802021,0.3732942958,0.3076518485,0.2507894782,0.2021718494,0.1577941118,0.1224565501,0.09358705792,0.07182939647,0.05601050021,0.04312296025,0.03469637518,0.02844105207,0.02516510001],
			"output": [1,0.9605003149,0.8924607791,0.8079754196,0.7166169845,0.6242447221,0.5333938619,0.4491802021,0.3732942958,0.3076518485,0.2507894782,0.2021718494,0.1577941118,0.1224565501,0.09358705792,0.07182939647,0.05601050021,0.04312296025,0.03469637518,0.02844105207,0.02516510001],
			"inflationql": [1,0.8694874824,0.7338623357,0.6145141,0.5121215402,0.4213094746,0.3420761164,0.2741879975,0.2178817451,0.1726374463,0.130637789,0.09215823672,0.06511859151,0.04646444784,0.03385190588,0.02311220875,0.01598283688,0.009812670765,0.004061056106,0.002529395481,0.006596995307],
			"inflationql2": [1,0.8704003365,0.7344581564,0.6110622301,0.5052388073,0.414063313,0.3338471469,0.2663357772,0.2092041059,0.1620244819,0.1209619589,0.08336466855,0.05718276161,0.0398268101,0.02768343546,0.01800206122,0.0105037448,0.005564729128,0.001930825186,-0.0001845676463,0.003938388282],
			"inflationqls": [1,0.9226859468,0.7828978739,0.6543001798,0.5431650778,0.4460851394,0.3609885389,0.2890706213,0.2286320343,0.1785444445,0.134239649,0.09601965928,0.06661658676,0.04664111537,0.03296180308,0.02241790831,0.01460607708,0.008204574005,0.00396478474,0.002961810173,0.006663482346]
		},
		"VAR": {
			"i": 12.12550914,
			"pi": 6.297796801,
			"pi_tilde": 1.339647295,
			"x": 3043.632377,
			"x_tilde": 13.33934081,
			"r_n": 10.69481919,
			"u": 1.286468342,
			"interest": 194.0081462,
			"inflation": 82.64101746,
			"inflationq": 100.7647488,
			"outputgap": 3043.632377,
			"output": 3043.632377,
			"inflationql": 97.91111286,
			"inflationql2": 95.44990213,
			"inflationqls": 364.4828262
		},
		"IRF": {
			"interest_": {
				"i": [0,0.2489070887,0.210373415,0.1773627514,0.1490429968,0.1247336921,0.1038705383,0.08598000832,0.07066058283,0.05756865112,0.04640785823,0.03692100315,0.02888381826,0.02210012971,0.01639802827,0.01162677867,0.007654270251,0.004364867448,0.00165755997,-0.000555657485,-0.002351224526],
				"pi": [0,-0.0004828998271,-0.001596344571,-0.003032432317,-0.004552881598,-0.005995954569,-0.007264582485,-0.008308890321,-0.009111920318,-0.00967862829,-0.01002766776,-0.01018539483,-0.01018160684,-0.01004661379,-0.009809318657,-0.009496047791,-0.009129927288,-0.008730645993,-0.008314482675,-0.007894504567,-0.007480868249],
				"pi_tilde": [0,-0.0004828998271,-0.001168978224,-0.001619667371,-0.001869178997,-0.001966654355,-0.001958162692,-0.001879734822,-0.001758552384,-0.001614578808,-0.001462081719,-0.001310908864,-0.001167532416,-0.00103589174,-0.0009180654504,-0.0008148007789,-0.0007259249931,-0.0006506603435,-0.0005878609715,-0.000536187399,-0.0004942317071],
				"x": [0,-0.06368363221,-0.1086391416,-0.1359057044,-0.146775434,-0.1433779614,-0.1282903737,-0.1042110304,-0.07373083483,-0.03919318425,-0.002619661355,0.03431791888,0.07029424097,0.1043073767,0.135644187,0.163840227,0.1886383111,0.2099485042,0.2278112602,0.2423646683,0.2538162192],
				"x_tilde": [0,-0.06573701954,-0.05585096593,-0.04681109638,-0.03844278946,-0.03082714271,-0.02401596638,-0.01802245345,-0.01282724754,-0.0083880774,-0.00464789188,-0.001541252407,0.001000833494,0.003047370982,0.004664881533,0.005915735478,0.006857129821,0.007540557827,0.008011643979,0.008310241779,0.008470712557],
				"r_n": [0,-1.476978538e-18,-3.374157859e-18,-9.920913566e-19,-2.743142311e-18,8.32803008e-18,9.246750525e-18,1.403618553e-17,4.504942864e-18,1.105338706e-17,1.065482838e-17,1.05735543e-17,8.970687895e-18,5.865594804e-18,1.152491813e-17,5.437686309e-18,1.93094413e-18,-6.678920898e-19,1.853590892e-18,3.937137821e-18,-4.499045782e-19],
				"u": [0,3.242012958e-18,5.27682299e-19,-5.901593569e-18,8.512799697e-19,5.773367805e-18,4.012949889e-18,5.275068943e-18,6.12148085e-19,2.377924675e-18,-7.408346985e-19,1.317457272e-18,2.928158629e-18,-3.679503057e-18,3.985756535e-19,4.18278003e-19,-1.01804932e-18,-2.570661272e-18,1.58830161e-17,3.843393121e-18,4.807135831e-18],
				"interest": [0,0.9956283548,0.84149366,0.7094510055,0.5961719871,0.4989347684,0.4154821533,0.3439200333,0.2826423313,0.2302746045,0.1856314329,0.1476840126,0.115535273,0.08840051883,0.06559211306,0.04650711468,0.03061708101,0.01745946979,0.006630239882,-0.00222262994,-0.009404898104],
				"inflation": [0,-0.0004828998271,-0.002079244398,-0.005111676715,-0.009664558313,-0.01517761305,-0.02084585097,-0.02612230897,-0.03068134769,-0.03436402141,-0.03712710668,-0.03900361119,-0.04007329771,-0.04044128322,-0.04022293412,-0.03953358708,-0.03848190753,-0.03716593973,-0.03567110375,-0.03406956052,-0.03242050148],