{
	"model": "US_MI07",
	"rule": "SW",
	"data": {
		"AC": {
			"i": [1,0.9674568645,0.9045661637,0.8283305035,0.7483925201,0.6700564505,0.5960873238,0.5277779016,0.4655798588,0.4094758956,0.3591979929,0.3143544311,0.2745028262,0.2391913216,0.2079810823,0.1804578812,0.1562373887,0.1349668802,0.1163249589,0.100020224,0.08578942184],
			"pi": [1,0.8464276411,0.7050495531,0.5808665823,0.472576302,0.3787649087,0.2980542461,0.2291216951,0.1707125867,0.121648527,0.08083248642,0.04725130135,0.01997612089,-0.001838758463,-0.01895830182,-0.03207007914,-0.04178828485,-0.04865821936,-0.0531610556,-0.05571874606,-0.05669895369],
			"pi_tilde": [1,0.001410554205,-0.0206751032,-0.02239296166,-0.02302767098,-0.02310129896,-0.02273953735,-0.02204228949,-0.02109361444,-0.01996398396,-0.01871206265,-0.01738624485,-0.01602600639,-0.01466310527,-0.01332265261,-0.01202406882,-0.01078193591,-0.009606754611,-0.008505614269,-0.007482782429,-0.006540220906],
			"x": [1,0.9860438847,0.9529869545,0.9070593677,0.8527723109,0.7934555845,0.7315996121,0.669078757,0.6073018685,0.5473175449,0.489890617,0.435559824,0.3846827521,0.3374717896,0.2940234609,0.2543426756,0.2183629234,0.1859631439,0.156981809,0.1312286357,0.1084942686],
			"x_tilde": [1,0.6696246935,0.4584901768,0.320375167,0.2275291506,0.1632318376,0.1173476089,0.0836763822,0.05837512463,0.0390172371,0.02403189738,0.01236968029,0.0033028944,-0.003693901858,-0.009015679648,-0.0129703437,-0.01580525896,-0.01772373433,-0.01889552174,-0.01946373728,-0.0195496292],
			"r_n": [1,0.87,0.7569,0.658503,0.57289761,0.4984209207,0.433626201,0.3772547949,0.3282116715,0.2855441542,0.2484234142,0.2161283703,0.1880316822,0.1635875635,0.1423211803,0.1238194268,0.1077229013,0.09371892416,0.08153546402,0.0709358537,0.06171419272],
			"u": [1,0.02,0.0004,8e-06,1.6e-07,3.2e-09,6.4e-11,1.28e-12,2.56e-14,5.12e-16,1.024e-17,2.048e-19,4.096e-21,8.192e-23,1.6384e-24,3.2768e-26,6.5536e-28,1.31072e-29,2.62144e-31,5.24288e-33,1.048576e-34],
			"interest": [1,0.9674568645,0.9045661637,0.8283305035,0.7483925201,0.6700564505,0.5960873238,0.5277779016,0.4655798588,0.4094758956,0.3591979929,0.3143544311,0.2745028262,0.2391913216,0.2079810823,0.1804578812,0.1562373887,0.1349668802,0.1163249589,0.100020224,0.08578942184],
			"inflation": [1,0.9596168745,0.8630931766,0.7354071653,0.6011223372,0.4841079069,0.3832143292,0.2968510978,0.2234946065,0.1617094396,0.1101558201,0.06759350996,0.03288304587,0.004984884436,-0.01704306982,-0.03404916056,-0.04679257182,-0.05594854409,-0.06211398963,-0.06581332296,-0.06750435777],
			"inflationq": [1,0.8464276411,0.7050495531,0.5808665823,0.472576302,0.3787649087,0.2980542461,0.2291216951,0.1707125867,0.121648527,0.08083248642,0.04725130135,0.01997612089,-0.001838758463,-0.01895830182,-0.03207007914,-0.04178828485,-0.04865821936,-0.0531610556,-0.05571874606,-0.05669895369],
			"outputgap": [1,0.9860438847,0.9529869545,0.9070593677,0.8527723109,0.7934555845,0.7315996121,0.669078757,0.6073018685,0.5473175449,0.489890617,0.435559824,0.3846827521,0.3374717896,0.2940234609,0.2543426756,0.2183629234,0.1859631439,0.156981809,0.1312286357,0.1084942686],
			"AUX_ENDO_LEAD_70": [1,0.8415908311,0.7016360474,0.5788527452,0.4718029051,0.3790679979,0.2992733262,0.2311037395,0.1733146763,0.1247394923,0.08429379383,0.05097737168,0.02387422284,0.002151073945,-0.01494524897,-0.0280913139,-0.03789119607,-0.04488100889,-0.04953368531,-0.05226387336,-0.05343283589],
			"AUX_ENDO_LEAD_74": [1,0.8445491705,0.7071481031,0.5864138052,0.4809565912,0.3894096715,0.3104489512,0.2428075614,0.1852861745,0.1367598957,0.09618237062,0.06258764698,0.03509023754,0.01288376562,-0.004761485817,-0.01850184957,-0.02892414555,-0.03654995711,-0.04184015389,-0.04519953171,-0.04698146439],
			"AUX_ENDO_LEAD_78": [1,0.8506422928,0.7181056092,0.6011518603,0.4985318292,0.4090097347,0.331382014,0.2644914471,0.2072374537,0.1585832371,0.1175603344,0.08327104848,0.05488916392,0.03165929195,0.01289513945,-0.002023046957,-0.01365164832,-0.02248727264,-0.0289706357,-0.03349059938,-0.03638826581],
			"AUX_ENDO_LEAD_105": [1,0.9776084671,0.9393221273,0.8902811026,0.8343028221,0.7742659961,0.7123603709,0.6502544038,0.5892120396,0.5301772855,0.4738378548,0.4206747233,0.3710018099,0.3249984204,0.2827361522,0.2442013979,0.2093142355,0.1779442914,0.1499240206,0.1250597691,0.1031409192],
			"AUX_ENDO_LEAD_109": [1,0.9682457511,0.9238189145,0.8708631048,0.8125411731,0.7512895253,0.6889897377,0.6270888456,0.566687114,0.5086046154,0.4534334923,0.4015801299,0.3532998908,0.3087261158,0.2678945336,0.2307638787,0.1972333082,0.1671570726,0.1403568149,0.1166318097,0.09576741178],
			"AUX_ENDO_LEAD_113": [1,0.959524961,0.9090820426,0.8520745247,0.7911573131,0.7284063761,0.6654388994,0.6035020745,0.5435413079,0.4862544053,0.4321357631,0.3815131009,0.3345783747,0.2914139759,0.2520149956,0.2163081381,0.1841677399,0.1554292712,0.1299006399,0.1073715765,0.08762134723],
			"AUX_ENDO_LAG_9_1": [1,0.8464276411,0.7050495531,0.5808665823,0.472576302,0.3787649087,0.2980542461,0.2291216951,0.1707125867,0.121648527,0.08083248642,0.04725130135,0.01997612089,-0.001838758463,-0.01895830182,-0.03207007914,-0.04178828485,-0.04865821936,-0.0531610556,-0.05571874606,-0.05669895369],
			"AUX_ENDO_LAG_9_2": [1,0.8464276411,0.7050495531,0.5808665823,0.472576302,0.3787649087,0.2980542461,0.2291216951,0.1707125867,0.121648527,0.08083248642,0.04725130135,0.01997612089,-0.001838758463,-0.01895830182,-0.03207007914,-0.04178828485,-0.04865821936,-0.0531610556,-0.05571874606,-0.05669895369],
			"AUX_ENDO_LAG_10_1": [1,0.9860438847,0.9529869545,0.9070593677,0.8527723109,0.7934555845,0.7315996121,0.669078757,0.6073018685,0.5473175449,0.489890617,0.435559824,0.3846827521,0.3374717896,0.2940234609,0.2543426756,0.2183629234,0.1859631439,0.156981809,0.1312286357,0.1084942686],
			"AUX_ENDO_LAG_10_2": [1,0.9860438847,0.9529869545,0.9070593677,0.8527723109,0.7934555845,0.7315996121,0.669078757,0.6073018685,0.5473175449,0.489890617,0.435559824,0.3846827521,0.3374717896,0.2940234609,0.2543426756,0.2183629234,0.1859631439,0.156981809,0.1312286357,0.1084942686],
			"AUX_ENDO_LAG_10_3": [1,0.9860438847,0.9529869545,0.9070593677,0.8527723109,0.7934555845,0.7315996121,0.669078757,0.6073018685,0.5473175449,0.489890617,0.435559824,0.3846827521,0.3374717896,0.2940234609,0.2543426756,0.2183629234,0.1859631439,0.156981809,0.1312286357,0.1084942686],
			"AUX_ENDO_LAG_7_1": [1,0.9674568645,0.9045661637,0.8283305035,0.7483925201,0.6700564505,0.5960873238,0.5277779016,0.4655798588,0.4094758956,0.3591979929,0.3143544311,0.2745028262,0.2391913216,0.2079810823,0.1804578812,0.1562373887,0.1349668802,0.1163249589,0.100020224,0.08578942184],
			"AUX_ENDO_LAG_7_2": [1,0.9674568645,0.9045661637,0.8283305035,0.7483925201,0.6700564505,0.5960873238,0.5277779016,0.4655798588,0.4094758956,0.3591979929,0.3143544311,0.2745028262,0.2391913216,0.2079810823,0.1804578812,0.1562373887,0.1349668802,0.1163249589,0.100020224,0.08578942184],
			"AUX_ENDO_LAG_7_3": [1,0.9674568645,0.9045661637,0.8283305035,0.7483925201,0.6700564505,0.5960873238,0.5277779016,0.4655798588,0.4094758956,0.3591979929,0.3143544311,0.2745028262,0.2391913216,0.2079810823,0.1804578812,0.1562373887,0.1349668802,0.1163249589,0.100020224,0.08578942184],
			"AUX_ENDO_LAG_9_3": [1,0.8464276411,0.7050495531,0.5808665823,0.472576302,0.3787649087,0.2980542461,0.2291216951,0.1707125867,0.121648527,0.08083248642,0.04725130135,0.01997612089,-0.001838758463,-0.01895830182,-0.03207007914,-0.04178828485,-0.04865821936,-0.0531610556,-0.05571874606,-0.05669895369]
		},
		"VAR": {
			"i": 9.75534452,
			"pi": 4.531369244,
			"pi_tilde": 1.291658082,
			"x": 391.7543728,
			"x_tilde": 1.610273192,
			"r_n": 11.47223365,
			"u": 1.323029212,
			"interest": 156.0855123,
			"inflation": 59.18193543,
			"inflationq": 72.5019079,
			"outputgap": 391.7543728,
			"AUX_ENDO_LEAD_70": 52.4214221,
			"AUX_ENDO_LEAD_74": 37.55713866,
			"AUX_ENDO_LEAD_78": 27.17119851,
			"AUX_ENDO_LEAD_105": 386.5079461,