{
	"model": "US_MI07AL",
	"rule": "Taylor",
	"data": {
		"AC": {
			"i": [1,0.9380704081,0.8518107671,0.7531608736,0.6553873746,0.5693977511,0.4955459943,0.4300545278,0.3714193419,0.3184647972,0.2727438141,0.2309672758,0.1956348507,0.1670470803,0.1446307825,0.1264619036,0.1132294521,0.1010227939,0.09152480368,0.08453239487,0.08072127183],
			"pi": [1,0.8537173557,0.7245682242,0.6233262856,0.5366511664,0.4639120181,0.4047488901,0.3560057122,0.3113825033,0.2729085755,0.2416596865,0.209205096,0.187277604,0.1732137173,0.1632125856,0.1520715322,0.1433553943,0.1364312608,0.1257449224,0.1169101336,0.1140808244],
			"pi_tilde": [1,0.1012119066,0.04666308753,0.03727976499,0.03249013979,0.03204900353,0.03499559979,0.03817127802,0.03023084878,0.03898309813,0.03953904641,0.003491660811,0.01423921583,0.02537156793,0.03733564671,0.03041560312,0.03037365346,0.03723228216,0.01981588446,0.006877334198,0.02424860197],
			"x": [1,0.9590428344,0.8814201807,0.7860085573,0.6847233164,0.5855662058,0.4933450968,0.4116546294,0.3413800905,0.2816908235,0.2322214475,0.1920698423,0.1596863816,0.1336279258,0.11230335,0.09488961385,0.08160334906,0.07121789636,0.06345629803,0.05914006374,0.05692281929],
			"x_tilde": [1,0.6973302465,0.453386725,0.2791836128,0.1613364297,0.08097527321,0.02635942173,-0.006700962364,-0.0252667901,-0.02775172709,-0.02996589578,-0.02269387735,-0.01683151865,-0.01374677179,-0.004356022755,-0.004196855046,-0.001140565079,-0.001052939453,-0.01442478224,-0.0121525174,-0.01021709265],
			"r_n": [1,0.854707066,0.7288812246,0.6189006034,0.5226232154,0.4372807386,0.3627550823,0.300015697,0.2472693465,0.2054462485,0.1676898378,0.1386821181,0.1125496486,0.08840549973,0.07242027409,0.05486788396,0.04477379241,0.03626403832,0.02632184529,0.02671810346,0.02763147405],
			"u": [1,0.007402819821,-0.001065286665,-0.01202029224,-0.003163875684,-0.004067965403,0.001005967948,-0.001660167292,-0.009778860829,4.155585669e-05,0.004530774828,-0.0297441603,-0.01343730078,-0.004846292891,0.004876780456,0.004866380005,-0.002305893069,0.005738268112,-0.009350115417,-0.02318065619,-0.004371056015],
			"interest": [1,0.9380704081,0.8518107671,0.7531608736,0.6553873746,0.5693977511,0.4955459943,0.4300545278,0.3714193419,0.3184647972,0.2727438141,0.2309672758,0.1956348507,0.1670470803,0.1446307825,0.1264619036,0.1132294521,0.1010227939,0.09152480368,0.08453239487,0.08072127183],
			"inflation": [1,0.9387758783,0.8430509883,0.7330545539,0.6254675573,0.5356078681,0.4619384994,0.4003181361,0.3481352015,0.3017816315,0.2633486103,0.2303779352,0.2041165708,0.1836156,0.1670080277,0.153120049,0.1425733586,0.1323009912,0.12345456,0.1160571141,0.109871159],
			"inflationq": [1,0.8537173557,0.7245682242,0.6233262856,0.5366511664,0.4639120181,0.4047488901,0.3560057122,0.3113825033,0.2729085755,0.2416596865,0.209205096,0.187277604,0.1732137173,0.1632125856,0.1520715322,0.1433553943,0.1364312608,0.1257449224,0.1169101336,0.1140808244],
			"outputgap": [1,0.9590428344,0.8814201807,0.7860085573,0.6847233164,0.5855662058,0.4933450968,0.4116546294,0.3413800905,0.2816908235,0.2322214475,0.1920698423,0.1596863816,0.1336279258,0.11230335,0.09488961385,0.08160334906,0.07121789636,0.06345629803,0.05914006374,0.05692281929],
			"output": [1,0.9590428344,0.8814201807,0.7860085573,0.6847233164,0.5855662058,0.4933450968,0.4116546294,0.3413800905,0.2816908235,0.2322214475,0.1920698423,0.1596863816,0.1336279258,0.11230335,0.09488961385,0.08160334906,0.07121789636,0.06345629803,0.05914006374,0.05692281929],
			"inflationql": [1,0.8621082533,0.729428332,0.619619185,0.5313976333,0.4587985125,0.3983095888,0.34904635,0.3063295804,0.2668901677,0.2328626543,0.2009309264,0.1791999447,0.1649076177,0.1519051537,0.1396742498,0.1306493601,0.122678118,0.1130910217,0.1037652233,0.09942887751],
			"inflationql2": [1,0.8684709789,0.7394635268,0.625145383,0.5315471412,0.4572393528,0.3961422326,0.3462055047,0.3032215101,0.2639614959,0.2289003875,0.1951108612,0.1740899617,0.15878839,0.1451535685,0.1321143062,0.1209834642,0.1127568499,0.1017067116,0.09313238693,0.08807899502],
			"inflationqls": [1,0.9137745813,0.7774788508,0.6584452866,0.5618568174,0.4830472113,0.4183544841,0.364643248,0.3194076066,0.2773744952,0.2404914384,0.2084247201,0.1850695158,0.1685308441,0.1541942268,0.1411834628,0.1313795251,0.1217303099,0.1122912342,0.1040885044,0.09815111056]
		},
		"VAR": {
			"i": 13.85068016,
			"pi": 9.151222009,
			"pi_tilde": 1.514628839,
			"x": 268.5045982,
			"x_tilde": 2.968850687,
			"r_n": 10.51235309,
			"u": 1.276799613,
			"interest": 221.6108826,
			"inflation": 125.55083,
			"inflationq": 146.4195521,
			"outputgap": 268.5045982,
			"output": 268.5045982,
			"inflationql": 142.0700281,
			"inflationql2": 139.1118816,
			"inflationqls": 538.324831
		},
		"IRF": {
			"interest_": {
				"i": [0,0.2436128186,-0.004702805231,-0.003687988861,-0.00316295684,-0.002889320984,-0.002711836134,-0.00259844907,-0.002527129285,-0.002482856761,-0.002455462664,-0.002438143848,-0.00242642045,-0.00241740616,-0.002409298865,-0.002401026375,-0.002392001113,-0.00238195121,-0.002370805011,-0.002358612824,-0.002345494533],
				"pi": [0,-0.0003058081541,-0.0007878964648,-0.001177539176,-0.00149194004,-0.001744852782,-0.001947443821,-0.002108749688,-0.002236121432,-0.002335566843,-0.002412016103,-0.002469529543,-0.002511461358,-0.002540589548,-0.002559219768,-0.002569268878,-0.002572332549,-0.002569740294,-0.002562600464,-0.002551837219,-0.002538221024],
				"pi_tilde": [0,-0.0003058081541,-0.0005172562484,-0.0004802508048,-0.000449817869,-0.0004244858465,-0.0004032491094,-0.0003852619066,-0.0003698779579,-0.0003565993757,-0.0003450394464,-0.000334895292,-0.000325927713,-0.000317946246,-0.0003107980183,-0.0003043593824,-0.0002985295922,-0.0002932259882,-0.0002883803037,-0.0002839358086,-0.000279845085],
				"x": [0,-0.05018002713,-0.03434132799,-0.02269017951,-0.01401410321,-0.007507882484,-0.002609361615,0.001091366435,0.003894468894,0.00602079127,0.007633660889,0.008854550977,0.009774357944,0.01046154037,0.01096800973,0.01133340766,0.01158822333,0.01175607479,0.01185538647,0.01190062899,0.01190324074],
				"x_tilde": [0,-0.0600269681,0.003986352376,0.00295074281,0.002267813444,0.001792806018,0.001446463858,0.001192614357,0.001005424335,0.0008664187453,0.0007623591445,0.0006837430123,0.0006237356391,0.0005774095083,0.0005412023192,0.0005125305254,0.0004895135313,0.0004707766645,0.0004553102594,0.0004423687316,0.000431398178],
				"r_n": [0,4.123359969e-18,6.644392332e-18,5.880333414e-18,3.304375193e-18,3.269737658e-18,3.085538298e-18,2.554460784e-18,2.353502729e-18,1.683325061e-18,1.328405435e-18,1.809481372e-18,1.633535589e-18,1.122286476e-18,8.737034726e-20,-1.874193744e-19,3.834390354e-19,1.161352644e-18,6.224967224e-19,-2.017528377e-20,2.481266439e-19],
				"u": [0,-1.064962929e-19,9.923917817e-20,-7.601785937e-20,-2.179796288e-20,-1.029000767e-19,-1.607714481e-19,-1.595928181e-19,-1.56324673e-19,4.289419336e-20,1.064176723e-19,-2.48617927e-20,2.010229614e-19,7.379658363e-20,-1.700518286e-19,4.385362096e-20,2.99084192e-19,7.151083147e-20,1.845011708e-19,2.646755511e-19,-2.959258431e-19],
				"interest": [0,0.9744512742,-0.01881122093,-0.01475195545,-0.01265182736,-0.01155728394,-0.01084734454,-0.01039379628,-0.01010851714,-0.009931427043,-0.009821850655,-0.009752575392,-0.009705681798,-0.00966962464,-0.009637195462,-0.009604105498,-0.009568004452,-0.009527804841,-0.009483220042,-0.009434451294,-0.009381978131],
				"inflation": [0,-0.0003058081541,-0.001093704619,-0.002271243795,-0.003763183835,-0.005202228463,-0.006361775819,-0.007292986331,-0.008037167724,-0.008627881785,-0.009092454066,-0.009453233921,-0.009728573847,-0.009933596552,-0.01008080022,-0.01018053955,-0.01024141074,-0.01027056149,-0.01027394218,-0.01025651053,-0.010222399],