{
	"model": "US_MI07",
	"rule": "Model",
	"data": {
		"AC": {
			"i": [1,0.9784521783,0.934303458,0.8731785439,0.8006374383,0.7217208232,0.6407022491,0.5609890789,0.4851260337,0.4148644353,0.3512687182,0.2948392146,0.2456364759,0.2033974753,0.1676379941,0.1377384704,0.1130127064,0.09276025799,0.07630419831,0.06301640186,0.05233264044],
			"pi": [1,0.8581977306,0.72817736,0.6145546584,0.516098413,0.4314322586,0.3591678922,0.2979336817,0.2464019039,0.2033129692,0.1674946198,0.1378753117,0.1134918436,0.09349181507,0.07713178248,0.06377208622,0.05286930769,0.04396722909,0.03668703895,0.03071738151,0.02580470344],
			"pi_tilde": [1,0.003492172842,-0.01847658571,-0.02003984697,-0.02035777125,-0.01994546309,-0.01896823499,-0.01758598016,-0.01594629665,-0.01417653645,-0.01238020212,-0.01063647875,-0.009001813479,-0.007512696367,-0.0061890117,-0.005037512119,-0.004055117137,-0.003231855221,-0.002553357329,-0.002002873947,-0.001562831223],
			"x": [1,0.9537505545,0.8514420179,0.7204970826,0.5806276301,0.4451991494,0.3225441034,0.2171555869,0.1307238032,0.06300095277,0.01249630547,-0.02298620799,-0.04594939022,-0.05892181791,-0.06427272039,-0.06410201618,-0.06018693611,-0.05396927685,-0.04657010577,-0.03882143727,-0.03130687167],
			"x_tilde": [1,0.6840500949,0.433720454,0.2427350794,0.1030927483,0.00618193879,-0.05645007746,-0.0925994169,-0.109119696,-0.1117950054,-0.1053261941,-0.09339289011,-0.07876144533,-0.06341608685,-0.04869674781,-0.03543222778,-0.02406150209,-0.0147392245,-0.007423857752,-0.001948546561,0.001924052003],
			"r_n": [1,0.87,0.7569,0.658503,0.57289761,0.4984209207,0.433626201,0.3772547949,0.3282116715,0.2855441542,0.2484234142,0.2161283703,0.1880316822,0.1635875635,0.1423211803,0.1238194268,0.1077229013,0.09371892416,0.08153546402,0.0709358537,0.06171419272],
			"u": [1,0.02,0.0004,8e-06,1.6e-07,3.2e-09,6.4e-11,1.28e-12,2.56e-14,5.12e-16,1.024e-17,2.048e-19,4.096e-21,8.192e-23,1.6384e-24,3.2768e-26,6.5536e-28,1.31072e-29,2.62144e-31,5.24288e-33,1.048576e-34],
			"interest": [1,0.9784521783,0.934303458,0.8731785439,0.8006374383,0.7217208232,0.6407022491,0.5609890789,0.4851260337,0.4148644353,0.3512687182,0.2948392146,0.2456364759,0.2033974753,0.1676379941,0.1377384704,0.1130127064,0.09276025799,0.07630419831,0.06301640186,0.05233264044],
			"inflation": [1,0.963591799,0.8767428271,0.7621300057,0.6420264103,0.5380393596,0.4489982201,0.3732996527,0.3093806765,0.2557533561,0.2110266518,0.1739224286,0.1432853719,0.1180871458,0.0974255644,0.08051976318,0.06670240563,0.05540990843,0.04617155045,0.038598183,0.03237110129],
			"inflationq": [1,0.8581977306,0.72817736,0.6145546584,0.516098413,0.4314322586,0.3591678922,0.2979336817,0.2464019039,0.2033129692,0.1674946198,0.1378753117,0.1134918436,0.09349181507,0.07713178248,0.06377208622,0.05286930769,0.04396722909,0.03668703895,0.03071738151,0.02580470344],
			"outputgap": [1,0.9537505545,0.8514420179,0.7204970826,0.5806276301,0.4451991494,0.3225441034,0.2171555869,0.1307238032,0.06300095277,0.01249630547,-0.02298620799,-0.04594939022,-0.05892181791,-0.06427272039,-0.06410201618,-0.06018693611,-0.05396927685,-0.04657010577,-0.03882143727,-0.03130687167],
			"AUX_ENDO_LEAD_70": [1,0.849246891,0.7172780051,0.6027361752,0.5040848267,0.4197640371,0.3482229001,0.2879513515,0.2375092037,0.1955497319,0.1608366641,0.1322544816,0.1088126076,0.08964442977,0.07400226067,0.06124934765,0.05084995684,0.04235841556,0.03540783336,0.02969905526,0.02499024458],
			"AUX_ENDO_LEAD_74": [1,0.8451641013,0.7105949507,0.5945470138,0.4952393575,0.410892454,0.3397654521,0.2801909067,0.2306035405,0.1895614577,0.155759541,0.1280355986,0.1053703107,0.08688223814,0.07181918886,0.05954715252,0.04953785825,0.04135582253,0.03464556083,0.0291194529,0.02454658948],
			"AUX_ENDO_LEAD_78": [1,0.8412339297,0.7041764778,0.5867735068,0.4869651142,0.4027290899,0.3321221521,0.2733146233,0.2246164604,0.1844941548,0.1515790635,0.1246683339,0.1027198736,0.08484287689,0.07028533448,0.05841978145,0.04872832237,0.04078774731,0.03425533672,0.02885576029,0.02436931243],
			"AUX_ENDO_LEAD_105": [1,0.9236400467,0.8061962995,0.6705466579,0.5327872863,0.4035087544,0.2889972324,0.1923073929,0.1141802509,0.05379848307,0.009385008683,-0.02134103083,-0.04083217714,-0.0514839432,-0.05548915814,-0.05475650098,-0.05087656236,-0.04512132917,-0.0384656025,-0.03162134251,-0.02507816421],
			"AUX_ENDO_LEAD_109": [1,0.8951663746,0.7641689694,0.6251578457,0.4905239948,0.3680587953,0.2620203755,0.1740683263,0.104050021,0.05063729495,0.01182254302,-0.01471050959,-0.03132302843,-0.04024513116,-0.043469365,-0.04269687503,-0.03932176367,-0.03444156866,-0.02888418424,-0.0232437706,-0.0179201527],
			"AUX_ENDO_LEAD_113": [1,0.8748124503,0.7353212615,0.5956178608,0.4649937568,0.3489638181,0.2501906156,0.1692823251,0.1054544388,0.05705788709,0.02198413869,-0.002037598288,-0.01723395801,-0.02565448189,-0.02909589641,-0.02906908981,-0.02679639418,-0.02322899844,-0.01907645537,-0.01484218661,-0.0108605736],
			"AUX_ENDO_LAG_9_1": [1,0.8581977306,0.72817736,0.6145546584,0.516098413,0.4314322586,0.3591678922,0.2979336817,0.2464019039,0.2033129692,0.1674946198,0.1378753117,0.1134918436,0.09349181507,0.07713178248,0.06377208622,0.05286930769,0.04396722909,0.03668703895,0.03071738151,0.02580470344],
			"AUX_ENDO_LAG_9_2": [1,0.8581977306,0.72817736,0.6145546584,0.516098413,0.4314322586,0.3591678922,0.2979336817,0.2464019039,0.2033129692,0.1674946198,0.1378753117,0.1134918436,0.09349181507,0.07713178248,0.06377208622,0.05286930769,0.04396722909,0.03668703895,0.03071738151,0.02580470344],
			"AUX_ENDO_LAG_10_1": [1,0.9537505545,0.8514420179,0.7204970826,0.5806276301,0.4451991494,0.3225441034,0.2171555869,0.1307238032,0.06300095277,0.01249630547,-0.02298620799,-0.04594939022,-0.05892181791,-0.06427272039,-0.06410201618,-0.06018693611,-0.05396927685,-0.04657010577,-0.03882143727,-0.03130687167],
			"AUX_ENDO_LAG_10_2": [1,0.9537505545,0.8514420179,0.7204970826,0.5806276301,0.4451991494,0.3225441034,0.2171555869,0.1307238032,0.06300095277,0.01249630547,-0.02298620799,-0.04594939022,-0.05892181791,-0.06427272039,-0.06410201618,-0.06018693611,-0.05396927685,-0.04657010577,-0.03882143727,-0.03130687167],
			"AUX_ENDO_LAG_10_3": [1,0.9537505545,0.8514420179,0.7204970826,0.5806276301,0.4451991494,0.3225441034,0.2171555869,0.1307238032,0.06300095277,0.01249630547,-0.02298620799,-0.04594939022,-0.05892181791,-0.06427272039,-0.06410201618,-0.06018693611,-0.05396927685,-0.04657010577,-0.03882143727,-0.03130687167],
			"AUX_ENDO_LAG_7_1": [1,0.9784521783,0.934303458,0.8731785439,0.8006374383,0.7217208232,0.6407022491,0.5609890789,0.4851260337,0.4148644353,0.3512687182,0.2948392146,0.2456364759,0.2033974753,0.1676379941,0.1377384704,0.1130127064,0.09276025799,0.07630419831,0.06301640186,0.05233264044],
			"AUX_ENDO_LAG_7_2": [1,0.9784521783,0.934303458,0.8731785439,0.8006374383,0.7217208232,0.6407022491,0.5609890789,0.4851260337,0.4148644353,0.3512687182,0.2948392146,0.2456364759,0.2033974753,0.1676379941,0.1377384704,0.1130127064,0.09276025799,0.07630419831,0.06301640186,0.05233264044],
			"AUX_ENDO_LAG_7_3": [1,0.9784521783,0.934303458,0.8731785439,0.8006374383,0.7217208232,0.6407022491,0.5609890789,0.4851260337,0.4148644353,0.3512687182,0.2948392146,0.2456364759,0.2033974753,0.1676379941,0.1377384704,0.1130127064,0.09276025799,0.07630419831,0.06301640186,0.05233264044],
			"AUX_ENDO_LAG_9_3": [1,0.8581977306,0.72817736,0.6145546584,0.516098413,0.4314322586,0.3591678922,0.2979336817,0.2464019039,0.2033129692,0.1674946198,0.1378753117,0.1134918436,0.09349181507,0.07713178248,0.06377208622,0.05286930769,0.04396722909,0.03668703895,0.03071738151,0.02580470344]
		},
		"VAR": {
			"i": 4.144955818,
			"pi": 5.031695611,
			"pi_tilde": 1.329449541,
			"x": 260.9983949,
			"x_tilde": 5.339141211,
			"r_n": 11.47223365,
			"u": 1.323029212,
			"interest": 66.31929309,
			"inflation": 66.87629223,
			"inflationq": 80.50712978,
			"outputgap": 260.9983949,
			"AUX_ENDO_LEAD_70": 59.36161648,