{
	"model": "US_MI07",
	"rule": "GR",
	"data": {
		"AC": {
			"i": [1,0.9731382674,0.9106614922,0.8238707476,0.7258600557,0.6281306024,0.5370704849,0.455701485,0.3849700351,0.3246196166,0.2737617767,0.231236212,0.1958268452,0.1663822848,0.1418748757,0.1214219484,0.1042851433,0.08985816467,0.07764946794,0.06726376553,0.05838450587],
			"pi": [1,0.8305220138,0.6800469583,0.5534469642,0.4482315047,0.3616350459,0.290949487,0.2336512625,0.1874705846,0.1504206648,0.120799671,0.09717540759,0.07836017212,0.06338108912,0.05144949321,0.04193161443,0.03432185273,0.02821925306,0.02330734268,0.0193372107,0.01611355042],
			"pi_tilde": [1,-0.01862682211,-0.03874766372,-0.03705599811,-0.03368428828,-0.02968867254,-0.02554264819,-0.02154843104,-0.01788443129,-0.01464007353,-0.01184392867,-0.009485425177,-0.007530887177,-0.005934881958,-0.004647877708,-0.003621118311,-0.002809479549,-0.002172918727,-0.001676987692,-0.001292757023,-0.0009963995919],
			"x": [1,0.9720395189,0.9062476683,0.8177115992,0.7183967345,0.6172031769,0.5202304315,0.4312566026,0.3522698642,0.2839635221,0.2261547376,0.1781155901,0.1388206414,0.1071224589,0.08186897855,0.06197630378,0.04646891945,0.034497183,0.02533980175,0.0183970667,0.01317898474],
			"x_tilde": [1,0.7432727679,0.5228081413,0.3418110108,0.2008874214,0.09726679552,0.0253364453,-0.02135304877,-0.04896524736,-0.0628433882,-0.06732820828,-0.06577252496,-0.0606538395,-0.05372493608,-0.04616813035,-0.03873532875,-0.03186625854,-0.02578319677,-0.02056374326,-0.01619467253,-0.01261035783],
			"r_n": [1,0.87,0.7569,0.658503,0.57289761,0.4984209207,0.433626201,0.3772547949,0.3282116715,0.2855441542,0.2484234142,0.2161283703,0.1880316822,0.1635875635,0.1423211803,0.1238194268,0.1077229013,0.09371892416,0.08153546402,0.0709358537,0.06171419272],
			"u": [1,0.02,0.0004,8e-06,1.6e-07,3.2e-09,6.4e-11,1.28e-12,2.56e-14,5.12e-16,1.024e-17,2.048e-19,4.096e-21,8.192e-23,1.6384e-24,3.2768e-26,6.5536e-28,1.31072e-29,2.62144e-31,5.24288e-33,1.048576e-34],
			"interest": [1,0.9731382674,0.9106614922,0.8238707476,0.7258600557,0.6281306024,0.5370704849,0.455701485,0.3849700351,0.3246196166,0.2737617767,0.231236212,0.1958268452,0.1663822848,0.1418748757,0.1214219484,0.1042851433,0.08985816467,0.07764946794,0.06726376553,0.05838450587],
			"inflation": [1,0.9569274563,0.8556230965,0.7239447338,0.5889314814,0.4766350686,0.3844532762,0.3093631309,0.2485834295,0.1996419776,0.1603939475,0.1290146102,0.1039764677,0.08401802916,0.0681093075,0.0554173961,0.04527418449,0.037147334,0.03061498393,0.02534423423,0.02107319147],
			"inflationq": [1,0.8305220138,0.6800469583,0.5534469642,0.4482315047,0.3616350459,0.290949487,0.2336512625,0.1874705846,0.1504206648,0.120799671,0.09717540759,0.07836017212,0.06338108912,0.05144949321,0.04193161443,0.03432185273,0.02821925306,0.02330734268,0.0193372107,0.01611355042],
			"outputgap": [1,0.9720395189,0.9062476683,0.8177115992,0.7183967345,0.6172031769,0.5202304315,0.4312566026,0.3522698642,0.2839635221,0.2261547376,0.1781155901,0.1388206414,0.1071224589,0.08186897855,0.06197630378,0.04646891945,0.034497183,0.02533980175,0.0183970667,0.01317898474],
			"AUX_ENDO_LEAD_70": [1,0.8236462367,0.6745371123,0.5499832861,0.4469252784,0.3623314584,0.2933517853,0.2374044362,0.1922155335,0.1558264839,0.126580414,0.103096374,0.08423754107,0.06907767741,0.05686857114,0.04701006144,0.03902345221,0.03252858117,0.02722447049,0.02287328526,0.01928722628],
			"AUX_ENDO_LEAD_74": [1,0.8244414516,0.6769755653,0.5542497973,0.4528967238,0.3697188191,0.3017960009,0.2465385795,0.2017019499,0.1653761367,0.1359602064,0.1121288315,0.09279604378,0.07707946661,0.06426700458,0.05378703659,0.0451825197,0.03808899902,0.03221627216,0.02733332655,0.02325611594],
			"AUX_ENDO_LEAD_78": [1,0.8271716115,0.6824162782,0.5620737141,0.4626253199,0.3808262582,0.3137748799,0.2589375316,0.2141434496,0.177561126,0.1476645468,0.123195196,0.1031237451,0.08661384961,0.07298939673,0.06170579489,0.05232540756,0.0444969288,0.03793833166,0.03242294543,0.02776820282],
			"AUX_ENDO_LEAD_105": [1,0.9535041828,0.8759944853,0.7811462634,0.6796334672,0.5791403649,0.4847363374,0.3993903779,0.3244942962,0.2603287909,0.206446109,0.1619655368,0.1257896153,0.09675395425,0.07372462946,0.05565619041,0.04162141109,0.03082174432,0.02258535718,0.0163578078,0.01168893321],
			"AUX_ENDO_LEAD_109": [1,0.93120889,0.8396531104,0.7374117143,0.6334748964,0.5340008329,0.4427982662,0.3618637273,0.2918827079,0.2326538917,0.1834247191,0.1431423742,0.1106317393,0.08471436102,0.06428220362,0.04833833933,0.03601458009,0.02657387624,0.01940333936,0.0140020952,0.009966856042],
			"AUX_ENDO_LEAD_113": [1,0.9096134317,0.8047585648,0.6957260885,0.5897537532,0.4914762491,0.4034772366,0.3268269852,0.2615495831,0.2069997723,0.1621495964,0.1257950805,0.09669708788,0.07367093464,0.05563798674,0.04165033942,0.03089739221,0.02270100517,0.01650409935,0.01185609078,0.008397407511],
			"AUX_ENDO_LAG_9_1": [1,0.8305220138,0.6800469583,0.5534469642,0.4482315047,0.3616350459,0.290949487,0.2336512625,0.1874705846,0.1504206648,0.120799671,0.09717540759,0.07836017212,0.06338108912,0.05144949321,0.04193161443,0.03432185273,0.02821925306,0.02330734268,0.0193372107,0.01611355042],
			"AUX_ENDO_LAG_9_2": [1,0.8305220138,0.6800469583,0.5534469642,0.4482315047,0.3616350459,0.290949487,0.2336512625,0.1874705846,0.1504206648,0.120799671,0.09717540759,0.07836017212,0.06338108912,0.05144949321,0.04193161443,0.03432185273,0.02821925306,0.02330734268,0.0193372107,0.01611355042],
			"AUX_ENDO_LAG_10_1": [1,0.9720395189,0.9062476683,0.8177115992,0.7183967345,0.6172031769,0.5202304315,0.4312566026,0.3522698642,0.2839635221,0.2261547376,0.1781155901,0.1388206414,0.1071224589,0.08186897855,0.06197630378,0.04646891945,0.034497183,0.02533980175,0.0183970667,0.01317898474],
			"AUX_ENDO_LAG_10_2": [1,0.9720395189,0.9062476683,0.8177115992,0.7183967345,0.6172031769,0.5202304315,0.4312566026,0.3522698642,0.2839635221,0.2261547376,0.1781155901,0.1388206414,0.1071224589,0.08186897855,0.06197630378,0.04646891945,0.034497183,0.02533980175,0.0183970667,0.01317898474],
			"AUX_ENDO_LAG_10_3": [1,0.9720395189,0.9062476683,0.8177115992,0.7183967345,0.6172031769,0.5202304315,0.4312566026,0.3522698642,0.2839635221,0.2261547376,0.1781155901,0.1388206414,0.1071224589,0.08186897855,0.06197630378,0.04646891945,0.034497183,0.02533980175,0.0183970667,0.01317898474],
			"AUX_ENDO_LAG_7_1": [1,0.9731382674,0.9106614922,0.8238707476,0.7258600557,0.6281306024,0.5370704849,0.455701485,0.3849700351,0.3246196166,0.2737617767,0.231236212,0.1958268452,0.1663822848,0.1418748757,0.1214219484,0.1042851433,0.08985816467,0.07764946794,0.06726376553,0.05838450587],
			"AUX_ENDO_LAG_7_2": [1,0.9731382674,0.9106614922,0.8238707476,0.7258600557,0.6281306024,0.5370704849,0.455701485,0.3849700351,0.3246196166,0.2737617767,0.231236212,0.1958268452,0.1663822848,0.1418748757,0.1214219484,0.1042851433,0.08985816467,0.07764946794,0.06726376553,0.05838450587],
			"AUX_ENDO_LAG_7_3": [1,0.9731382674,0.9106614922,0.8238707476,0.7258600557,0.6281306024,0.5370704849,0.455701485,0.3849700351,0.3246196166,0.2737617767,0.231236212,0.1958268452,0.1663822848,0.1418748757,0.1214219484,0.1042851433,0.08985816467,0.07764946794,0.06726376553,0.05838450587],
			"AUX_ENDO_LAG_9_3": [1,0.8305220138,0.6800469583,0.5534469642,0.4482315047,0.3616350459,0.290949487,0.2336512625,0.1874705846,0.1504206648,0.120799671,0.09717540759,0.07836017212,0.06338108912,0.05144949321,0.04193161443,0.03432185273,0.02821925306,0.02330734268,0.0193372107,0.01611355042]
		},
		"VAR": {
			"i": 7.190416868,
			"pi": 3.975608559,
			"pi_tilde": 1.245164718,
			"x": 702.5571704,
			"x_tilde": 6.162089864,
			"r_n": 11.47223365,
			"u": 1.323029212,
			"interest": 115.0466699,
			"inflation": 50.92839581,
			"inflationq": 63.60973695,
			"outputgap": 702.5571704,
			"AUX_ENDO_LEAD_70": 44.12290722,
			"AUX_ENDO_LEAD_74": 30.12112544,
			"AUX_ENDO_LEAD_78": 20.61721578,
			"AUX_ENDO_LEAD_105": 683.6173781,