{
	"model": "US_MI07",
	"rule": "OW13",
	"data": {
		"AC": {
			"i": [1,0.9697453292,0.8969067684,0.7989425984,0.6943377567,0.5961903455,0.5087857386,0.4324179114,0.3660599892,0.3084922616,0.258614758,0.2154824634,0.1782776432,0.1462825167,0.1188615009,0.09544994526,0.07554603768,0.05870417066,0.04452910684,0.03267073261,0.0228193267],
			"pi": [1,0.8290834512,0.6712331207,0.5321805066,0.4105938317,0.3049733353,0.2138533196,0.1358365963,0.0696070394,0.01393328545,-0.03233091506,-0.07024771633,-0.1007969757,-0.1248786592,-0.1433157575,-0.1568576157,-0.1661835749,-0.1719068326,-0.1745784373,-0.1746913452,-0.17268448],
			"pi_tilde": [1,-0.001897005985,-0.02457319906,-0.02666458027,-0.02755356813,-0.02786929082,-0.02776968761,-0.02734846354,-0.02667111555,-0.02579020411,-0.02475088432,-0.02359260342,-0.0223496602,-0.02105157597,-0.01972348974,-0.01838657926,-0.01705847903,-0.01575367684,-0.01448388194,-0.01325836326,-0.01208425861],
			"x": [1,0.9909147234,0.969108854,0.9384735592,0.9016126382,0.8602699136,0.8157577892,0.769149715,0.7213540588,0.6731410652,0.6251569518,0.5779358412,0.5319116216,0.4874295477,0.444757191,0.4040945386,0.3655831921,0.3293146904,0.2953380031,0.2636662476,0.2342826841],
			"x_tilde": [1,0.5482915742,0.2517626269,0.09392070701,0.03692870224,0.0197346006,0.01457254761,0.0116296449,0.008698250187,0.005720854877,0.002949338458,0.000526719627,-0.001514673469,-0.003195768217,-0.004554039671,-0.00562839577,-0.006454820148,-0.007065795804,-0.007490614854,-0.007755723147,-0.00788496695],
			"r_n": [1,0.87,0.7569,0.658503,0.57289761,0.4984209207,0.433626201,0.3772547949,0.3282116715,0.2855441542,0.2484234142,0.2161283703,0.1880316822,0.1635875635,0.1423211803,0.1238194268,0.1077229013,0.09371892416,0.08153546402,0.0709358537,0.06171419272],
			"u": [1,0.02,0.0004,8e-06,1.6e-07,3.2e-09,6.4e-11,1.28e-12,2.56e-14,5.12e-16,1.024e-17,2.048e-19,4.096e-21,8.192e-23,1.6384e-24,3.2768e-26,6.5536e-28,1.31072e-29,2.62144e-31,5.24288e-33,1.048576e-34],
			"interest": [1,0.9697453292,0.8969067684,0.7989425984,0.6943377567,0.5961903455,0.5087857386,0.4324179114,0.3660599892,0.3084922616,0.258614758,0.2154824634,0.1782776432,0.1462825167,0.1188615009,0.09544994526,0.07554603768,0.05870417066,0.04452910684,0.03267073261,0.0228193267],
			"inflation": [1,0.9536768546,0.8428279045,0.6960321453,0.5414210314,0.4063339188,0.2895644607,0.1893934766,0.1041755478,0.03236421558,-0.02748306698,-0.07670463602,-0.1165363634,-0.1481144665,-0.1724790161,-0.190577969,-0.2032716026,-0.2113372382,-0.215474151,-0.2163085765,-0.2143987368],
			"inflationq": [1,0.8290834512,0.6712331207,0.5321805066,0.4105938317,0.3049733353,0.2138533196,0.1358365963,0.0696070394,0.01393328545,-0.03233091506,-0.07024771633,-0.1007969757,-0.1248786592,-0.1433157575,-0.1568576157,-0.1661835749,-0.1719068326,-0.1745784373,-0.1746913452,-0.17268448],
			"outputgap": [1,0.9909147234,0.969108854,0.9384735592,0.9016126382,0.8602699136,0.8157577892,0.769149715,0.7213540588,0.6731410652,0.6251569518,0.5779358412,0.5319116216,0.4874295477,0.444757191,0.4040945386,0.3655831921,0.3293146904,0.2953380031,0.2636662476,0.2342826841],
			"AUX_ENDO_LEAD_70": [1,0.8256388769,0.6709859854,0.5347890504,0.4155644795,0.3118409149,0.2222022399,0.1453042937,0.07988090653,0.02474588939,-0.02120663822,-0.05900287923,-0.08959075311,-0.1138419488,-0.1325545289,-0.1464559721,-0.1562065451,-0.1624029068,-0.1655818607,-0.1662241852,-0.16475848],
			"AUX_ENDO_LEAD_74": [1,0.8355642558,0.6892594637,0.5597906122,0.4458373237,0.3461060939,0.2593520257,0.1843881144,0.1200898029,0.06539757343,0.01931838167,-0.01907385739,-0.05063862314,-0.07616987025,-0.09639771335,-0.1119905953,-0.12355783,-0.1316524234,-0.1367740905,-0.1393723974,-0.1398499693],
			"AUX_ENDO_LEAD_78": [1,0.855729085,0.7259218746,0.6096743743,0.5060595733,0.4141545617,0.3330539393,0.261877993,0.1997786719,0.1459442246,0.09960270852,0.0600244688,0.02652369605,-0.001540814788,-0.02476557969,-0.04370290015,-0.0588617941,-0.07070929235,-0.07967202139,-0.08613800344,-0.09045861434],
			"AUX_ENDO_LEAD_105": [1,0.9877803337,0.9648668298,0.9340584236,0.8973181482,0.856161036,0.8118396536,0.7654207524,0.7178153811,0.669795151,0.6220056319,0.5749793583,0.529148458,0.4848565797,0.4423699321,0.4018873827,0.363549634,0.3274475215,0.2936294856,0.262108269,0.2328668926],
			"AUX_ENDO_LEAD_109": [1,0.9848815523,0.9603662596,0.9285169169,0.8910174944,0.8492924401,0.8045644916,0.7578828579,0.7101414062,0.662094052,0.6143692474,0.5674837442,0.5218554895,0.4778155564,0.435619088,0.395455277,0.3574564237,0.3217061209,0.288246618,0.2570854171,0.2282011531],
			"AUX_ENDO_LEAD_113": [1,0.9813973837,0.9541947544,0.9202163551,0.8810406839,0.8380321533,0.7923653372,0.7450447656,0.6969223339,0.6487132756,0.601011001,0.5543008703,0.5089729172,0.4653335404,0.4236161952,0.3839911256,0.3465741835,0.311434787,0.2786030686,0.2480762669,0.2198244152],
			"AUX_ENDO_LAG_9_1": [1,0.8290834512,0.6712331207,0.5321805066,0.4105938317,0.3049733353,0.2138533196,0.1358365963,0.0696070394,0.01393328545,-0.03233091506,-0.07024771633,-0.1007969757,-0.1248786592,-0.1433157575,-0.1568576157,-0.1661835749,-0.1719068326,-0.1745784373,-0.1746913452,-0.17268448],
			"AUX_ENDO_LAG_9_2": [1,0.8290834512,0.6712331207,0.5321805066,0.4105938317,0.3049733353,0.2138533196,0.1358365963,0.0696070394,0.01393328545,-0.03233091506,-0.07024771633,-0.1007969757,-0.1248786592,-0.1433157575,-0.1568576157,-0.1661835749,-0.1719068326,-0.1745784373,-0.1746913452,-0.17268448],
			"AUX_ENDO_LAG_10_1": [1,0.9909147234,0.969108854,0.9384735592,0.9016126382,0.8602699136,0.8157577892,0.769149715,0.7213540588,0.6731410652,0.6251569518,0.5779358412,0.5319116216,0.4874295477,0.444757191,0.4040945386,0.3655831921,0.3293146904,0.2953380031,0.2636662476,0.2342826841],
			"AUX_ENDO_LAG_10_2": [1,0.9909147234,0.969108854,0.9384735592,0.9016126382,0.8602699136,0.8157577892,0.769149715,0.7213540588,0.6731410652,0.6251569518,0.5779358412,0.5319116216,0.4874295477,0.444757191,0.4040945386,0.3655831921,0.3293146904,0.2953380031,0.2636662476,0.2342826841],
			"AUX_ENDO_LAG_10_3": [1,0.9909147234,0.969108854,0.9384735592,0.9016126382,0.8602699136,0.8157577892,0.769149715,0.7213540588,0.6731410652,0.6251569518,0.5779358412,0.5319116216,0.4874295477,0.444757191,0.4040945386,0.3655831921,0.3293146904,0.2953380031,0.2636662476,0.2342826841],
			"AUX_ENDO_LAG_7_1": [1,0.9697453292,0.8969067684,0.7989425984,0.6943377567,0.5961903455,0.5087857386,0.4324179114,0.3660599892,0.3084922616,0.258614758,0.2154824634,0.1782776432,0.1462825167,0.1188615009,0.09544994526,0.07554603768,0.05870417066,0.04452910684,0.03267073261,0.0228193267],
			"AUX_ENDO_LAG_7_2": [1,0.9697453292,0.8969067684,0.7989425984,0.6943377567,0.5961903455,0.5087857386,0.4324179114,0.3660599892,0.3084922616,0.258614758,0.2154824634,0.1782776432,0.1462825167,0.1188615009,0.09544994526,0.07554603768,0.05870417066,0.04452910684,0.03267073261,0.0228193267],
			"AUX_ENDO_LAG_7_3": [1,0.9697453292,0.8969067684,0.7989425984,0.6943377567,0.5961903455,0.5087857386,0.4324179114,0.3660599892,0.3084922616,0.258614758,0.2154824634,0.1782776432,0.1462825167,0.1188615009,0.09544994526,0.07554603768,0.05870417066,0.04452910684,0.03267073261,0.0228193267],
			"AUX_ENDO_LAG_9_3": [1,0.8290834512,0.6712331207,0.5321805066,0.4105938317,0.3049733353,0.2138533196,0.1358365963,0.0696070394,0.01393328545,-0.03233091506,-0.07024771633,-0.1007969757,-0.1248786592,-0.1433157575,-0.1568576157,-0.1661835749,-0.1719068326,-0.1745784373,-0.1746913452,-0.17268448]
		},
		"VAR": {
			"i": 6.616086513,
			"pi": 4.003714413,
			"pi_tilde": 1.264161981,
			"x": 351.7781327,
			"x_tilde": 1.351267492,
			"r_n": 11.47223365,
			"u": 1.323029212,
			"interest": 105.8573842,
			"inflation": 50.94243824,
			"inflationq": 64.0594306,
			"outputgap": 351.7781327,
			"AUX_ENDO_LEAD_70": 44.74973804,
			"AUX_ENDO_LEAD_74": 31.21711931,
			"AUX_ENDO_LEAD_78": 22.49475655,
			"AUX_ENDO_LEAD_105": 349.4074592,