{
	"model": "US_MI07AL",
	"rule": "LWW",
	"data": {
		"AC": {
			"i": [1,0.88868445,0.8706108109,0.7601631122,0.7211082296,0.6124099189,0.5773618277,0.4751019683,0.4506630343,0.3595447359,0.3421398401,0.2634416435,0.2516483162,0.1884470816,0.184662845,0.1348827337,0.1429101101,0.1052129294,0.1176466435,0.0863932777,0.1024353743],
			"pi": [1,0.7110459418,0.6834851259,0.5071510405,0.4930200385,0.3561125363,0.3651514308,0.2415481384,0.2712683449,0.1710272814,0.198783116,0.1044804274,0.1449135935,0.07220243176,0.1134817612,0.05109968373,0.0971368945,0.05415660659,0.1005928509,0.06022043337,0.1073541292],
			"pi_tilde": [1,0.03169345895,0.1971975769,0.02929217894,0.1689446939,0.03761827575,0.1633055064,0.02459989208,0.1557700313,0.03839978174,0.1553472614,0.004876545366,0.1365019965,0.03335872861,0.1427152262,0.03151012631,0.1335252562,0.0524436667,0.1323852382,0.04257081567,0.1260600141],
			"x": [1,0.9468498349,0.901624391,0.810875461,0.7367949246,0.634878981,0.5585785329,0.4631132534,0.3995991736,0.3203099896,0.2732929434,0.2129641748,0.1821915507,0.1394912267,0.1236760522,0.09490809079,0.09009352888,0.07294842996,0.07838155438,0.07009755507,0.08002353866],
			"x_tilde": [1,0.5798339063,0.5432626875,0.3099798298,0.3239102194,0.1529316404,0.1949492596,0.04682549245,0.1183545266,0.001938603139,0.07038894802,-0.02957993867,0.0507189898,-0.02988176719,0.05517556199,-0.01060975504,0.07008502778,0.01256479083,0.07975298764,0.02614983212,0.09288899155],
			"r_n": [1,0.8434184676,0.7161611425,0.6101353947,0.5141734731,0.4290359064,0.3571898806,0.2966868729,0.2457297536,0.2054777486,0.1694845841,0.1407112455,0.1178432562,0.09686165993,0.08325089193,0.06744571314,0.05892833436,0.05150480713,0.04201928316,0.0392286109,0.03666129718],
			"u": [1,0.01199966719,-0.0004578959885,-0.007319049621,-0.002308639387,-0.00303018225,0.002272639647,-0.006419659206,-0.007570126286,0.002172629407,0.00646041684,-0.02784061925,-0.01060500373,-0.00171700314,0.007105270016,0.000972698044,-0.007077709387,0.002864320197,-0.004991010526,-0.02013460338,-0.004380496523],
			"interest": [1,0.88868445,0.8706108109,0.7601631122,0.7211082296,0.6124099189,0.5773618277,0.4751019683,0.4506630343,0.3595447359,0.3421398401,0.2634416435,0.2516483162,0.1884470816,0.184662845,0.1348827337,0.1429101101,0.1052129294,0.1176466435,0.0863932777,0.1024353743],
			"inflation": [1,0.9073827085,0.814296606,0.6882775117,0.5827227294,0.4813585351,0.4106293006,0.3345727393,0.2879489652,0.2318300751,0.1976110392,0.1525475315,0.1323964879,0.101961713,0.0920429589,0.07611678719,0.07748675791,0.07292227261,0.08072747304,0.0806866563,0.09436840027],
			"inflationq": [1,0.7110459418,0.6834851259,0.5071510405,0.4930200385,0.3561125363,0.3651514308,0.2415481384,0.2712683449,0.1710272814,0.198783116,0.1044804274,0.1449135935,0.07220243176,0.1134817612,0.05109968373,0.0971368945,0.05415660659,0.1005928509,0.06022043337,0.1073541292],
			"outputgap": [1,0.9468498349,0.901624391,0.810875461,0.7367949246,0.634878981,0.5585785329,0.4631132534,0.3995991736,0.3203099896,0.2732929434,0.2129641748,0.1821915507,0.1394912267,0.1236760522,0.09490809079,0.09009352888,0.07294842996,0.07838155438,0.07009755507,0.08002353866],
			"output": [1,0.9468498349,0.901624391,0.810875461,0.7367949246,0.634878981,0.5585785329,0.4631132534,0.3995991736,0.3203099896,0.2732929434,0.2129641748,0.1821915507,0.1394912267,0.1236760522,0.09490809079,0.09009352888,0.07294842996,0.07838155438,0.07009755507,0.08002353866],
			"inflationql": [1,0.8346171094,0.6937205347,0.5870027938,0.4927205336,0.4208670661,0.3555709202,0.3008684749,0.2581814397,0.2196887395,0.1815373823,0.1461746583,0.1246964504,0.1062365331,0.09103237972,0.08297534868,0.07994275376,0.08274992446,0.08202274727,0.08443995651,0.09356285144],
			"inflationql2": [1,0.8570415791,0.7211847524,0.6011190346,0.5040077405,0.4262570968,0.3605704223,0.3054580191,0.2570095167,0.2170121344,0.1806575736,0.1450987517,0.1205365898,0.1034402925,0.08968814874,0.08249642916,0.07825247163,0.07915709522,0.07959273942,0.08354730514,0.09188082304],
			"inflationqls": [1,0.899698588,0.7539287205,0.6305217262,0.5293251847,0.4483555425,0.3781574866,0.3197619542,0.270983891,0.2287159258,0.1892759361,0.153962409,0.1284245873,0.1087534407,0.09357362726,0.08608558659,0.082184594,0.08343021368,0.08361909317,0.08816543166,0.09693413936]
		},
		"VAR": {
			"i": 13.65558191,
			"pi": 8.076530854,
			"pi_tilde": 2.395709058,
			"x": 263.0951392,
			"x_tilde": 2.807749394,
			"r_n": 10.03159544,
			"u": 1.237021542,
			"interest": 218.4893106,
			"inflation": 96.19928886,
			"inflationq": 129.2244937,
			"outputgap": 263.0951392,
			"output": 263.0951392,
			"inflationql": 112.9409933,
			"inflationql2": 107.8910372,
			"inflationqls": 418.9451156
		},
		"IRF": {
			"interest_": {
				"i": [0,0.2333244025,0.1640945904,0.115020181,0.08016665739,0.0553227141,0.0375473687,0.02478276888,0.01558511693,0.008938035308,0.004123267558,0.0006310162261,-0.001902312554,-0.003737405912,-0.005062217577,-0.006013048589,-0.006689320642,-0.007163967479,-0.007490776,-0.007709598859,-0.00785007727],
				"pi": [0,-0.000428323237,-0.001375002935,-0.002552738771,-0.003778238182,-0.00494249363,-0.005986956941,-0.006885524199,-0.007632321771,-0.008233523666,-0.008701944843,-0.009053532009,-0.009305143989,-0.009473201619,-0.009572917698,-0.009617908071,-0.009620047785,-0.009589479833,-0.009534714152,-0.009462775404,-0.009379372386],
				"pi_tilde": [0,-0.000428323237,-0.0009959368704,-0.001335861173,-0.00151906437,-0.001598752838,-0.001612850078,-0.001587067307,-0.001538632854,-0.001478918899,-0.001415276398,-0.001352310824,-0.001292768161,-0.001238149189,-0.001189134265,-0.001145875908,-0.001108199142,-0.001075737543,-0.0010480245,-0.001024553379,-0.001004816154],
				"x": [0,-0.05649252099,-0.08699341353,-0.09998592438,-0.1012797043,-0.09500847677,-0.08410226664,-0.07062141948,-0.05599629591,-0.04120094905,-0.02687953822,-0.01343869573,-0.001115222212,0.009974199959,0.01979647323,0.02837526309,0.0357713658,0.0420684187,0.04736259193,0.0517552509,0.05534783521],
				"x_tilde": [0,-0.06051813868,-0.04219463098,-0.02930244227,-0.0201651793,-0.01367957977,-0.009073297071,-0.005803246706,-0.003486069381,-0.001850191375,-0.0007025009478,9.486164195e-05,0.0006407055931,0.00100612766,0.001242470662,0.001386929383,0.001466515233,0.001500872973,0.001504292013,0.001487150509,0.001456958289],
				"r_n": [0,0,0,0,0,0,0,0,0,0,0,0,0,0,0,0,0,0,0,0,0],
				"u": [0,1.066362112e-19,-1.874709589e-21,-1.867431744e-19,3.129795873e-19,-2.044636578e-19,1.471613311e-19,-8.022098428e-19,1.05237168e-18,8.957681912e-19,2.518860131e-19,8.207432192e-20,-1.035531819e-18,1.350864947e-18,-2.24122381e-18,-9.765964063e-20,-1.253387135e-18,9.493861677e-19,2.40371502e-18,1.20877217e-18,9.27940018e-20],
				"interest": [0,0.93329761,0.6563783615,0.4600807239,0.3206666296,0.2212908564,0.1501894748,0.0991310755,0.06234046772,0.03575214123,0.01649307023,0.002524064904,-0.007609250218,-0.01494962365,-0.02024887031,-0.02405219435,-0.02675728257,-0.02865586992,-0.029963104,-0.03083839543,-0.03140030908],
				"inflation": [0,-0.000428323237,-0.001803326172,-0.004356064943,-0.008134303125,-0.01264847352,-0.01726042752,-0.02159321295,-0.02544729654,-0.02873832658,-0.03145331448,-0.03362132229,-0.03529414451,-0.03653382246,-0.03740479532,-0.03796917138,-0.03828407517,-0.03840035339,-0.03836214984,-0.03820701717,-0.03796634177],
				"inflationq": [0,-0.001713292948,-0.005500011741,-0.01021095508,-0.01511295273,-0.01976997452,-0.02394782776,-0.0275420968,-0.03052928708,-0.03293409467,-0.03480777937,-0.03621412804,-0.03722057596,-0.03789280648,-0.03829167079,-0.03847163228,-0.03848019114,-0.03835791933,-0.03813885661,-0.03785110161,-0.03751748954],